<biog.entry>
<name.id>008K0</name.id>
<name>BYRNE, the Hon. Anthony Michael</name>
<current.mp>Yes</current.mp>
<mp.type>Member</mp.type>
<description>Biography for BYRNE, the Hon. Anthony Michael</description>
<doc.date>23/06/2014</doc.date>
<electorate.name>Member for Holt (Vic)</electorate.name>
<source>Parliamentary Library</source>
<state>VIC</state>
<party>ALP</party>
<title>Biography for BYRNE, the Hon. Anthony Michael</title>
<image>008K0.jpg</image>
<electorate.state.name>Member for Holt (Vic)</electorate.state.name>
<party.name>Australian Labor Party</party.name>
<parliamentary.service>
<title>Parliamentary Service</title>
<para>Elected to the House of Representatives for Holt, Victoria at by-election 6.11.1999 vice the Hon. GJ Evans (resigned). Re-elected 2001, 2004, 2007, 2010 and 2013.</para>
</parliamentary.service>
<ministerial.appointments>
<title>Ministerial Appointments</title>
<para>Parliamentary Secretary to the Prime Minister from 3.12.07 to 14.9.10.</para>
<para>Parliamentary Secretary for Trade from 25.2.09 to 14.9.10.</para>
</ministerial.appointments>
<committee.service>
<title>Committee Service</title>
<para>House of Representatives Standing: Environment and Heritage from 1.6.00 to 8.10.01; Industry and Resources from 20.3.02 to 21.10.02; Members Interests from 2.12.04 to 17.10.07; Science and Innovation from 2.12.04 to 10.5.05; Petitions from 25.10.10.</para>
<para>Joint Statutory: Corporations and Financial Services from 20.3.02 to 31.8.04; Australian Crime Commission from 2.12.04 to 12.9.05; ASIO, ASIS and DSD from 7.3.05 to 2.12.05; Intelligence and Security from 2.12.05 to 17.10.07 and from 18.11.10 (Chair from 18.11.10 to 5.8.13 and Deputy Chair from 12.12.13).</para>
<para>Joint Standing: Treaties from 16.2.00 to 11.2.02; Foreign Affairs, Defence and Trade from 24.9.02 to 31.8.04, from 25.10.10 to 14.3.12 and from 19.9.12 to 5.8.13.</para>
</committee.service>
<parliamentary.party.positions>
<title>Parliamentary Party Positions</title>
<para>Shadow Parliamentary Secretary for Foreign Affairs from 10.12.06 to 3.12.07.</para>
</parliamentary.party.positions>
<party.positions>
<title>Party Positions</title>
<para>President, ALP Endeavour Hills Branch.</para>
<para>Member, ALP Public Office Selection Committee.</para>
<para>Member, ALP Caucus Committee on Security and Defence.</para>
</party.positions>
<personal>
<title>Personal</title>
<para>Born 1.12.1962, Adelaide, SA. </para>
</personal>
<quals.work.pre.parliament>
<title>Qualifications and Occupation before entering Federal Parliament</title>
<para>Chief Executive Officer, Anxiety Disorders Foundation of Australia 1994-96.</para>
<para>Adviser to Senator JMA Collins 1996-99.</para>
</quals.work.pre.parliament>
<electorate>
<title>Electorate</title>
<para>Description: outer metropolitan.</para>
<para>Location: south-eastern Melbourne; it includes the suburbs of Clyde, Clyde North, Cranbourne, Cranbourne East, Cranbourne North, Cranbourne West, Doveton, Endeavour Hills, Eumemmerring, Hallam, Hampton Park, Lynbrook, Lyndhurst, Lysterfield South, Narre Warren, Narre Warren North and Narre Warren South.</para>
<para>Area: 131 sq km (approx.).</para>
<para>Electors enrolled: 102 585 (at 7.9.13).</para>
<para>Industries: retail, service and light industries.</para>
<para>State electorates: Holt includes parts of the Victorian Legislative Assembly electorates of Cranbourne, Dandenong, Narre Warren North, Narre Warren South and Rowville.</para>
</electorate>
</biog.entry>