<biog.entry>
<name.id>008W7</name.id>
<name>BRANDIS, the Hon. George Henry, QC</name>
<current.mp>Yes</current.mp>
<mp.type>Senator</mp.type>
<description>Biography for BRANDIS, the Hon. George Henry, QC</description>
<doc.date>05/01/2015</doc.date>
<electorate.name>
</electorate.name>
<source>Parliamentary Library</source>
<state>QLD</state>
<party>LP</party>
<title>Biography for BRANDIS, the Hon. George Henry, QC</title>
<image>008W7.jpg</image>
<electorate.state.name>Senator for Queensland</electorate.state.name>
<party.name>Liberal Party of Australia</party.name>
<parliamentary.service>
<title>Parliamentary Service</title>
<para>Chosen by the Parliament of Queensland on 16.5.2000 under section 15 of the Constitution to represent that State in the Senate, vice the Hon. WR Parer (resigned)(term ended 30.6.2005). Elected 2004 (term began 1.7.2005) and 2010.</para>
</parliamentary.service>
<parliamentary.appointments>
<title>Parliamentary Appointments</title>
<para>Parliamentary Representative on the Council of the National Library of Australia from 14.3.05 to 21.3.07.</para>
</parliamentary.appointments>
<parliamentary.positions>
<title>Parliamentary Positions</title>
<para>Temporary Chair of Committees from 18.9.02 to 6.2.07.</para>
</parliamentary.positions>
<ministerial.appointments>
<title>Ministerial Appointments</title>
<para>Minister for the Arts and Sport from 30.1.07 to 3.12.07.</para>
<para>Attorney-General from 18.9.13.</para>
<para>Minister for the Arts from 18.9.13.</para>
<para>Vice-President of the Executive Council from 18.9.13.</para>
</ministerial.appointments>
<committee.service>
<title>Committee Service</title>
<para>Senate Standing: House from 8.6.00 to 19.3.02; Regulations and Ordinances from 8.6.00 to 1.7.02; Senators' Interests from 8.6.00 to 19.3.02; Procedure from 1.7.02 to 25.3.03 and from 12.5.10 to 21.3.11; Library from 15.3.05 to 7.12.05; Privileges from 13.2.08 to 14.5.10 and from 1.7.11 to 11.11.13.</para>
<para>Senate Legislative and General Purpose Standing: Community Affairs: Legislation Committee from 8.6.00 to 11.2.02; Employment, Workplace Relations, Small Business and Education: Legislation and References Committees from 8.6.00 to 11.2.02; Employment, Workplace Relations and Education: Legislation and References Committees from 13.2.02 to 19.3.02; Finance and Public Administration: Legislation Committee from 8.6.00 to 11.9.06; Economics: Legislation Committee from 13.2.02 (Chair from 14.2.02) to 11.9.06 and References Committee from 14.2.02 to 11.9.06; Economics from 11.9.06 to 8.2.07; Legal and Constitutional Affairs from 11.9.06 to 8.2.07.</para>
<para>Senate Select: A Certain Maritime Incident from 11.3.02 to 23.10.02; Free Trade Agreement - Australia and the United States of America from 12.2.04 to 5.8.04; Scrafton Evidence from 30.8.04 to 9.12.04.
Joint Statutory: Corporations and Financial Services from 14.2.02 to 28.2.07; Intelligence and Security from 6.7.11 to 5.8.13.</para>
<para>Joint Standing: Electoral Matters from 28.8.02 to 26.2.07; Parliamentary Library from 2.3.06 to 20.3.07.</para>
<para>Joint Select: Constitutional Recognition of Aboriginal and Torres Strait Islander Peoples from 29.11.12 to 5.8.13.</para>
</committee.service>
<parliamentary.party.positions>
<title>Parliamentary Party Positions</title>
<para>Member, Opposition Shadow Ministry from 6.12.07 to 18.9.13. Shadow Attorney-General from 6.12.07 to 18.9.13; Shadow Minister for the Arts from 14.9.10 to 18.9.13.  
</para>
<para>Deputy Leader of the Opposition in the Senate from 3.5.10 to 18.9.13.  
</para>
<para>Deputy Leader of the Government in the Senate from 18.9.13.</para>
</parliamentary.party.positions>
<party.positions>
<title>Party Positions</title>
<para>State President, Young Liberals (Qld) 1981.</para>
<para>Chair, Constitution and Rules Committee, Liberal Party (Qld) 1993-94 and 1999-2000.</para>
<para>Chair, Agenda Committee, Liberal Party (Qld) 1993-95 and 1997-99.</para>
<para>Vice-President, Liberal Party (Qld) 1994-95.</para>
<para>Chair, Ryan Federal Electorate Council 1996-99.</para>
<para>Life Member, Young Liberal Movement.</para>
</party.positions>
<personal>
<title>Personal</title>
<para>Born 22.6.1957, Sydney, NSW.</para>
<para>Divorced.</para>
</personal>
<quals.work.pre.parliament>
<title>Qualifications and Occupation before entering Federal Parliament</title>
<para>BA(Hons), LLB(Hons) (Qld).</para>
<para>BCL (Oxon).</para>
<para>Barrister from 1985.</para>
<para>Appointed Senior Counsel, November 2006; Queen's Counsel, June 2013.</para>
</quals.work.pre.parliament>
<publications>
<title>Publications</title>
<para>Liberals face the future: essays on Australian liberalism (with T Harley and D Markwell), Melbourne: Oxford University Press, 1984.</para>
<para>Australian liberalism: the continuing vision (with Y Thompson and T Harley), Melbourne: The Liberal Forum, 1986.</para>
</publications>
</biog.entry>