<biog.entry>
<name.id>00AKI</name.id>
<name>DUTTON, the Hon. Peter Craig</name>
<current.mp>Yes</current.mp>
<mp.type>Member</mp.type>
<description>Biography for DUTTON, the Hon. Peter Craig</description>
<doc.date>05/01/2015</doc.date>
<electorate.name>Dickson</electorate.name>
<source>Parliamentary Library</source>
<state>QLD</state>
<party>LP</party>
<title>Biography for DUTTON, the Hon. Peter Craig</title>
<image>00AKI.JPG</image>
<electorate.state.name>Member for Dickson (Qld)</electorate.state.name>
<party.name>Liberal Party of Australia</party.name>
<parliamentary.service>
<title>Parliamentary Service</title>
<para>Elected to the House of Representatives for Dickson, Queensland, 2001, 2004, 2007, 2010 and 2013.</para>
</parliamentary.service>
<ministerial.appointments>
<title>Ministerial Appointments</title>
<para>Minister for Workforce Participation from 26.10.04 to 27.1.06.</para>
<para>Minister for Revenue and Assistant Treasurer from 27.1.06 to 3.12.07.</para>
<para>Minister for Health from 18.9.13 to 23.12.14.
</para>
<para>Minister for Sport from 18.9.13 to 23.12.14.
</para>
<para>Minister for Immigration and Border Protection from 23.12.14.</para>
</ministerial.appointments>
<committee.service>
<title>Committee Service</title>
<para>House of Representatives Standing: Employment and Workplace Relations from 20.3.02 to 31.8.04; Family and Community Services from 20.3.02 to 31.8.04; Economics from 11.3.08 to 25.9.08.</para>
<para>Joint Statutory: National Crime Authority from 20.3.02 to 1.1.03; Australian Crime Commission from 1.1.03 to 31.8.04.</para>
</committee.service>
<parliamentary.party.positions>
<title>Parliamentary Party Positions</title>
<para>Member, Opposition Shadow Ministry from 6.12.07 to 18.9.13. Shadow Minister for Finance, Competition Policy and Deregulation from 6.12.07 to 22.9.08; Shadow Minister for Health and Ageing from 22.9.08 to 18.9.13.</para>
</parliamentary.party.positions>
<party.positions>
<title>Party Positions</title>
<para>Policy Vice-Chair, Bayside Young Liberals 1989.</para>
<para>Chair, Bayside Young Liberals 1990.</para>
<para>Secretary, Liberal Party Brisbane Central Branch 2000.</para>
<para>Member, Government Backbench Committees on Attorney-General, Justice and Customs; Health and Ageing; Immigration, Multicultural and Indigenous Affairs.</para>
</party.positions>
<personal>
<title>Personal</title>
<para>Born 18.11.1970, Brisbane, Qld.</para>
<para>Married.</para>
</personal>
<quals.work.pre.parliament>
<title>Qualifications and Occupation before entering Federal Parliament</title>
<para>BBus (Queensland University of Technology).</para>
<para>Police officer 1990-99.</para>
<para>Company director from 1993. </para>
</quals.work.pre.parliament>
<electorate>
<title>Electorate</title>
<para>Description: outer metropolitan.
</para>
<para>Location: north-western outskirts of Brisbane; it includes the suburbs and towns of Albany Creek, Arana Hills, Bray Park, Brendale, Cashmere, Dayboro, Eatons Hill, Everton Hills, Ferny Hills, Joyner, Kallangur, Lawnton, Mount Glorious, Mount Nebo, Petrie, Samford Valley, Strathpine and Warner.
</para>
<para>Area: 772 sq km (approx.).
</para>
<para>Electors enrolled: 94 375 (at 7.9.13).</para>
<para>Industries: farming, retail and industrial activities.
</para>
<para>State electorates: Dickson includes parts of the Queensland Legislative Assembly electorates of Everton, Ferny Grove, Kallangur and Pine Rivers.
</para>
</electorate>
</biog.entry>