<biog.entry>
<name.id>00AMR</name.id>
<name>KING, the Hon. Catherine Fiona</name>
<current.mp>Yes</current.mp>
<mp.type>Member</mp.type>
<description>Biography for KING, the Hon. Catherine Fiona</description>
<doc.date>08/07/2014</doc.date>
<electorate.name>Member for Ballarat (Vic)</electorate.name>
<source>Parliamentary Library</source>
<state>VIC</state>
<party>ALP</party>
<title>Biography for KING, the Hon. Catherine Fiona</title>
<image>00AMR.JPG</image>
<electorate.state.name>Member for Ballarat (Vic)</electorate.state.name>
<party.name>Australian Labor Party</party.name>
<parliamentary.service>
<title>Parliamentary Service</title>
<para>Elected to the House of Representatives for Ballarat, Victoria, 2001, 2004, 2007, 2010 and 2013.</para>
</parliamentary.service>
<ministerial.appointments>
<title>Ministerial Appointments</title>
<para>Minister for Regional Services, Local Communities and Territories from 25.3.13 to 1.7.13.</para>
<para>Minister for Road Safety from 25.3.13 to 1.7.13.</para>
<para>Minister for Regional Australia, Local Government and Territories from 1.7.13 to 18.9.13.</para>
<para>Parliamentary Secretary for Health and Ageing from 14.9.10 to 25.3.13.
</para>
<para>Parliamentary Secretary for Infrastructure and Transport from 14.9.10 to 25.3.13.
</para>
</ministerial.appointments>
<committee.service>
<title>Committee Service</title>
<para>House of Representatives Standing: Health and Ageing from 2.12.04 to 19.7.10; Infrastructure, Transport, Regional Development and Local Government from 19.2.08 to 19.7.10.</para>
<para>Joint Statutory: Public Accounts and Audit from 20.3.02 to 19.7.10.</para>
</committee.service>
<parliamentary.party.positions>
<title>Parliamentary Party Positions</title>
<para>Shadow Parliamentary Secretary for Regional Development (House) from 26.10.04 to 24.6.05; Shadow Parliamentary Secretary for Treasury from 24.6.05 to 3.12.07.  
</para>
<para>Member, Opposition Shadow Ministry from 14.10.13. Shadow Minister for Health from 18.10.13.</para>
</parliamentary.party.positions>
<party.positions>
<title>Party Positions</title>
<para>Member, ALP from 1993.</para>
<para>Member, ALP Health and Community Services Policy Committee 1998-2000.</para>
<para>President, ALP Port Melbourne Branch 1998-1999.</para>
<para>Member, ALP Ballarat East Branch from 2000.</para>
<para>Secretary, ALP Caucus Committee on Urban, Regional and Rural Development 2002-04.</para>
<para>Member, ALP Caucus Committee on Economics.</para>
<para>Member, ALP Caucus Committee on Status of Women.</para>
</party.positions>
<personal>
<title>Personal</title>
<para>Born 2.6.1966, Melbourne, Vic.</para>
<para>Married.</para>
</personal>
<quals.work.pre.parliament>
<title>Qualifications and Occupation before entering Federal Parliament</title>
<para>BA (Social Work) (Philip Institute of Technology), MA (Public Policy)(ANU).</para>
<para>Social worker, Ballarat Children's Homes and Family Services 1988-92.</para>
<para>Research officer to the Parliamentary Secretary to the Minister for Health 1993.</para>
<para>Industry policy officer, Australia New Zealand Food Authority 1993-94.</para>
<para>Assistant Director, Population Health Division, Commonwealth Dept of Health and Aged Care 1997-98; Assistant Director, National Public Health Partnership.</para>
<para>Director, Injury Prevention, Population Health Division, Commonwealth Dept of Health and Aged Care 1998-99.</para>
<para>Senior Manager, KPMG Consulting 1999-2001.</para>
</quals.work.pre.parliament>
<honours>
<title>Honours</title>
<para>Victorian Young Achiever of the Year (Community Service) 1991.</para>
</honours>
<electorate>
<title>Electorate</title>
<para>Description: provincial.</para>
<para>Location: inner-west Victoria; it includes the city of Ballarat and the centres of Ballan, Blackwood, Buninyong, Clunes, Creswick, Daylesford, Myrniong and Trentham, and parts of Burrumbeet.</para>
<para>Area: 4652 sq km (approx.).</para>
<para>Electors enrolled: 103 500 (at 7.9.13).</para>
<para>Industries: beef cattle, sheep, potatoes, apples, mineral water, market gardening and gold mining, tourism, clothing and fabrics, sawmilling, engineering and confectionery.</para>
<para>State electorates: Ballarat includes the Victorian Legislative Assembly electorate of Wendouree, and parts of Buninyong, Macedon, Melton and Ripon.</para>
</electorate>
</biog.entry>