<biog.entry>
<name.id>00AMM</name.id>
<name>HARTSUYKER, the Hon. Luke</name>
<current.mp>Yes</current.mp>
<mp.type>Member</mp.type>
<description>Biography for HARTSUYKER, the Hon. Luke</description>
<doc.date>12/12/2013</doc.date>
<electorate.name>Member for Cowper (NSW)</electorate.name>
<source>Parliamentary Library</source>
<state>NSW</state>
<party>NP</party>
<title>Biography for HARTSUYKER, the Hon. Luke</title>
<image>00AMM.JPG</image>
<electorate.state.name>Member for Cowper (NSW)</electorate.state.name>
<party.name>Nationals</party.name>
<parliamentary.service>
<title>Parliamentary Service</title>
<para>Elected to the House of Representatives for Cowper, New South Wales, 2001, 2004, 2007, 2010 and 2013. </para>
</parliamentary.service>
<ministerial.appointments>
<title>Ministerial Appointments</title>
<para>Assistant Minister for Employment from 18.9.13.</para>
</ministerial.appointments>
<committee.service>
<title>Committee Service</title>
<para>House of Representatives Standing: Ageing from 20.3.02 to 31.8.04; Employment and Workplace Relations from 20.3.02 to 31.8.04 and from 11.3.08 to 10.11.08; Education and Vocational Training from 1.12.04 (Chair from 9.12.04) to 17.10.07; Privileges from 1.12.04 to 17.10.07; Procedure from 31.5.05 to 17.10.07; Economics from 3.2.10 to 19.7.10.</para>
<para>Joint Statutory: Corporations and Financial Services from 3.2.10 to 19.7.10. </para>
<para>Joint Standing: National Broadband Network from 22.3.11 to 5.8.13.</para>
</committee.service>
<parliamentary.party.positions>
<title>Parliamentary Party Positions</title>
<para>Member, Opposition Shadow Ministry from 6.12.07 to 18.9.13. Shadow Minister for Business Development, Independent Contractors and Consumer Affairs from 6.12.07 to 22.9.08; Shadow Minister for Competition Policy and Consumer Affairs from 22.9.08 to 8.12.09; Shadow Minister for Consumer Affairs, Financial Services, Superannuation and Corporate Law from 8.12.09 to 14.9.10; Shadow Minister for Youth and Sport from 14.9.10; Shadow Minister for Regional Communications from 14.9.10 to 18.9.13.</para>
<para>Deputy Manager of Opposition Business in the House from 6.12.07 to 18.9.13.
</para>
<para>Deputy Leader of the House from 18.9.13.</para>
</parliamentary.party.positions>
<party.positions>
<title>Party Positions</title>
<para>Member, The Nationals Central Council (NSW).</para>
</party.positions>
<personal>
<title>Personal</title>
<para>Born 28.4.1959, Muswellbrook, NSW.</para>
<para>Married.</para>
</personal>
<quals.work.pre.parliament>
<title>Qualifications and Occupation before entering Federal Parliament</title>
<para>BComm (Ncle).</para>
<para>Associate Diploma Valuation.</para>
<para>Associate Member, Certified Practising Accountants Australia.</para>
<para>Small business operator.</para>
<para>Founding Board Member, Coffs Coast Tourism.</para>
</quals.work.pre.parliament>
<electorate>
<title>Electorate</title>
<para>Description: rural.
</para>
<para>Location: New South Wales north coast; it includes the centres of Bellingen, Bowraville, Coffs Harbour, Dorrigo, Kempsey, Maclean, Macksville, Nambucca Heads, Sawtell, South West Rocks, Urunga and Woolgoolga.
</para>
<para>Area: 7861 sq km (approx.).
</para>
<para>Electors enrolled: 97 180 (at 7.9.13).</para>
<para>Industries: fishing, forestry, agriculture, bananas, dairy cattle and tourism.
</para>
<para>State electorates: Cowper includes the New South Wales Legislative Assembly electorate of Coffs Harbour, and parts of Clarence and Oxley.</para>
</electorate>
</biog.entry>