<biog.entry>
<name.id>00AMT</name.id>
<name>VAMVAKINOU, Maria</name>
<current.mp>Yes</current.mp>
<mp.type>Member</mp.type>
<description>Biography for VAMVAKINOU, Maria</description>
<doc.date>12/12/2013</doc.date>
<electorate.name>Member for Calwell (Vic)</electorate.name>
<source>Parliamentary Library</source>
<state>VIC</state>
<party>ALP</party>
<title>Biography for VAMVAKINOU, Maria</title>
<image>00AMT.jpg</image>
<electorate.state.name>Member for Calwell (Vic)</electorate.state.name>
<party.name>Australian Labor Party</party.name>
<parliamentary.service>
<title>Parliamentary Service</title>
<para>Elected to the House of Representatives for Calwell, Victoria, 2001, 2004, 2007, 2010 and 2013. </para>
</parliamentary.service>
<parliamentary.positions>
<title>Parliamentary Positions</title>
<para>Member, Speaker's Panel from 20.10.10 to 5.8.13.
</para>
</parliamentary.positions>
<committee.service>
<title>Committee Service</title>
<para>House of Representatives Standing: Employment and Workplace Relations from 20.3.02 to 31.8.04; Procedure from 20.3.02 to 31.8.04; Communications, Information Technology and the Arts from 25.5.06 to 17.10.07; Industry, Science and Innovation from 19.2.08 (Chair from 12.3.08) to 19.7.10; Petitions from 19.2.08 to 19.7.10; Appropriations and Administration from 25.10.10 to 5.8.13.</para>
<para>Joint Statutory: Broadcasting of Parliamentary Proceedings from 2.12.04 to 17.10.07 and from 25.10.10 to 5.8.13; Native Title and the Aboriginal and Torres Strait Islander Land Fund from 2.12.04 to 16.6.05; Australian Crime Commission from 25.10.10 to 25.11.10; Law Enforcement from 25.11.10.</para>
<para>Joint Standing: Foreign Affairs, Defence and Trade from 2.12.04; Treaties from 18.2.08 to 30.11.09; Migration from 25.10.10.</para>
<para>Joint Select: Cyber-Safety from 18.3.10 to 19.7.10; Australia's Immigration Detention Network from 4.7.11 to 30.3.12.</para>
</committee.service>
<party.positions>
<title>Party Positions</title>
<para>Member, ALP Administrative Committee.</para>
<para>Delegate, ALP State Conference (Vic).</para>
<para>Member, ALP Affirmative Action Working Party.</para>
<para>Various policy and branch positions.</para>
</party.positions>
<personal>
<title>Personal</title>
<para>Born 4.1.1959, Lefkada, Greece.</para>
<para>Married.</para>
</personal>
<quals.work.pre.parliament>
<title>Qualifications and Occupation before entering Federal Parliament</title>
<para>BA, DipEd (Melb).</para>
<para>High school teacher 1982-87.</para>
<para>Electorate Officer to Dr AC Theophanous, MP 1988 and 1990.</para>
<para>Executive Assistant to the Hon. J Kirner, MLA 1989.</para>
<para>Personal Secretary to the Hon. A McCutcheon, MLA 1991.</para>
<para>Electorate Officer to Senator KJ Carr 1993-2001.</para>
</quals.work.pre.parliament>
<local.gov.service>
<title>Local Government Service</title>
<para>Councillor, Northcote City Council 1990-92.</para>
</local.gov.service>
<electorate>
<title>Electorate</title>
<para>Description: outer metropolitan.</para>
<para>Location: north western Melbourne; it includes the centres of Attwood, Broadmeadows, Calder Park, Campbellfield, Coolaroo, Dallas, Gladstone Park, Greenvale, Jacana, Keilor, Keilor Downs, Keilor North, Meadow Heights, Melbourne Airport, Roxburgh Park, Somerton, Sydenham, Taylors Lakes and Westmeadows, and parts of Craigieburn.</para>
<para>Area: 175 sq km (approx.).</para>
<para>Electors enrolled: 102 682 (at 7.9.13).</para>
<para>Industries: automobile manufacturing, food processing, horse studs, textiles, clothing, transport, telecommunications, airline industries, wine production and service industries.</para>
<para>Calwell includes parts of the Victorian Legislative Assembly electorates of Broadmeadows, Niddrie, St Albans, Sunbury, Sydenham and Yuroke.</para>
</electorate>
</biog.entry>