<biog.entry>
<name.id>00AMV</name.id>
<name>HUNT, the Hon. Gregory Andrew</name>
<current.mp>Yes</current.mp>
<mp.type>Member</mp.type>
<description>Biography for HUNT, the Hon. Gregory Andrew</description>
<doc.date>29/10/2013</doc.date>
<electorate.name>Member for Flinders (Vic)</electorate.name>
<source>Parliamentary Library</source>
<state>VIC</state>
<party>LP</party>
<title>Biography for HUNT, the Hon. Gregory Andrew</title>
<image>00AMV.JPG</image>
<electorate.state.name>Member for Flinders (Vic)</electorate.state.name>
<party.name>Liberal Party of Australia</party.name>
<parliamentary.service>
<title>Parliamentary Service</title>
<para>Elected to the House of Representatives for Flinders, Victoria, 2001, 2004, 2007, 2010 and 2013.</para>
</parliamentary.service>
<ministerial.appointments>
<title>Ministerial Appointments</title>
<para>Parliamentary Secretary to the Minister for the Environment and Heritage from 26.10.04 to 30.1.07.</para>
<para>Parliamentary Secretary to the Minister for Foreign Affairs from 30.1.07 to 3.12.07. </para>
<para>Minister for the Environment from 18.9.13.</para>
</ministerial.appointments>
<committee.service>
<title>Committee Service</title>
<para>House of Representatives Standing: Ageing from 20.3.02 to 31.8.04; Environment and Heritage from 20.3.02 to 31.8.04; Climate, Change, Water, Environment and the Arts from 3.2.10 to 10.2.10.</para>
<para>Joint Statutory: Corporations and Financial Services from 20.3.02 to 31.8.04.</para>
<para>Joint Standing: Treaties from 5.6.02 to 31.8.04.</para>
</committee.service>
<parliamentary.party.positions>
<title>Parliamentary Party Positions</title>
<para>Member, Opposition Shadow Ministry from 6.12.07 to 18.9.13. Shadow Minister for Climate Change, Environment and Urban Water from 6.12.07 to 22.9.08; Shadow Minister for Climate Change, Environment and Water from 22.9.08 to 8.12.09; Shadow Minister for Climate Action, Environment and Heritage from 8.12.09 to 18.9.13.</para>
</parliamentary.party.positions>
<party.positions>
<title>Party Positions</title>
<para>Member, Liberal Party from 1994.</para>
</party.positions>
<personal>
<title>Personal</title>
<para>Born 18.11.1965, Frankston, Vic.</para>
<para>Married.</para>
</personal>
<quals.work.pre.parliament>
<title>Qualifications and Occupation before entering Federal Parliament</title>
<para>BA(Hons), LLB(Hons I) (Melb), MA (Yale).</para>
<para>University Prize, Final Year Thesis, Melbourne University; Yale Fellowship; Schell Centre for Human Rights Fellowship, Yale Law School.</para>
<para>Captain, Australian Universities Debating Team 1990.</para>
<para>Articled Clerk, Malleson Stephen Jacques 1991-92.</para>
<para>Associate to Chief Justice of the Australian Federal Court 1992.</para>
<para>Fulbright Scholar and Teaching Assistant, Yale University 1992-94.</para>
<para>Senior Adviser to the Leader of the Opposition, AJG Downer, MP 1994-95.</para>
<para>Senior Adviser to the Shadow Minister for Foreign Affairs, AJG Downer, MP 1995-96.</para>
<para>Senior Adviser to the Minister for Foreign Affairs, the Hon. AJG Downer, MP 1996-98.</para>
<para>Chief, Australian Electoral Observer Mission to Cambodia 1998.</para>
<para>Senior Fellow, Centre for Comparative Constitutional Law, University of Melbourne 1998-99.</para>
<para>Engagement Manager, McKinsey and Co 1999-2001.</para>
<para>Director of Strategy, World Economic Forum, Geneva 2000-01.</para>
</quals.work.pre.parliament>
<electorate>
<title>Electorate</title>
<para>Description: rural.</para>
<para>Location: southern Victoria, east of Melbourne, based on Mornington Peninsula and Bass Coast region; it includes the centres of Cowes, Dromana, Hastings, Koo Wee Rup, Mt Martha, Nyora, Rosebud, Rye, San Remo, and parts of Baxter and Dalyston. It also includes French and Phillip Islands.</para>
<para>Area: 1952 sq km (approx.).</para>
<para>Electors enrolled: 105 435 (at 7.9.13).</para>
<para>Industries: steel-rolling mill, dairy farms, fishing, poultry, wineries, orchards, light industries and tourism.</para>
<para>State electorates: Flinders includes the Victorian Legislative Assembly electorate of Nepean, and parts of Bass, Cranbourne, Hastings, Mornington and Narracan.</para>
</electorate>
</biog.entry>