<biog.entry>
<name.id>00AMN</name.id>
<name>LEY, the Hon. Sussan Penelope</name>
<current.mp>Yes</current.mp>
<mp.type>Member</mp.type>
<description>Biography for LEY, the Hon. Sussan Penelope</description>
<doc.date>05/01/2015</doc.date>
<electorate.name>Member for Farrer (NSW)</electorate.name>
<source>Parliamentary Library</source>
<state>NSW</state>
<party>LP</party>
<title>Biography for LEY, the Hon. Sussan Penelope</title>
<image>00AMN.JPG</image>
<electorate.state.name>Member for Farrer (NSW)</electorate.state.name>
<party.name>Liberal Party of Australia</party.name>
<parliamentary.service>
<title>Parliamentary Service</title>
<para>Elected to the House of Representatives for Farrer, New South Wales, 2001, 2004, 2007, 2010 and 2013.</para>
</parliamentary.service>
<ministerial.appointments>
<title>Ministerial Appointments</title>
<para>Parliamentary Secretary to the Minister for Family and Community Services (Children and Youth Affairs) from 26.10.04 to 27.1.06.</para>
<para>Parliamentary Secretary to the Minister for Agriculture, Fisheries and Forestry from 27.1.06 to 3.12.07.</para>
<para>Assistant Minister for Education from 18.9.13 to 23.12.14.</para>
<para>Minister for Health from 23.12.14.</para>
<para>Minister for Sport from 23.12.14.</para>
</ministerial.appointments>
<committee.service>
<title>Committee Service</title>
<para>House of Representatives Standing: Agriculture, Fisheries and Forestry from 20.3.02 to 31.8.04; Transport and Regional Services from 20.3.02 to 31.8.04; Family, Community, Housing and Youth from 11.3.08 to 10.11.08; Economics from 10.2.10 to 19.7.10.</para>
<para>Joint Statutory: Native Title and the Aboriginal and Torres Strait Islander Land Fund from 5.12.02 to 31.8.04; Australian Commission for Law Enforcement Integrity from 25.9.08 to 3.2.10; Australian Crime Commission from 25.9.08 to 3.2.10; Public Accounts and Audit from 3.2.10 to 19.7.10.</para>
<para>Joint Standing: Electoral Matters from 20.3.02 to 5.12.02; National Broadband Network from 22.3.11 to 5.8.13.</para>
</committee.service>
<parliamentary.party.positions>
<title>Parliamentary Party Positions</title>
<para>Member, Opposition Shadow Ministry from 6.12.07 to 18.9.13. Shadow Minister for Housing from 6.12.07 to 22.9.08; Shadow Minister for the Status of Women from 6.12.07 to 22.9.08; Shadow Minister for Justice and Customs from 22.9.08 to 8.12.09; Shadow Assistant Treasurer from 8.12.09 to 14.9.10; Shadow Minister for Employment Participation from 14.9.10 to 18.9.13; Shadow Minister for Childcare and Early Childhood from 14.9.10 to 18.9.13.</para>
</parliamentary.party.positions>
<party.positions>
<title>Party Positions</title>
<para>Member, Liberal Party Tallangatta Branch 1994-2001.</para>
<para>Member, Liberal Party (NSW) from 2001.</para>
</party.positions>
<personal>
<title>Personal</title>
<para>Born 14.12.1961, Kano, Nigeria.</para>
</personal>
<quals.work.pre.parliament>
<title>Qualifications and Occupation before entering Federal Parliament</title>
<para>BEc (La Trobe), MTax (UNSW), MAcc (Charles Sturt).</para>
<para>Air traffic controller 1983-85.</para>
<para>Commercial pilot 1985-86.</para>
<para>Shearers' cook 1986-88.</para>
<para>Wool and beef farmer 1988-2001.</para>
<para>Director of Technical Training, Australian Taxation Office 1995-2001.</para>
</quals.work.pre.parliament>
<electorate>
<title>Electorate</title>
<para>Description: rural.</para>
<para>Location: far west and southern central New South Wales; it includes the cities of Albury and Broken Hill, and the shires of Balranald, Berrigan, Conargo, Corowa, Deniliquin, Greater Hume, Hay, Jerilderie, Lockhart, Murray, Wakool, Wentworth, Urana and Central Darling.
</para>
<para>Area: 247 097 sq km (approx.).
</para>
<para>Electors enrolled: 94 524 (at 7.9.13).
</para>
<para>Industries: large scale irrigation areas, dairy products, sheep, cattle, orchard and vine crops, rice and rice mills, wool, wheat and cereals, mining, tourism and agricultural service industries.
</para>
<para>State electorates: Farrer includes parts of the New South Wales Legislative Assembly electorates of Albury, Barwon, Murray and Wagga Wagga.</para>
</electorate>
</biog.entry>