<biog.entry>
<name.id>00AN0</name.id>
<name>CIOBO, the Hon. Steven Michele</name>
<current.mp>Yes</current.mp>
<mp.type>Member</mp.type>
<description>Biography for CIOBO, the Hon. Steven Michele</description>
<doc.date>05/01/2015</doc.date>
<electorate.name>Member for Moncrieff (Qld)</electorate.name>
<source>Parliamentary Library</source>
<state>QLD</state>
<party>LP</party>
<title>Biography for CIOBO, the Hon. Steven Michele</title>
<image>00AN0.JPG</image>
<electorate.state.name>Member for Moncrieff (Qld)</electorate.state.name>
<party.name>Liberal Party of Australia</party.name>
<parliamentary.service>
<title>Parliamentary Service</title>
<para>Elected to the House of Representatives for Moncrieff, Queensland, 2001, 2004, 2007, 2010 and 2013.</para>
</parliamentary.service>
<ministerial.appointments>
<title>Ministerial Appointments</title>
<para>Parliamentary Secretary to the Treasurer from 18.9.13 to 23.12.14.</para>
<para>Parliamentary Secretary to the Minister for Foreign Affairs from 23.12.14.</para>
<para>Parliamentary Secretary to the Minister for Trade and Investment from 23.12.14.</para>
</ministerial.appointments>
<committee.service>
<title>Committee Service</title>
<para>House of Representatives Standing: Communications, Information Technology and the Arts from 20.3.02 to 31.8.04; Economics, Finance and Public Administration from 1.12.04 to 17.10.07; Economics from 28.8.08 to 10.11.08, from 25.10.10 to 13.9.11 and from 7.2.12 to 5.8.13; Members' Interests from 1.12.04 to 17.10.07; Family, Community, Housing and Youth from 3.2.10 to 19.7.10.</para>
<para>Joint Statutory: Corporations and Financial Services from 20.3.02 to 31.8.04; Public Accounts and Audit from 20.3.02 to 31.8.04; Intelligence and Security from 9.12.05 to 17.10.07.</para>
<para>Joint Standing: Treaties from 20.3.02 to 31.8.04; Electoral Matters from 1.12.04 to 17.10.07.</para>
<para>Joint Select: Gambling Reform from 21.10.10 to 24.6.13.</para>
</committee.service>
<parliamentary.party.positions>
<title>Parliamentary Party Positions</title>
<para>Member, Opposition Shadow Ministry from 6.12.07 to 14.9.10. Shadow Minister for Small Business, the Service Economy and Tourism from 6.12.07 to 22.9.08; Shadow Minister for Small Business, Independent Contractors, Tourism and the Arts from 22.9.08 to 8.12.09; Shadow Minister for Tourism and the Arts from 8.12.09 to 14.9.10; Shadow Minister for Youth and Sport from 8.12.09 to 14.9.10.</para>
</parliamentary.party.positions>
<party.positions>
<title>Party Positions</title>
<para>Member, Liberal Party from 1992.</para>
<para>State Council and Convention Delegate 1993-2002; Federal Council and Convention Delegate 1998-2000 and 2002.</para>
<para>Member, Liberal Party Policy Committee (Qld) 1998.</para>
<para>Member, Coalition Joint Policy Committee (Qld) 1998.</para>
<para>Member, Liberal Party State Executive (Qld) 1999; Development Committee 1998-2001; Management Committee 1999.</para>
<para>President, Queensland Young Liberals 1999; Life Member 2001.</para>
<para>Liberal Party Constitutional Review Committee 2000-01.</para>
<para>Various branch and campaign committee positions 1992-2002.</para>
</party.positions>
<personal>
<title>Personal</title>
<para>Born 29.5.1974, Mareeba, Qld.</para>
<para>Married.</para>
</personal>
<quals.work.pre.parliament>
<title>Qualifications and Occupation before entering Federal Parliament</title>
<para>LLB, BComm (Bond University), LLM (Queensland University of Technology).</para>
<para>Senior Associate, Australasian Institute of Banking and Finance.</para>
<para>Consultant, Coopers and Lybrand 1996-97.</para>
<para>Senior Consultant, Pricewaterhouse Coopers 1998-2000.</para>
<para>Adviser to Senator B Mason 2000-01.</para>
</quals.work.pre.parliament>
<electorate>
<title>Electorate</title>
<para>Description: provincial.
</para>
<para>Location: south-east Queensland, northern part of the Gold Coast and hinterland; it includes the suburbs of Ashmore, Benowa, Broadbeach, Broadbeach Waters, Bundall, Carrara, Main Beach, Mermaid Beach, Mermaid Waters and Surfers Paradise as well as parts of Miami, Nerang, Southport and Worongary.
</para>
<para>Area: 92 sq km (approx.).
</para>
<para>Electors enrolled: 92 674 (at 7.9.13).</para>
<para>Industries: tourism and associated industries.
</para>
<para>State electorates: Moncrieff includes the Queensland Legislative Assembly electorate of Surfers Paradise and parts of Burleigh, Gaven, Mermaid Beach, Mudgeeraba and Southport.
</para>
</electorate>
</biog.entry>