<biog.entry>
<name.id>00AN3</name.id>
<name>O'CONNOR, the Hon. Brendan Patrick</name>
<current.mp>Yes</current.mp>
<mp.type>Member</mp.type>
<description>Biography for O'CONNOR, the Hon. Brendan Patrick</description>
<doc.date>31/03/2015</doc.date>
<electorate.name>Member for Gorton (Vic)</electorate.name>
<source>Parliamentary Library</source>
<state>VIC</state>
<party>ALP</party>
<title>Biography for O'CONNOR, the Hon. Brendan Patrick</title>
<image>00AN3.JPG</image>
<electorate.state.name>Member for Gorton (Vic)</electorate.state.name>
<party.name>Australian Labor Party</party.name>
<parliamentary.service>
<title>Parliamentary Service</title>
<para>Elected to the House of Representatives for Burke, Victoria, 2001. Re-elected following the 2003 electoral redistribution for Gorton, Victoria, 2004, 2007, 2010 and 2013. </para>
</parliamentary.service>
<ministerial.appointments>
<title>Ministerial Appointments</title>
<para>Minister for Employment Participation from 3.12.07 to 9.6.09.

</para>
<para>Minister for Home Affairs from 9.6.09 to 14.12.11.
</para>
<para>Minister for Justice from 14.9.10 to 14.12.11.
</para>
<para>Minister for Privacy and Freedom of Information from 14.9.10 to 14.12.11.
</para>
<para>Minister for Human Services from 14.12.11 to 5.3.12.
</para>
<para>Minister Assisting for School Education from 14.12.11 to 5.3.12.
</para>
<para>Minister for Housing from 5.3.12 to 4.2.13.
</para>
<para>Minister for Homelessness from 5.3.12 to 4.2.13.
</para>
<para>Minister for Small Business from 5.3.12 to 4.2.13.
</para>
<para>Minister for Immigration and Citizenship from 4.2.13 to 1.7.13.</para>
<para>Minister for Employment from 1.7.13 to 18.9.13.</para>
<para>Minister for Skills and Training from 1.7.13 to 18.9.13.</para>
</ministerial.appointments>
<committee.service>
<title>Committee Service</title>
<para>House of Representatives Standing: Employment and Workplace Relations from 16.2.04 to 31.8.04; Employment, Workplace Relations and Workforce Participation from 2.12.04 to 17.10.07 (Deputy Chair from 9.12.04 to 7.12.06); Library from 2.12.04 to 7.12.05; Education and Employment from 26.3.15.</para>
<para>Joint Statutory: Public Works from 20.3.02 (Deputy Chair from 21.3.02) to 17.10.07.</para>
<para>Joint Standing: Parliamentary Library from 27.3.06 to 17.10.07.</para>
</committee.service>
<parliamentary.party.positions>
<title>Parliamentary Party Positions</title>
<para>Shadow Parliamentary Secretary for Industrial Relations from 10.12.06 to 3.12.07.</para>
<para>Member, Opposition Shadow Ministry from 14.10.13. Shadow Minister for Employment and Workplace Relations from 18.10.13.</para>
</parliamentary.party.positions>
<party.positions>
<title>Party Positions</title>
<para>Delegate, ALP State Conference (Vic) from 1986.</para>
<para>President, ALP St Kilda Branch 1988-89.</para>
<para>President, ALP Melton Branch 2000-01.</para>
<para>Delegate, ALP National Conference from 2000.</para>
<para>Chair, ALP Caucus Committee on Government Service Delivery from 2002.</para>
<para>Member, ALP Caucus Committees on Social Policy; and Economic Development and Living Standards from 2002.</para>
<para>Chair, Federal Labor Parliamentary Industrial Relations Taskforce from 2005. </para>
</party.positions>
<personal>
<title>Personal</title>
<para>Born 2.3.1962, London, UK.</para>
</personal>
<quals.work.pre.parliament>
<title>Qualifications and Occupation before entering Federal Parliament</title>
<para>BA, LLB (Monash).</para>
<para>Diploma, Harvard Trade Union Program (Harvard).</para>
<para>Union official 1986-2001.</para>
<para>Assistant National Secretary, Australian Services Union 1993-2001. </para>
</quals.work.pre.parliament>
<electorate>
<title>Electorate</title>
<para>Description: outer metropolitan.</para>
<para>Location: north-western Melbourne; it includes the suburbs of Albanvale, Brookfield, Burnside, Cairnlea, Caroline Springs, Deer Park, Delahey, Derrimut, Exford, Hillside, Kings Park, Kurunjang, Melton, Melton South, Melton West, Mt Cottrell, Plumpton, Rockbank, Taylors Hill and Toolern Vale, and parts of Diggers Rest, Eynesbury, Plumpton and Truganina.</para>
<para>Area: 562 sq km (approx.).</para>
<para>Electors enrolled: 102 293 (at 7.9.13).</para>
<para>Industries: horse training and breeding facilities, retail and service industries.</para>
<para>State electorates: Gorton includes the Victorian Legislative Assembly electorate of Kororoit, and parts of Macedon, Melton, Sunbury and Sydenham.</para>
</electorate>
</biog.entry>