<biog.entry>
<name.id>00AOQ</name.id>
<name>MOORE, Claire Mary</name>
<current.mp>Yes</current.mp>
<mp.type>Senator</mp.type>
<description>Biography for MOORE, Claire Mary</description>
<doc.date>16/02/2015</doc.date>
<electorate.name>
</electorate.name>
<source>Parliamentary Library</source>
<state>QLD</state>
<party>ALP</party>
<title>Biography for MOORE, Claire Mary</title>
<image>00AOQ.JPG</image>
<electorate.state.name>Senator for Queensland</electorate.state.name>
<party.name>Australian Labor Party</party.name>
<parliamentary.service>
<title>Parliamentary Service</title>
<para>Elected to the Senate for Queensland 2001 (term began 1.7.2002), 2007 and 2013.</para>
</parliamentary.service>
<parliamentary.positions>
<title>Parliamentary Positions</title>
<para>Temporary Chair of Committees from 17.11.04 to 11.11.13.</para>
</parliamentary.positions>
<committee.service>
<title>Committee Service</title>
<para>Senate Standing: Publications from 1.7.02 to 1.7.05; Regulations and Ordinances from 1.7.02 to 1.7.05 and from 14.2.08 to 11.11.13; Selection of Bills from 12.11.13; Procedure from 12.2.15.</para>
<para>Senate Legislative and General Purpose Standing: Community Affairs: References Committee from 1.7.02 (Chair from 1.7.05) to 11.9.06 and from 14.5.09 to 11.11.13 and Legislation Committee from 1.12.04 to 11.9.06 and from 14.5.09 (Chair from 14.5.09) to 11.11.13; Community Affairs from 11.9.06 (Chair from 13.2.08) to 14.5.09; Finance and Public Administration: References Committee from 25.6.03 to 11.9.06 and from 12.2.15; Finance and Public Administration from 11.9.06 to 14.5.09.</para>
<para>Senate Select: Lindeberg Grievance from 1.4.04 to 16.11.04; Administration of Indigenous Affairs from 18.11.04 to 8.3.05; Mental Health from 10.3.05 to 28.4.06; Housing Affordability in Australia from 14.2.08 to 16.6.08; Regional and Remote Indigenous Communities from 19.3.08 to 24.9.10; Reform of the Australian Federation from 30.9.10 to 30.6.11.</para>
<para>Joint Statutory: Public Accounts and Audit from 1.7.02 to 19.11.02 and from 1.4.04 to 10.5.06; Human Rights from 1.7.14.</para>
<para>Joint Standing: Foreign Affairs, Defence and Trade from 1.7.05 to 5.8.13; Parliamentary Library from 27.8.14.</para>
</committee.service>
<parliamentary.party.positions>
<title>Parliamentary Party Positions</title>
<para>Member, Opposition Shadow Ministry from 14.10.13. Shadow Minister for Women from 18.10.13; Shadow Minister for Carers from 18.10.13; Shadow Minister for Communities from 18.10.13.</para>
<para>Manager of Opposition Business in the Senate from 12.11.13.</para>
</parliamentary.party.positions>
<party.positions>
<title>Party Positions</title>
<para>Member, ALP from 1996.</para>
</party.positions>
<personal>
<title>Personal</title>
<para>Born 19.2.1956, Toowoomba, Qld.</para>
<para>Single.</para>
</personal>
<quals.work.pre.parliament>
<title>Qualifications and Occupation before entering Federal Parliament</title>
<para>Public servant 1980-94.</para>
<para>State Secretary, Community and Public Sector Union (Qld) 1994-2001.</para>
</quals.work.pre.parliament>
</biog.entry>