<biog.entry>
<name.id>00AOU</name.id>
<name>WONG, the Hon. Penelope (Penny) Ying Yen</name>
<current.mp>Yes</current.mp>
<mp.type>Senator</mp.type>
<description>Biography for WONG, the Hon. Penelope (Penny) Ying Yen</description>
<doc.date>05/06/2015</doc.date>
<electorate.name>
</electorate.name>
<source>Parliamentary Library</source>
<state>SA</state>
<party>ALP</party>
<title>Biography for WONG, the Hon. Penelope (Penny) Ying Yen</title>
<image>00AOU.jpg</image>
<electorate.state.name>Senator for South Australia</electorate.state.name>
<party.name>Australian Labor Party</party.name>
<parliamentary.service>
<title>Parliamentary Service</title>
<para>Elected to the Senate for South Australia 2001 (term began 1.7.2002), 2007 and 2013.</para>
</parliamentary.service>
<ministerial.appointments>
<title>Ministerial Appointments</title>
<para>Minister for Climate Change and Water from 3.12.07 to 8.3.10.</para>
<para>Minister for Climate Change, Energy Efficiency and Water from 8.3.10 to 14.9.10.</para>
<para>Minister for Finance and Deregulation from 14.9.10 to 18.9.13.</para>
</ministerial.appointments>
<committee.service>
<title>Committee Service</title>
<para>Senate Standing: Library from 1.7.02 to 15.11.04; Senators' Interests from 1.7.02 to 15.11.04; Appropriations and Staffing from 26.6.13; Procedure from 26.6.13.</para>
<para>Senate Legislative and General Purpose Standing: Environment, Communications, Information Technology and the Arts: References Committee from 1.7.02 to 15.11.04; Finance and Public Administration: References Committee from 1.7.02 to 1.3.04; Economics: References Committee from 1.3.04 to 15.11.04; Employment, Workplace Relations and Education: Legislation Committee from 18.11.04 to 1.7.05.</para>
<para>Senate Select: Superannuation from 10.12.02 to 10.9.03; Ministerial Discretion in Migration Matters from 23.6.03 to 31.3.04.</para>
<para>Joint Statutory: Corporations and Financial Services from 1.7.02 to 17.10.07; Intelligence and Security from 16.7.14 to 25.11.2014 and from 25.6.15.</para>
</committee.service>
<parliamentary.party.positions>
<title>Parliamentary Party Positions</title>
<para>Deputy Leader of the Government in the Senate from 4.2.13 to 26.6.13.
</para>
<para>Leader of the Government in the Senate from 26.6.13 to 18.9.13.</para>
<para>Leader of the Opposition in the Senate from 18.9.13.</para>
<para>Member, Opposition Shadow Ministry from 22.10.04 to 3.12.07 and from 14.10.13. Shadow Minister for Employment and Workforce Participation from 26.10.04 to 10.12.06; Shadow Minister for Corporate Governance and Responsibility from 26.10.04 to 10.12.06; Shadow Minister for Public Administration and Accountability and Shadow Minister for Workforce Participation from 10.12.06 to 3.12.07.</para>
<para>Shadow Minister for Trade and Investment from 18.10.13.</para>
</parliamentary.party.positions>
<party.positions>
<title>Party Positions</title>
<para>Delegate, ALP State Convention (SA) 1989-94 and from 1996.</para>
<para>Deputy Convener, ALP State Platform Committee (SA) 1990-94.</para>
<para>Member, ALP State Executive  (SA) 1996-99.</para>
<para>Convener, ALP Ethnic Policy Network 1998-99.</para>
<para>Member, ALP National Policy Committee on Industry, Infrastructure and Regional Development 1998-2000.</para>
<para>Delegate, ALP National Conference 2000-04.</para>
<para>Australian Labor National Campaign Spokesperson for the 2007 and 2013 Federal Elections.</para>
</party.positions>
<other.positions>
<title>Other Positions</title>
<para>Member, Human Rights Committee, Law Society of South Australia 1998-2002.</para>
<para>Chair, UNIFEM Adelaide Breakfast Committee 1999-2001.</para>
</other.positions>
<personal>
<title>Personal</title>
<para>Born 5.11.1968, Kota Kinabalu, Malaysia.</para>
</personal>
<quals.work.pre.parliament>
<title>Qualifications and Occupation before entering Federal Parliament</title>
<para>BA (Jurisprudence), LLB (Hons) (Adel), GradDip in Legal Practice (SA).</para>
<para>Industrial officer 1990-94.</para>
<para>Senior Policy Adviser to the Minister for Land and Conservation (NSW), the Hon. KM Yeadon 1995-96.</para>
<para>Barrister and solicitor 1996-1999.</para>
<para>Legal officer 1999-2002.</para>
</quals.work.pre.parliament>
</biog.entry>