<biog.entry>
<name.id>00AOP</name.id>
<name>MARSHALL, Gavin Mark</name>
<current.mp>Yes</current.mp>
<mp.type>Senator</mp.type>
<description>Biography for MARSHALL, Gavin Mark</description>
<doc.date>04/03/2015</doc.date>
<electorate.name>
</electorate.name>
<source>Parliamentary Library</source>
<state>VIC</state>
<party>ALP</party>
<title>Biography for MARSHALL, Gavin Mark</title>
<image>00AOP.jpg</image>
<electorate.state.name>Senator for Victoria</electorate.state.name>
<party.name>Australian Labor Party</party.name>
<parliamentary.service>
<title>Parliamentary Service</title>
<para>Elected to the Senate for Victoria 2001 (term began 1.7.2002), 2007 and 2013.</para>
</parliamentary.service>
<parliamentary.appointments>
<title>Parliamentary Appointments</title>
<para>Member, Parliamentary Retiring Allowances Trust from 7.7.11.</para>
</parliamentary.appointments>
<parliamentary.positions>
<title>Parliamentary Positions</title>
<para>Temporary Chair of Committees from 25.6.03 to 7.7.14.</para>
<para>Deputy President of the Senate from 7.7.14.</para>
<para>Chair of Committees from 7.7.14.</para>
</parliamentary.positions>
<committee.service>
<title>Committee Service</title>
<para>Senate Standing: Publications from 1.7.02 to 11.11.13 and from 1.7.14; Regulations and Ordinances from 1.7.02 to 1.7.05, from 21.9.11 to 21.6.12 and from 12.11.13; Scrutiny of Bills from 24.6.04 to 1.7.05 and from 30.9.10 to 21.6.12; Senators Interests from 1.7.11; Appropriations and Staffing from 12.11.13; House from 12.11.13 to 1.7.14; Procedure from 13.11.13 (Chair from 13.11.13).</para>
<para>Senate Legislative and General Purpose Standing: Finance and Public Administration: References Committee from 1.7.02 to 25.6.03; Foreign Affairs, Defence and Trade: References Committee from 1.7.02 to 29.11.04 and from 1.7.05 to 11.9.06 and Legislation Committee from 18.11.04 to 29.11.04; Community Affairs: Legislation Committee from 18.11.04 to 1.12.04 and References Committee from 18.11.04 to 1.7.05; Employment, Workplace Relations and Education: Legislation Committee from 18.11.04 to 11.9.06 and References Committee from 1.7.05 (Chair from 1.7.05) to 11.9.06; Employment, Workplace Relations and Education from 11.9.06 to 11.2.08; Education, Employment and Workplace Relations from 12.2.08 to 14.5.09; Education, Employment and Workplace Relations: Legislation and References Committees from 14.5.09 to 11.11.13; Environment, Communications, Information Technology and the Arts: References Committee from 9.2.06 to 10.8.06; Legal and Constitutional Affairs from 12.2.08 to 14.5.09; Legal and Constitutional Affairs: Legislation Committee from 14.5.09 to 27.9.10 and from 12.11.13 to 1.7.14 and References Committee from 12.11.13 to 1.7.14; Economics: Legislation Committee from 12.11.13 to 11.2.14.</para>
<para>Joint Statutory: Intelligence and Security from 14.2.08 to 19.7.10; Corporations and Financial Services from 1.7.08 to 24.6.09; Australian Commission for Law Enforcement Integrity from 30.9.10 to 1.7.11; Public Works from 25.10.10 to 1.7.11; Broadcasting of Parliamentary Proceedings from 1.7.14.</para>
<para>Joint Standing: Treaties from 1.7.02 to 31.8.04 and from 14.2.08 to 30.6.08; Foreign Affairs, Defence and Trade from 1.3.04 to 31.8.04; Parliamentary Library from 1.7.11 to 5.8.13.</para>
<para>Joint Select: Christmas Island Tragedy from 3.3.11 to 29.6.11.</para>
</committee.service>
<parliamentary.party.positions>
<title>Parliamentary Party Positions</title>
<para>Chair, ALP Parliamentary Caucus from 30.10.12.</para>
</parliamentary.party.positions>
<party.positions>
<title>Party Positions</title>
<para>Member, ALP from 1977.</para>
</party.positions>
<personal>
<title>Personal</title>
<para>Born 25.3.1960, Melbourne, Vic.</para>
</personal>
<quals.work.pre.parliament>
<title>Qualifications and Occupation before entering Federal Parliament</title>
<para>Apprentice electrical mechanic.</para>
<para>Electrician.</para>
<para>Official, Electrical Trades Union.</para>
</quals.work.pre.parliament>
</biog.entry>