<biog.entry>
<name.id>00AOL</name.id>
<name>COLBECK, the Hon. Richard Mansell</name>
<current.mp>Yes</current.mp>
<mp.type>Senator</mp.type>
<description>Biography for COLBECK, the Hon. Richard Mansell</description>
<doc.date>14/12/2013</doc.date>
<electorate.name>Senator for Tasmania</electorate.name>
<source>Parliamentary Library</source>
<state>TAS</state>
<party>LP</party>
<title>Biography for COLBECK, the Hon. Richard Mansell</title>
<image>00AOL.JPG</image>
<electorate.state.name>Senator for Tasmania</electorate.state.name>
<party.name>Liberal Party of Australia</party.name>
<parliamentary.service>
<title>Parliamentary Service</title>
<para>Appointed by the Governor of Tasmania on 4.2.2002 under section 15 of the Constitution to represent that State in the Senate, vice the Hon. JM Newman (resigned) (term ended 30.6.2002). Elected 2001 (term began 1.7.2002), 2007 and 2013.</para>
</parliamentary.service>
<ministerial.appointments>
<title>Ministerial Appointments</title>
<para>Parliamentary Secretary to the Minister for Agriculture, Fisheries and Forestry from 26.10.04 to 27.1.06.</para>
<para>Parliamentary Secretary to the Minister for Finance and Administration from 27.1.06 to 3.12.07.</para>
<para>Parliamentary Secretary to the Minister for Agriculture from 18.9.13.</para>
</ministerial.appointments>
<committee.service>
<title>Committee Service</title>
<para>Senate Standing: House from 19.3.02 to 15.11.04; Publications from 1.7.02 to 15.11.04; Regulations and Ordinances from 16.3.12 to 11.11.13.</para>
<para>Senate Legislative and General Purpose Standing: Rural and Regional Affairs and Transport: Legislation Committee from 25.3.02 to 15.11.04.</para>
<para>Senate Select: Housing Affordability in Australia from 14.2.08 to 16.6.08; Climate Policy from 17.3.09 to 15.6.09; Australia's Food Processing Sector from 16.6.11 to 16.8.12.</para>
<para>Joint Statutory: Public Accounts and Audit from 14.2.02 to 25.3.03; Public Works from 22.8.02 to 31.8.04.</para>
<para>Joint Standing: National Capital and External Territories from 19.3.02 to 1.7.02.</para>
</committee.service>
<parliamentary.party.positions>
<title>Parliamentary Party Positions</title>
<para>Shadow Parliamentary Secretary for Health from 6.12.07 to 22.9.08; Shadow Parliamentary Secretary for Agriculture, Fisheries and Forestry from 22.9.08 to 14.9.10; Shadow Parliamentary Secretary for Fisheries and Forestry from 14.9.10 to 18.9.13; Shadow Parliamentary Secretary for Innovation, Industry and Science from 14.9.10 to 18.9.13.</para>
</parliamentary.party.positions>
<party.positions>
<title>Party Positions</title>
<para>Member, Liberal Party from 1990.</para>
<para>Delegate, Liberal Party State Council from 1991.</para>
<para>Member, Liberal Party State Executive (Tas) from 1992.</para>
<para>Member, Liberal Party State Policy Advisory Committee (Tas) 1993-97.</para>
<para>Member, Liberal Party Federal Executive 2000-02.</para>
<para>State President, Liberal Party (Tas) 2000-2002.</para>
</party.positions>
<personal>
<title>Personal</title>
<para>Born 5.4.1958, Myrtleford, Vic.</para>
<para>Married. </para>
</personal>
<quals.work.pre.parliament>
<title>Qualifications and Occupation before entering Federal Parliament</title>
<para>Small Business Management Certificate; Certificate in Technology (Building); Carpentry and Joinery Trade and Proficiency Certificates (Devonport Technical College). </para>
<para>Apprentice, carpentry and joinery 1977-79; trainee estimator and supervisor 1977-79; manager 1979-84.</para>
<para>Building estimator and supervisor 1984-89.</para>
<para>Managing director and proprietor of building consultancy from 1989.</para>
<para>Director, Tasmanian Chamber of Commerce and Industry 1998-2001.</para>
</quals.work.pre.parliament>
<local.gov.service>
<title>Local Government Service</title>
<para>President, Devonport Chamber of Commerce 1993-96 and 1998-2000.</para>
<para>Alderman, Devonport City Council 1999-2002.</para>
</local.gov.service>
</biog.entry>