<biog.entry>
<name.id>00AOM</name.id>
<name>SCULLION, the Hon. Nigel Gregory</name>
<current.mp>Yes</current.mp>
<mp.type>Senator</mp.type>
<description>Biography for SCULLION, the Hon. Nigel Gregory</description>
<doc.date>05/01/2015</doc.date>
<electorate.name>
</electorate.name>
<source>Parliamentary Library</source>
<state>NT</state>
<party>CLP</party>
<title>Biography for SCULLION, the Hon. Nigel Gregory</title>
<image>00AOM.JPG</image>
<electorate.state.name>Senator for the Northern Territory</electorate.state.name>
<party.name>Country Liberal Party</party.name>
<parliamentary.service>
<title>Parliamentary Service</title>
<para>Elected to the Senate for the Northern Territory 2001, 2004, 2007, 2010 and 2013 (Territory Senators serve for the same term as the House of Representatives).</para>
</parliamentary.service>
<ministerial.appointments>
<title>Ministerial Appointments</title>
<para>Minister for Community Services from 30.1.07 to 3.12.07.</para>
<para>Minister for Indigenous Affairs from 18.9.13.</para>
</ministerial.appointments>
<committee.service>
<title>Committee Service</title>
<para>Senate Standing: Library from 14.2.02 to 16.8.05; Publications from 28.8.02 to 16.8.05.</para>
<para>Senate Legislative and General Purpose Standing: Legal and Constitutional: Legislation Committee from 13.2.02 to 11.9.06 and References Committee from 14.2.02 to 16.8.05; Legal and Constitutional Affairs from 11.9.06 to 8.2.07; Foreign Affairs, Defence and Trade: Legislation and References Committees from 11.8.05 to 16.8.05.</para>
<para>Senate Select: Administration of Indigenous Affairs from 17.6.04 to 8.3.05; Mental Health from 10.3.05 to 28.4.06; Regional and Remote Indigenous Communities from 20.3.08 to 24.9.10.</para>
<para>Joint Statutory: Public Accounts and Audit from 14.2.02 to 16.8.05; Native Title and the Aboriginal and Torres Strait Islander Land Account from 1.7.02 to 23.3.06.</para>
<para>Joint Standing: National Capital and External Territories from 1.7.02 to 16.8.05 and from 7.9.09 to 27.10.09; Foreign Affairs, Defence and Trade from 16.8.05 to 8.2.07.</para>
<para>Joint Select: Constitutional Recognition of Aboriginal and Torres Strait Islander Peoples from 29.11.12 to 5.8.13.</para>
</committee.service>
<parliamentary.party.positions>
<title>Parliamentary Party Positions</title>
<para>Party Whip in the Senate, The Nationals from 7.2.06 to 6.2.07.
</para>
<para>Deputy Leader of The Nationals in the Senate from 7.2.07 to 3.12.07.
</para>
<para>Leader of The Nationals in the Senate from 3.12.07 to 17.9.08 and from 13.9.13.
</para>
<para>Federal Parliamentary Deputy Leader, The Nationals from 3.12.07 to 13.9.13.
</para>
<para>Member, Opposition Shadow Ministry from 6.12.07 to 18.9.13. Shadow Minister for Agriculture, Fisheries and Forestry from 6.12.07 to 22.9.08; Shadow Minister for Human Services from 22.9.08 to 8.12.09; Shadow Minister for Indigenous Affairs from 8.12.09 to 18.9.13.</para>
</parliamentary.party.positions>
<party.positions>
<title>Party Positions</title>
<para>Member, Country Liberal Party Management Committee.</para>
</party.positions>
<personal>
<title>Personal</title>
<para>Born 4.5.1956, London, UK.</para>
</personal>
<quals.work.pre.parliament>
<title>Qualifications and Occupation before entering Federal Parliament</title>
<para>Graduate, Australian Rural Leadership Program.</para>
<para>Master Class 5 (Trading and Fishing).</para>
<para>Professional fisherman and owner/operator of various marine service industries.</para>
<para>Field assistant, geophysical observer and managerial positions in the mining industry.</para>
<para>Company director.</para>
<para>Chair, Northern Territory Seafood Council 1994-2001.</para>
<para>Chair, Northern Territory Seafood and Maritime Training Advisory Board 1994-98.</para>
<para>Chair, Australian Seafood Industry Council 1996-2001.</para>
<para>Deputy Chair, International Coalition of Fisheries Association 1998; Chair 1999.</para>
</quals.work.pre.parliament>
</biog.entry>