<biog.entry>
<name.id>00AON</name.id>
<name>JOHNSTON, the Hon. David Albert Lloyd</name>
<current.mp>Yes</current.mp>
<mp.type>Senator</mp.type>
<description>Biography for JOHNSTON, the Hon. David Albert Lloyd</description>
<doc.date>05/01/2015</doc.date>
<electorate.name>
</electorate.name>
<source>Parliamentary Library</source>
<state>WA</state>
<party>LP</party>
<title>Biography for JOHNSTON, the Hon. David Albert Lloyd</title>
<image>00AON.JPG</image>
<electorate.state.name>Senator for Western Australia</electorate.state.name>
<party.name>Liberal Party of Australia</party.name>
<parliamentary.service>
<title>Parliamentary Service</title>
<para>Elected to the Senate for Western Australia 2001 (term began 1.7.2002) and 2007.</para>
</parliamentary.service>
<ministerial.appointments>
<title>Ministerial Appointments</title>
<para>Minister for Justice and Customs from 9.3.07 to 3.12.07.</para>
<para>Minister for Defence from 18.9.13 to 23.12.14.</para>
</ministerial.appointments>
<committee.service>
<title>Committee Service</title>
<para>Senate Standing: Privileges from 1.7.02 to 23.3.07, from 24.6.09 to 3.2.10 and from 14.5.10 to 19.3.12; Publications from 1.7.02 to 23.3.07; Scrutiny of Bills from 1.7.02 to 23.3.07; Senators' Interests from 13.2.08 to 11.11.13.</para>
<para>Senate Legislative and General Purpose Standing: Employment, Workplace Relations and Education: Legislation Committee from 1.7.02 to 11.9.06; Foreign Affairs, Defence and Trade: References Committee from 1.7.02 to 11.9.06 and Legislation Committee from 13.9.05 to 11.9.06 (Chair from 14.9.05 to 11.9.06); Foreign Affairs, Defence and Trade from 11.9.06 to 23.3.07 (Chair from 11.9.06 to 21.3.07).</para>
<para>Senate Select: Ministerial Discretion in Migration Matters from 24.6.03 to 31.3.04; Administration of Indigenous Affairs from 17.6.04 to 8.3.05; Regional and Remote Indigenous Communities from 20.3.08 to 24.9.10.</para>
<para>Joint Statutory: Native Title and the Aboriginal and Torres Strait Islander Land Account from 2.12.02 (Chair from 9.12.02) to 23.3.06; Australian Commission for Law Enforcement Integrity from 15.10.08 to 12.5.10; Intelligence and Security from 6.7.11 to 5.8.13.</para>
<para>Joint Standing: Foreign Affairs, Defence and Trade from 22.8.02 to 23.3.07 and from 23.9.08 to 5.8.13.</para>
</committee.service>
<parliamentary.party.positions>
<title>Parliamentary Party Positions</title>
<para>Member, Opposition Shadow Ministry from 6.12.07 to 18.9.13. Shadow Minister for Resources and Energy from 6.12.07 to 22.9.08; Shadow Minister for Tourism from 6.12.07 to 22.9.08; Shadow Minister for Defence from 22.9.08 to 18.9.13.</para>
</parliamentary.party.positions>
<party.positions>
<title>Party Positions</title>
<para>Member, UWA Liberal Club 1974-79.</para>
<para>Member, Liberal Party Kalgoorlie/Boulder Branch 1986-2001; President 1986-88.</para>
<para>President, Liberal Party (WA) 1997-2001.</para>
<para>Member, Liberal Party Mt Pleasant Branch from 2001.</para>
</party.positions>
<personal>
<title>Personal</title>
<para>Born 14.2.1956, Perth, WA.</para>
</personal>
<quals.work.pre.parliament>
<title>Qualifications and Occupation before entering Federal Parliament</title>
<para>BJuris (UWA).</para>
<para>Barrister and solicitor.</para>
</quals.work.pre.parliament>
</biog.entry>