<biog.entry>
<name.id>00ATG</name.id>
<name>SHORTEN, the Hon. William (Bill) Richard</name>
<current.mp>Yes</current.mp>
<mp.type>Member</mp.type>
<description>Biography for SHORTEN, the Hon. William (Bill) Richard</description>
<doc.date>04/05/2015</doc.date>
<electorate.name>Member for Maribyrnong (Vic)</electorate.name>
<source>Parliamentary Library</source>
<state>VIC</state>
<party>ALP</party>
<title>Biography for SHORTEN, the Hon. William (Bill) Richard</title>
<image>00ATG.jpg</image>
<electorate.state.name>Member for Maribyrnong (Vic)</electorate.state.name>
<party.name>Australian Labor Party</party.name>
<parliamentary.service>
<title>Parliamentary Service</title>
<para>Elected to the House of Representatives for Maribyrnong, Victoria, 2007, 2010 and 2013.</para>
</parliamentary.service>
<ministerial.appointments>
<title>Ministerial Appointments</title>
<para>Parliamentary Secretary for Disabilities and Children's Services from 3.12.07 to 14.9.10.  
</para>
<para>Parliamentary Secretary for Victorian Bushfire Reconstruction from 25.2.09 to 14.9.10.  
</para>
<para>Assistant Treasurer from 14.9.10 to 14.12.11. 
</para>
<para>Minister for Financial Services and Superannuation from 14.9.10 to 1.7.13.  
</para>
<para>Minister for Employment and Workplace Relations from 14.12.11 to 1.7.13.
</para>
<para>Minister for Education from 1.7.13 to 18.9.13.
</para>
<para>Minister for Workplace Relations from 1.7.13 to 18.9.13.</para>
</ministerial.appointments>
<parliamentary.party.positions>
<title>Parliamentary Party Positions</title>
<para>Leader of the Federal Parliamentary Labor Party from 13.10.13.</para>
<para>Leader of the Opposition from 13.10.13.</para>
</parliamentary.party.positions>
<party.positions>
<title>Party Positions</title>
<para>Delegate, ALP State Conference (Vic) from 1987.</para>
<para>Member, ALP State Administrative Committee (Vic) from 1989.</para>
<para>Delegate, ALP National Conference from 1998.</para>
<para>Member, ALP National Executive from 2004.</para>
<para>ALP State President (Vic) 2005-08.</para>
</party.positions>
<personal>
<title>Personal</title>
<para>Born 12.5.1967, Melbourne, Vic.</para>
<para>Married. </para>
</personal>
<quals.work.pre.parliament>
<title>Qualifications and Occupation before entering Federal Parliament</title>
<para>BA, LLB (Monash), MBA (Melb).</para>
<para>Director, Australian Super (formerly Superannuation Trust Australia) 1998-2007.</para>
<para>National Secretary, Australian Workers' Union 2001-07.</para>
<para>Director, Victorian Funds Management Corporation 2005-07.</para>
</quals.work.pre.parliament>
<honours>
<title>Honours</title>
<para>Awarded Centenary Medal 2003. </para>
</honours>
<military.service>
<title>Military Service</title>
<para>Australian Army Reserve 1985-86.</para>
</military.service>
<electorate>
<title>Electorate</title>
<para>Description: inner metropolitan.</para>
<para>Location: north-western Melbourne; it includes the suburbs of Aberfeldie, Airport West, Avondale Heights, Braybrook, Essendon, Essendon North, Essendon West, Kealba, Keilor East, Maribyrnong, Moonee Ponds, Niddrie, St Albans, Sunshine North, and parts of Maidstone and Strathmore.</para>
<para>Area: 73 sq km (approx.).
</para>
<para>Electors enrolled: 104 938 (at 7.9.13).</para>
<para>Industries: light manufacturing, retail and service industries.</para>
<para>State electorates: Maribyrnong includes parts of the Victorian Legislative Assembly electorates of Essendon, Footscray, Niddrie and St Albans.</para>
</electorate>
</biog.entry>