<biog.entry>
<name.id>0J4</name.id>
<name>RUDDOCK, the Hon. Philip Maxwell</name>
<current.mp>Yes</current.mp>
<mp.type>Member</mp.type>
<description>Biography for RUDDOCK, the Hon. Philip Maxwell</description>
<doc.date>28/05/2015</doc.date>
<electorate.name>Berowra</electorate.name>
<source>Parliamentary Library</source>
<state>NSW</state>
<party>LP</party>
<title>Biography for RUDDOCK, the Hon. Philip Maxwell</title>
<image>0J4.jpg</image>
<electorate.state.name>Member for Berowra (NSW)</electorate.state.name>
<party.name>Liberal Party of Australia</party.name>
<parliamentary.service>
<title>Parliamentary Service</title>
<para>Elected to the House of Representatives for Parramatta, New South Wales, at by-election 22.9.1973, vice the Hon. NH Bowen (resigned).</para>
<para>Re-elected 1974 and 1975.</para>
<para>Re-elected following the 1977 electoral redistribution for Dundas, New South Wales, 1977, 1980, 1983, 1984, 1987 and 1990.</para>
<para>Re-elected following the 1992 electoral redistribution for Berowra, New South Wales, 1993, 1996, 1998, 2001, 2004, 2007, 2010 and 2013.</para>
</parliamentary.service>
<parliamentary.appointments>
<title>Parliamentary Appointments</title>
<para>Parliamentary Representative on the Council of the Australian National University from 24.3.76 to 11.3.96; on the Council of the Australian Institute of Aboriginal Studies from 28.2.78 to 21.4.83 and on the Australian Council for Union Training from 26.2.81 to 4.2.83.</para>
</parliamentary.appointments>
<parliamentary.positions>
<title>Parliamentary Positions</title>
<para>Deputy Chair of Committees from 19.9.85 to 12.5.89.</para>
</parliamentary.positions>
<ministerial.appointments>
<title>Ministerial Appointments</title>
<para>Minister for Immigration and Multicultural Affairs from 11.3.96 to 26.11.01.</para>
<para>Minister for Immigration and Multicultural and Indigenous Affairs from 26.11.01 to 7.10.03.</para>
<para>Minister for Administrative Services from 25.9.97 to 9.10.97.</para>
<para>Minister Assisting the Prime Minister for Reconciliation from 21.10.98 to 30.1.01 and from 26.11.01 to 7.10.03.</para>
<para>Minister for Reconciliation and Aboriginal and Torres Strait Islander Affairs from 30.1.01 to 26.11.01.</para>
<para>Attorney-General from 7.10.03 to 3.12.07.</para>
</ministerial.appointments>
<committee.service>
<title>Committee Service</title>
<para>House of Representatives Standing: Aboriginal Affairs from 12.3.74 (Chair from 6.4.76) to 4.2.83; Road Safety from 18.7.74 to 10.11.77; Members' Interests from 23.9.87 to 8.2.93; Privileges and Members? Interests from 23.5.12; Legal and Constitutional Affairs from 8.10.87 to 15.6.89; Community Affairs from 12.5.93 to 29.1.96; Selection from 22.3.11; Appropriations and Administration from 4.12.13 to 13.5.15; House from 4.12.13.</para>
<para>Joint Statutory: Public Accounts from 29.11.85 to 1.6.89; Intelligence and Security from 12.3.08.</para>
<para>Joint Standing: Australian Capital Territory from 12.5.83 to 26.10.84; Foreign Affairs, Defence and Trade from 20.10.87 to 19.2.90 and from 11.3.08; New Parliament House from 12.5.83 to 26.10.84; Migration Regulations (formerly Joint Select) from 15.6.89 to 8.2.93; Migration from 26.5.93 to 29.1.96; Human Rights from 3.3.15.</para>
<para>Joint Select: Aboriginal Land Rights in the Northern Territory from 10.12.76 to 28.2.77 and from 15.3.77 to 18.8.77; Family Law Act from 12.10.78 (Chair from 18.10.78) to 28.8.80; Telecommunications Interception from 24.6.86 to 20.11.86.</para>
</committee.service>
<parliamentary.party.positions>
<title>Parliamentary Party Positions</title>
<para>Member, Opposition Shadow Ministry from 16.3.83 to 9.9.85 and from 12.5.89 to 11.3.96. Shadow Minister for the Australian Capital Territory and Shadow Minister Assisting the Opposition Leader on Public Service Matters from 16.3.83 to 14.12.84; Immigration and Ethnic Affairs from 14.12.84 to 9.9.85 and from 12.5.89 to 7.4.93; Shadow Minister Assisting the Leader of the Opposition on Ethnic Affairs from 11.4.90 to 7.4.93; Shadow Minister for Social Security from 7.4.93 to 11.3.96; and Senior Citizens from 31.1.95 to 11.3.96.</para>
<para>Shadow Cabinet Secretary from 8.12.09 to 14.9.10.</para>
<para>Chief Government Whip from 18.9.13 to 23.2.15.</para>
</parliamentary.party.positions>
<party.positions>
<title>Party Positions</title>
<para>President, Young Liberals (NSW) 1971-72.</para>
<para>Federal Chair, Young Liberal Movement 1973-74.</para>
<para>Member, Liberal Party State Executive (NSW) 1971-74 and 1982-85 and 1994-95.</para>
<para>Member, Liberal Party Federal Executive (NSW) 1973-74 and 1982-86.</para>
</party.positions>
<other.positions>
<title>Other Positions</title>
<para>President, Amnesty International Parliamentary Group 1974-78; Secretary 1990-96.</para>
<para>Special Envoy on Citizenship and Community Engagement from 28.5.15.</para>
</other.positions>
<personal>
<title>Personal</title>
<para>Born 12.3.1943, Canberra, ACT.</para>
<para>Married.</para>
</personal>
<quals.work.pre.parliament>
<title>Qualifications and Occupation before entering Federal Parliament</title>
<para>BA, LLB (Syd).</para>
<para>Solicitor.</para>
</quals.work.pre.parliament>
<electorate>
<title>Electorate</title>
<para>Description: outer metropolitan.</para>
<para>Location: north-western Sydney; it includes the suburbs of Arcadia, Berowra, Brooklyn, Cheltenham, Cherrybrook, Cowan, Dangar Island, Galston, Glenorie, Maroota, Middle Dural, Mount Kuring-gai, Normanhurst, Pennant Hills, Sackville North, Thornleigh, Westleigh and parts of Asquith, Beecroft, Carlingford, Castle Hill, Cattai, Dural, Hornsby, Lower Portland, Maraylya, Mount Colah, West Pennant Hills and Wisemans Ferry.</para>
<para>Area: 782 sq km (approx.).</para>
<para>Electors enrolled: 96 947 (at 7.9.13).</para>
<para>Industries: fishing and oyster farming, retail, service and various small industries including hobby farming, citrus fruit orchards, poultry farming, horticulture and tourism.</para>
<para>State electorates: Berowra includes parts of the New South Wales Legislative Assembly electorates of Castle Hill, Epping, Hawkesbury and Hornsby.</para>
</electorate>
</biog.entry>