<biog.entry>
<name.id>108616</name.id>
<name>LAZARUS, Glenn Patrick</name>
<current.mp>Yes</current.mp>
<mp.type>Senator</mp.type>
<description>Biography for LAZARUS, Glenn Patrick</description>
<doc.date>13/03/2015</doc.date>
<electorate.name>
</electorate.name>
<source>Parliamentary Library</source>
<state>QLD</state>
<party>IND</party>
<title>Biography for LAZARUS, Glenn Patrick</title>
<image>108616.jpg</image>
<electorate.state.name>Senator for Queensland</electorate.state.name>
<party.name>Independent</party.name>
<parliamentary.service>
<title>Parliamentary Service</title>
<para>Elected to the Senate for Queensland 2013 (term began 1.7.2014) (Palmer United Part to 12.3.15; Independent from 12.3.15).</para>
</parliamentary.service>
<committee.service>
<title>Committee Service</title>
<para>Senate Legislative and General Purpose Standing: Legal and Constitutional Affairs References Committee from 24.6.15 (Chair from 24.6.15).</para>
<para>Joint Select: Australia Fund Establishment from 28.10.14; Trade and Investment Growth from 30.10.14 to 27.11.14.</para>
<para>Senate Select: Certain Aspects of Queensland Government Administration related to Commonwealth Government Affairs from 2.10.14 (Chair from 27.10.14).</para>
</committee.service>
<parliamentary.party.positions>
<title>Parliamentary Party Positions</title>
<para>Leader of the Palmer United Party in the Senate from 1.7.14 to 12.3.15.</para>
</parliamentary.party.positions>
<personal>
<title>Personal</title>
<para>Born 11.12.1965, Queanbeyan, NSW.</para>
<para>Married.</para>
</personal>
<quals.work.pre.parliament>
<title>Qualifications and Occupation before entering Federal Parliament</title>
<para>Professional rugby league player: Canberra Raiders 1987-91; Brisbane Broncos 1992-97; Melborne Storm 1998-99; NSW State of Origin team 1989-99; Australian Kangaroos 1990-99.</para>
<para>Winner, NSW Rugby League Premiership 1989, 1990, 1992, 1993; played two rugby league Kangaroo Tours; 22 test matches and 22 State of Origin matches.</para>
</quals.work.pre.parliament>
<honours>
<title>Honours</title>
<para>Australian Sports Medal, June 2000.</para>
</honours>
</biog.entry>