<biog.entry>
<name.id>121628</name.id>
<name>McALLISTER, Jennifer (Jenny)</name>
<current.mp>Yes</current.mp>
<mp.type>Senator</mp.type>
<description>Biography for McALLISTER, Jennifer (Jenny)</description>
<doc.date>06/05/2015</doc.date>
<electorate.name>
</electorate.name>
<source>Parliamentary Library</source>
<state>NSW</state>
<party>ALP</party>
<title>Biography for McALLISTER, Jennifer (Jenny)</title>
<image>
</image>
<electorate.state.name>New South Wales</electorate.state.name>
<party.name>Australian Labor Party</party.name>
<parliamentary.service>
<title>Parliamentary Service</title>
<para>Chosen by the Parliament of New South Wales on 6.5.2015 under section 15 of the Constitution to represent the State in the Senate, vice the Hon. JP Faulkner (resigned) (term ends 30.6.2017).</para>
</parliamentary.service>
</biog.entry>