<biog.entry>
<name.id>121628</name.id>
<name>McALLISTER, Jennifer (Jenny)</name>
<current.mp>Yes</current.mp>
<mp.type>Senator</mp.type>
<description>Biography for McALLISTER, Jennifer (Jenny)</description>
<doc.date>06/05/2015</doc.date>
<electorate.name>
</electorate.name>
<source>Parliamentary Library</source>
<state>NSW</state>
<party>ALP</party>
<title>Biography for McALLISTER, Jennifer (Jenny)</title>
<image>
</image>
<electorate.state.name>New South Wales</electorate.state.name>
<party.name>Australian Labor Party</party.name>
</biog.entry>