<biog.entry>
<name.id>121628</name.id>
<name>McALLISTER, Jennifer (Jenny) Ryll</name>
<current.mp>Yes</current.mp>
<mp.type>Senator</mp.type>
<description>Biography for McALLISTER, Jennifer (Jenny) Ryll</description>
<doc.date>23/06/2015</doc.date>
<electorate.name>
</electorate.name>
<source>Parliamentary Library</source>
<state>NSW</state>
<party>ALP</party>
<title>Biography for McALLISTER, Jennifer (Jenny) Ryll</title>
<image>121628.jpg</image>
<electorate.state.name>New South Wales</electorate.state.name>
<party.name>Australian Labor Party</party.name>
<parliamentary.service>
<title>Parliamentary Service</title>
<para>Chosen by the Parliament of New South Wales on 6.5.2015 under section 15 of the Constitution to represent the State in the Senate, vice the Hon. JP Faulkner (resigned) (term ends 30.6.2017).</para>
</parliamentary.service>
<committee.service>
<title>Committee Service</title>
<para>Senate Select: National Broadband Network from 13.5.5 (Chair from 13.5.15); Health from 14.5.15.</para>
<para>Senate Legislative and General Purpose Standing: Economics References Committee from 14.5.15.</para>
</committee.service>
<party.positions>
<title>Party Positions</title>
<para>National President, Australian Labor Party, 2011-15. </para>
</party.positions>
<personal>
<title>Personal</title>
<para>Born 4.7.1973, Murwillumbah, NSW.
</para>
<para>Married.</para>
</personal>
<quals.work.pre.parliament>
<title>Qualifications and Occupation before entering Federal Parliament</title>
<para>BA (Hons I) (Syd).</para>
<para>Adviser to the Minister for Environment (NSW), 2002-06.</para>
<para>NSW Public Service, 2006-10.</para>
<para>Director, AECOM (various roles), 2010-15.</para>
</quals.work.pre.parliament>
</biog.entry>