<biog.entry>
<name.id>123674</name.id>
<name>McGOWAN, Catherine (Cathy), AO</name>
<current.mp>Yes</current.mp>
<mp.type>Member</mp.type>
<description>Biography for McGOWAN, Catherine (Cathy), AO</description>
<doc.date>25/06/2014</doc.date>
<electorate.name>Member for Indi (Vic)</electorate.name>
<source>Parliamentary Library</source>
<state>VIC</state>
<party>IND</party>
<title>Biography for McGOWAN, Catherine (Cathy), AO</title>
<image>123674.jpg</image>
<electorate.state.name>Member for Indi (Vic)</electorate.state.name>
<party.name>Independent</party.name>
<parliamentary.service>
<title>Parliamentary Service</title>
<para>Elected to the House of Representatives for Indi, Victoria, 2013.</para>
</parliamentary.service>
<committee.service>
<title>Committee Service</title>
<para>House of Representatives Standing: Agriculture and Industry from 4.12.13.</para>
<para>Joint Statutory: Human Rights from 14.5.15.</para>
</committee.service>
<personal>
<title>Personal</title>
<para>Born 29.11.1953, Albury, NSW.</para>
</personal>
<quals.work.pre.parliament>
<title>Qualifications and Occupation before entering Federal Parliament</title>
<para>BA (Monash), DipEd (Melb.), MAppSc (UWS).</para>
<para>Teacher 1977-80. 
</para>
<para>Legislative and research assistant to the Member for Indi, EC Cameron, MP 1980-83.</para>
<para>Rural community consultant 1984-87.</para>
<para>Rural Affairs Adviser, Dept of Agriculture (Vic.) 1987-90.</para>
<para>Managing Director, Catherine McGowan Consulting (leadership, agriculture, community development) 1990-2013.</para>
<para>Lecturer, University of Western Sydney 1992-2003.</para>
</quals.work.pre.parliament>
<honours>
<title>Honours</title>
<para>Awarded Centenary Medal 2003.</para>
<para>Appointed Officer of the Order of Australia, January 2004.</para>
</honours>
<electorate>
<title>Electorate</title>
<para>Description: rural.</para>
<para>Location: north-eastern Victoria; it includes the cities of Benalla, Wangaratta and Wodonga, and the centres of Alexandra, Bandiana, Barnawartha, Beechworth, Bonnie Doon, Bright, Chiltern, Corryong, Dederang, Eildon, Falls Creek, Flowerdale, Glenrowan, Harrietville, Jamieson, Kinglake, Mansfield, Marysville, Merton, Mitta Mitta, Moyhu, Mt Beauty, Mt Buffalo, Mt Buller, Mt Hotham, Myrtleford, Rutherglen, Tallangatta, Thoona, Tungamah, Whitfield, Woods Point, Yackandandah, Yarck and Yea.</para>
<para>Area: 28 567 sq km (approx.).</para>
<para>Electors enrolled: 98 637 (at 7.9.13).</para>
<para>Industries: agriculture, tourism, forestry, woodchipping, food processing, viticulture, timber processing, manufacturing, services, transport, education, health, building and construction.</para>
<para>State electorates: Indi includes the Victorian Legislative Assembly electorate of Benambra, and parts of Eildon, Euroa and Ovens Valley.</para>
</electorate>
</biog.entry>