<biog.entry>
<name.id>137174</name.id>
<name>NIKOLIC, Andrew Alexander, AM, CSC</name>
<current.mp>Yes</current.mp>
<mp.type>Member</mp.type>
<description>Biography for NIKOLIC, Andrew Alexander, AM, CSC</description>
<doc.date>26/02/2015</doc.date>
<electorate.name>Bass</electorate.name>
<source>Parliamentary Library</source>
<state>TAS</state>
<party>LP</party>
<title>Biography for NIKOLIC, Andrew Alexander, AM, CSC</title>
<image>137174.jpg</image>
<electorate.state.name>Member for Bass (Tas)</electorate.state.name>
<party.name>Liberal Party of Australia</party.name>
<parliamentary.service>
<title>Parliamentary Service</title>
<para>Elected to the House of Representatives for Bass, Tasmania, 2013.</para>
</parliamentary.service>
<committee.service>
<title>Committee Service</title>
<para>House of Representatives Standing: Selection from 24.2.2015.</para>
<para>Joint Statutory: Intelligence and Security from 12.12.13.</para>
<para>Joint Standing: Foreign Affairs, Defence and Trade from 4.12.13.</para>
</committee.service>
<parliamentary.party.positions>
<title>Parliamentary Party Positions</title>
<para>Government Whip from 23.2.15.</para>
</parliamentary.party.positions>
<personal>
<title>Personal</title>
<para>Born 20.6.1961, (the former) Yugoslavia.</para>
<para>Married.</para>
</personal>
<quals.work.pre.parliament>
<title>Qualifications and Occupation before entering Federal Parliament</title>
<para>BA (Adel), BSocSc (SCU).</para>
<para>Master of Management Studies (UNSW).</para>
<para>MA(International Relations)(Deakin).</para>
<para>Master of Strategic Studies (US Army War College).</para>
<para>1st Battalion, Royal Australian Regiment 1979-80.
</para>
<para>Officer Cadet School, Portsea 1980-81.
</para>
<para>3rd Battalion, RAR 1981-85.
</para>
<para>Adjutant, Adelaide University Regiment 1986-88.
</para>
<para>Instructor, RMC Duntroon 1989-90.
</para>
<para>UN Military Observer Israel, Syria and South Lebanon 1990-91.
</para>
<para>Various regimental appointments 1992-2000.
</para>
<para>CO and Chief Instructor, Parachute Training School 2000-01.
</para>
<para>COS and Deputy Commander, Australian National Headquarters, Afghanistan 2001-02.
</para>
<para>Commandant, Army Recruit Training Centre 2004-05.
</para>
<para>National Command Representative, Australian Forces, Southern Iraq, and A/COS to Multinational Division (South East) 2005.
</para>
<para>Australian International Fellow, US Army War College, Pennsylvania 2006-07.
</para>
<para>Director-General Public Affairs, Defence 2007-08 (Brigadier).
</para>
<para>Acting First Assistant Secretary, Department of Defence 2008-10.

</para>
<para>First Assistant Secretary, Department of Defence 2010-2011.</para>
</quals.work.pre.parliament>
<honours>
<title>Honours</title>
<para>Conspicuous Service Cross, January 2002.
</para>
<para>Member of the Order of Australia, January 2010.
</para>
<para>Australian Active Service Medal.
</para>
<para>Afghanistan Medal.
</para>
<para>Iraq Medal.
</para>
<para>Australian Service Medal (Clasps: South East Asia, Middle East).
</para>
<para>Defence Force Service Medal.
</para>
<para>Australian Defence Medal.
</para>
<para>United Nations Medal.
</para>
<para>Iraq Medal (United Kingdom).
</para>
<para>Commendation for Bravery (SA Commissioner of Police).
</para>
</honours>
<military.service>
<title>Military Service</title>
<para>Australian Regular Army 1979-2010 (see Occupations above).</para>
</military.service>
<electorate>
<title>Electorate</title>
<para>Description: provincial. 
</para>
<para>Location: north-east Tasmania; it includes the city of Launceston and its suburbs, and the towns of Bell Bay, Bridport, George Town, Hadspen, Lilydale, Ringarooma and Scottsdale. Cape Barren Island, Clarke Island and Flinders Island are also in this division.</para>
<para>Area: 7378 sq km (approx.). </para>
<para>Electors enrolled: 72 226 (as at 7.9.13). </para>
<para>Industries: aluminium and ferrous metal smelting, brewery, cattle (dairy and beef) farming, manufacturing, mining, ports and shipping, ship building, timber, tourism, fishing, wineries and wool. </para>
<para>State electorates: Bass is co-extensive with the Tasmanian House of Assembly electorate of the same name.</para>
</electorate>
</biog.entry>