<biog.entry>
<name.id>140590</name.id>
<name>O'NEIL, Clare Ellen</name>
<current.mp>Yes</current.mp>
<mp.type>Member</mp.type>
<description>Biography for O'NEIL, Clare Ellen</description>
<doc.date>19/02/2014</doc.date>
<electorate.name>Member for Hotham (Vic)</electorate.name>
<source>Parliamentary Library</source>
<state>VIC</state>
<party>ALP</party>
<title>Biography for O'NEIL, Clare Ellen</title>
<image>140590.jpg</image>
<electorate.state.name>Member for Hotham (Vic)</electorate.state.name>
<party.name>Australian Labor Party</party.name>
<parliamentary.service>
<title>Parliamentary Service</title>
<para>Elected to the House of Representatives for Hotham, Victoria, 2013.</para>
</parliamentary.service>
<parliamentary.positions>
<title>Parliamentary Positions</title>
<para>Member, Speaker's Panel from 25.3.15.</para>
</parliamentary.positions>
<committee.service>
<title>Committee Service</title>
<para>House of Representatives Standing: Agriculture and Industry from 4.12.13; Tax and Revenue from 4.12.13.</para>
</committee.service>
<party.positions>
<title>Party Positions</title>
<para>Member, ALP from 1997.</para>
<para>Secretary, ALP Caucus Economics Policy Committee from 2013.</para>
</party.positions>
<personal>
<title>Personal</title>
<para>Born 12.9.1980, Melbourne, Vic.</para>
<para>Partner.</para>
</personal>
<quals.work.pre.parliament>
<title>Qualifications and Occupation before entering Federal Parliament</title>
<para>BA(Hons), LLB(Hons) (Monash).</para>
<para>MPP (Harvard).</para>
<para>Dean's Scholar.</para>
<para>Fulbright Scholar.</para>
<para>Intern, Global Corporate Client Group, New York Stock Exchange 2007.</para>
<para>Policy Adviser, Office of the Commonwealth Treasurer 2008.</para>
<para>Engagement Manager, McKinsey and Company 2009-13.</para>
<para>Business Adviser, Marngarr Aboriginal Resource Centre 2011.</para>
</quals.work.pre.parliament>
<local.gov.service>
<title>Local Government Service</title>
<para>Councillor, City of Greater Dandenong 2003-05.</para>
<para>Mayor, City of Greater Dandenong 2004.</para>
</local.gov.service>
<electorate>
<title>Electorate</title>
<para>Description: outer metropolitan.</para>
<para>Location: south-eastern Melbourne; it includes the suburbs of Bentleigh East, Dingley Village, Heatherton, Moorabbin, Springvale South, and parts of Clayton, Clayton South, Cheltenham, Keysborough, Murrumbeena, Noble Park, Oakleigh, Oakleigh South and Springvale.</para>
<para>Area: 75 sq km (approx.).</para>
<para>Electors enrolled: 97 618 (at 7.9.13).</para>
<para>Industries: retail and service industries, light engineering and warehousing.</para>
<para>State electorates: Hotham includes parts of the Victorian Legislative Assembly electorates of Bentleigh, Clarinda, Keysborough, Mordialloc, Oakleigh and Sandringham.</para>
</electorate>
</biog.entry>