<biog.entry>
<name.id>140651</name.id>
<name>O'NEILL, Deborah</name>
<current.mp>Yes</current.mp>
<mp.type>Senator</mp.type>
<description>Biography for O'NEILL, Deborah</description>
<doc.date>04/03/2015</doc.date>
<electorate.name>
</electorate.name>
<source>Parliamentary Library</source>
<state>NSW</state>
<party>ALP</party>
<title>Biography for O'NEILL, Deborah</title>
<image>140651.jpg</image>
<electorate.state.name>Senator for New South Wales</electorate.state.name>
<party.name>Australian Labor Party</party.name>
<parliamentary.service>
<title>Parliamentary Service</title>
<para>Elected to the House of Representatives for Robertson, New South Wales, 2010. Defeated at general elections 2013.</para>
<para>Chosen by the Parliament of New South Wales on 13.11.2013 under section 15 of the Constitution to represent that State in the Senate, vice the Hon. RJ Carr (resigned)(term ended 30.6.2014).</para>
<para>Chosen by the Parliament of New South Wales on 2.7.2014 under section 15 of the Constitution to represent that State in the Senate, vice the Hon. RJ Carr (resigned)(term ends 30.6.2020).</para>
</parliamentary.service>
<parliamentary.positions>
<title>Parliamentary Positions</title>
<para>Member, Speaker's Panel from 13.3.12 to 5.8.13.</para>
<para>Temporary Chair of Committees from 7.7.14.</para>
</parliamentary.positions>
<committee.service>
<title>Committee Service</title>
<para>Senate Standing: Senators' Interests from 7.7.14.</para>
<para>Senate Legislative and General Purpose Standing: Education and Employment: Legislation and References Committees from 7.7.14.</para>
<para>Senate Select: School Funding from 12.12.13 to 30.6.14; Health from 26.6.14 to 30.6.14 and from 7.7.14 (Chair from 7.7.14).</para>
<para>House of Representatives Standing: Education and Employment from 25.10.10 to 5.8.13; Health and Ageing from 25.10.10 to 5.8.13.</para>
<para>Joint Statutory: Public Accounts and Audit from 25.10.10 to 5.8.13; Corporations and Financial Services from 14.3.12 to 5.8.13 and from 15.7.14.</para>
<para>Joint Standing: Foreign Affairs, Defence and Trade from 7.7.14.</para>
<para>Joint Select: Northern Australia from 9.12.13 to 30.6.14 and from 27.8.14.</para>
</committee.service>
<party.positions>
<title>Party Positions</title>
<para>Delegate, ALP State Conference (NSW) from 1996.</para>
<para>President, ALP Terrigal State Electorate Committee.</para>
<para>Member, ALP Health Policy Committee (NSW).</para>
<para>Delegate, ALP National Conference 2007 and 2009.</para>
</party.positions>
<personal>
<title>Personal</title>
<para>Born 4.6.1961, Parramatta, NSW.</para>
<para>Married.</para>
</personal>
<quals.work.pre.parliament>
<title>Qualifications and Occupation before entering Federal Parliament</title>
<para>BA (Syd./UNE), MA (ACU), DipT (ACU), GradDipLitEd (Deakin).</para>
<para>High school teacher.</para>
<para>Lecturer, School of Education, University of Newcastle Central Coast Campus.</para>
</quals.work.pre.parliament>
</biog.entry>