<biog.entry>
<name.id>148150</name.id>
<name>PITT, Keith John</name>
<current.mp>Yes</current.mp>
<mp.type>Member</mp.type>
<description>Biography for PITT, Keith John</description>
<doc.date>04/11/2014</doc.date>
<electorate.name>Hinkler</electorate.name>
<source>Parliamentary Library</source>
<state>QLD</state>
<party>NP</party>
<title>Biography for PITT, Keith John</title>
<image>148150.jpg</image>
<electorate.state.name>Member for Hinkler (Qld)</electorate.state.name>
<party.name>Nationals</party.name>
<parliamentary.service>
<title>Parliamentary Service</title>
<para>Elected to the House of Representatives for Hinkler, Queensland, 2013.</para>
</parliamentary.service>
<committee.service>
<title>Committee Service</title>
<para>House of Representatives Standing: Infrastructure and Communications from 4.12.13; Privileges and Members' Interests from 4.12.13.</para>
<para>Joint Select: Australia Fund Establishment from 23.10.14.</para>
</committee.service>
<party.positions>
<title>Party Positions</title>
<para>Secretary, LNP Burnett State Electoral Conference 2012.</para>
</party.positions>
<personal>
<title>Personal</title>
<para>Born 31.8.1969, Bundaberg, Qld.</para>
<para>Married.</para>
</personal>
<quals.work.pre.parliament>
<title>Qualifications and Occupation before entering Federal Parliament</title>
<para>Bachelor of Computer and Electrical Engineering (QUT).</para>
<para>Electrical fitter mechanic 1987-91.</para>
<para>Electrical engineer, Bundaberg Sugar Ltd 1996-98.</para>
<para>Group safety co-ordinator, Bundaberg Sugar Ltd 1998-2001.</para>
<para>Sugar cane farmer 1999-2012.</para>
<para>Managing Director, Australian Safety and Training Alliance, Bundaberg 2002-13.</para>
</quals.work.pre.parliament>
<electorate>
<title>Electorate</title>
<para>Description: provincial.
</para>
<para>Location: southern central Queensland coast; it includes the centres of Bundaberg, Bargara, Burrum Heads, Childers and Hervey Bay.
</para>
<para>Area: 3504 sq km (approx.).
</para>
<para>Electors enrolled: 94 495 (at 7.9.13).
</para>
<para>Industries: sugar, small crops (including tomatoes, avocados and macadamia nuts), rum, fishing, seafood industries and tourism.
</para>
<para>State electorates: Hinkler includes the Queensland Legislative Assembly electorate of Bundaberg, and parts of Burnett, Hervey Bay and Maryborough.</para>
</electorate>
</biog.entry>