<biog.entry>
<name.id>155410</name.id>
<name>RICE, Janet Elizabeth</name>
<current.mp>Yes</current.mp>
<mp.type>Senator</mp.type>
<description>Biography for RICE, Janet Elizabeth</description>
<doc.date>31/07/2014</doc.date>
<electorate.name>Senator for Victoria</electorate.name>
<source>Parliamentary Library</source>
<state>VIC</state>
<party>AG</party>
<title>Biography for RICE, Janet Elizabeth</title>
<image>155410.jpg</image>
<electorate.state.name>Senator for Victoria</electorate.state.name>
<party.name>Australian Greens</party.name>
<parliamentary.service>
<title>Parliamentary Service</title>
<para>Elected to the Senate for Victoria 2013 (term began 1.7.2014).</para>
</parliamentary.service>
<committee.service>
<title>Committee Service</title>
<para>Senate Legislative and General Purpose Standing: Finance and Public Administration: Legislation and References Committees from 7.7.14.</para>
</committee.service>
<parliamentary.party.positions>
<title>Parliamentary Party Positions</title>
<para>Australian Greens Portfolios: Forests, Tourism, Transport and Infrastructure from 1.7.14 to 25.5.15; Transport and Infrastructure, LGBTI and Marriage Equality, Forests, Tourism from 25.5.15.</para>
</parliamentary.party.positions>
<party.positions>
<title>Party Positions</title>
<para>Founding member, Australian Greens (Vic.) 1992.</para>
<para>Member, Australian Greens State Council (Vic.) from 1992.</para>
<para>Executive Member, Australian Greens (Vic.) 1992-2004.</para>
<para>Australian Delegate, Global Greens Congress 2001, 2008 and 2012.</para>
<para>Life Member, Australian Greens (Vic.) from 2002.</para>
<para>Co-convener, Australian Greens (Vic.) 2003-04.</para>
</party.positions>
<other.positions>
<title>Other Positions</title>
<para>Advisory Board Member, Centre for Governance and Management of Urban Transport, University of Melbourne 2009-13.</para>
</other.positions>
<personal>
<title>Personal</title>
<para>Born 18.11.1960, Altona, Vic.</para>
<para>Married.</para>
</personal>
<quals.work.pre.parliament>
<title>Qualifications and Occupation before entering Federal Parliament</title>
<para>BSc(Hons)(Melb.).</para>
<para>Environment campaigner, Conservation Council of Victoria and East Gippsland Coalition 1983-90.
</para>
<para>Water Policy Officer, Dept of Water Resources (Vic.) 1985-86.</para>
<para>Senior Consultant, Context Pty Ltd 1991 and 1997-2002.</para>
<para>Ride to Work Coordinator, Bicycle Victoria 1993-97.</para>
<para>Principal Consultant, Janet Rice Facilitation and Community Involvement 2003-14.</para>
<para>Campaign manager, Australian Greens (Vic.) and C Hartland MLC (Vic.) 2008-10.</para>
<para>Strategic Transport Planner 2011-12.</para>
</quals.work.pre.parliament>
<local.gov.service>
<title>Local Government Service</title>
<para>Councillor, City of Maribyrnong 2003-08; Mayor 2005-06.</para>
<para>Chair, Metropolitan Transport Forum 2004-08.</para>
<para>Board Member, Victorian Local Governance Association 2005-08; Vice-President 2007-08.</para>
</local.gov.service>
</biog.entry>