<biog.entry>
<name.id>159771</name.id>
<name>ROWLAND, Michelle Anne</name>
<current.mp>Yes</current.mp>
<mp.type>Member</mp.type>
<description>Biography for ROWLAND, Michelle Anne</description>
<doc.date>28/08/2014</doc.date>
<electorate.name>Member for Greenway (NSW)</electorate.name>
<source>Parliamentary Library</source>
<state>NSW</state>
<party>ALP</party>
<title>Biography for ROWLAND, Michelle Anne</title>
<image>159771.jpg</image>
<electorate.state.name>Member for Greenway (NSW)</electorate.state.name>
<party.name>Australian Labor Party</party.name>
<parliamentary.service>
<title>Parliamentary Service</title>
<para>Elected to the House of Representatives for Greenway, New South Wales, 2010 and 2013.</para>
</parliamentary.service>
<committee.service>
<title>Committee Service</title>
<para>House of Representatives Standing: Social Policy and Legal Affairs from 25.10.10 to 7.2.12 and from 14.8.12 to 5.8.13; Privileges and Members' Interests from 25.10.10 to 7.2.12; Infrastructure and Communications from 4.12.13; Publications from 4.12.13.</para>
<para>Joint Statutory: Human Rights from 4.12.13 to 14.5.15.</para>
<para>Joint Standing: Treaties from 25.10.10 to 7.2.12; National Broadband Network from 22.3.11 to 21.11.11 and from 14.8.12 to 5.8.13.</para>
<para>Joint Select: Constitutional Recognition of Local Government from 26.11.12 to 5.8.13.</para>
</committee.service>
<parliamentary.party.positions>
<title>Parliamentary Party Positions</title>
<para>Member, Opposition Shadow Ministry from 14.10.13. Shadow Minister for Citizenship and Multiculturalism and Shadow Assistant Minister for Communications from 18.10.13.</para>
</parliamentary.party.positions>
<party.positions>
<title>Party Positions</title>
<para>Executive member, ALP National Labor Women's Network.</para>
<para>Member, ALP Administrative Committee (NSW).
</para>
<para>Member, ALP Women's Forum (NSW).
</para>
<para>Delegate, ALP State Conference (NSW) and National Conference.
</para>
<para>Delegate, Greenway FEC.
</para>
<para>Delegate, Riverstone SEC.
</para>
<para>Secretary, ALP Lalor Park and Districts Branch.
</para>
<para>Secretary, NSW Young Labor.
</para>
<para>Senior Vice-President, NSW Young Labor.</para>
</party.positions>
<personal>
<title>Personal</title>
<para>Born 16.11.1971, Blacktown, NSW.</para>
<para>Married.</para>
</personal>
<quals.work.pre.parliament>
<title>Qualifications and Occupation before entering Federal Parliament</title>
<para>BA(Hons), LLB, LLM (Syd.).

</para>
<para>Checkout operator 1987-95.
  </para>
<para>Electorate officer 1995-99.
</para>
<para>Regulatory affairs adviser, NRMA Limited 1999-2000.
</para>
<para>Senior lawyer, Gilbert and Tobin 2000-10.
</para>
<para>Director, Western Sydney Area Health Service 2000-04.
</para>
<para>Non-Executive Director, Western Sydney Parklands Trust 2007-10.  
</para>
<para>Director, Our Lady of Mercy, Parramatta 2008-10.</para>
<para>Chair, Screen NSW 2009-10.</para>
</quals.work.pre.parliament>
<local.gov.service>
<title>Local Government Service</title>
<para>Councillor, Blacktown City Council 2004-08.</para>
<para>Deputy Mayor, Blacktown City Council 2007-08.</para>
</local.gov.service>
<electorate>
<title>Electorate</title>
<para>Description: outer metropolitan.</para>
<para>Location: western outskirts of Sydney; it includes the suburbs of Acacia Gardens, Girraween, Glenwood, Kellyville Ridge, Kings Langley, Kings Park, Lalor Park, Parklea, Seven Hills, Stanhope Gardens, The Ponds, Toongabbie and parts of Blacktown, Pendle Hill, Prospect, Quakers Hill, Riverstone, Rouse Hill, Schofields and Vineyard.</para>
<para>Area: 84 sq km (approx.).</para>
<para>Electors enrolled: 101 829 (at 7.9.13).</para>
<para>Industries: light and heavy engineering, smash repairs, electronics, food processing, warehousing and distribution, light industrial, educational facilities.</para>
<para>State electorates: Greenway includes parts of the New South Wales Legislative Assembly electorates of Blacktown, Prospect, Riverstone and Seven Hills.</para>
</electorate>
</biog.entry>