<biog.entry>
<name.id>192970</name.id>
<name>WATERS, Larissa Joy</name>
<current.mp>Yes</current.mp>
<mp.type>Senator</mp.type>
<description>Biography for WATERS, Larissa Joy</description>
<doc.date>07/10/2014</doc.date>
<electorate.name>Senator for Queensland</electorate.name>
<source>Parliamentary Library</source>
<state>QLD</state>
<party>AG</party>
<title>Biography for WATERS, Larissa Joy</title>
<image>192970.jpg</image>
<electorate.state.name>Senator for Queensland</electorate.state.name>
<party.name>Australian Greens</party.name>
<parliamentary.service>
<title>Parliamentary Service</title>
<para>Elected to the Senate for Queensland 2010 (term began 1.7.2011).</para>
</parliamentary.service>
<committee.service>
<title>Committee Service</title>
<para>Senate Standing: Senators' Interests from 5.7.11 to 11.11.13.
</para>
<para>Senate Legislative and General Purpose Standing: Environment and Communications: Legislation and References Committees from 5.7.11.</para>
<para>Senate Select: Certain Aspects of Queensland Government Administration related to Commonwealth Government Affairs from 2.10.14.</para>
</committee.service>
<parliamentary.party.positions>
<title>Parliamentary Party Positions</title>
<para>Australian Greens portfolios: Environment and Biodiversity; Women; Resources, Mining and Coal Seam Gas.</para>
</parliamentary.party.positions>
<party.positions>
<title>Party Positions</title>
<para>Co-Deputy Leader of the Australian Greens from 6.5.15.</para>
<para>Lead Spokesperson, Queensland Greens from 2009.
</para>
<para>Spokesperson on Environment and Justice, Queensland Greens 2007-09.
</para>
<para>Convener, Queensland Greens North Brisbrane Branch 2006-07.
</para>
</party.positions>
<personal>
<title>Personal</title>
<para>Born 8.2.1977, Winnipeg, Canada.
</para>
</personal>
<quals.work.pre.parliament>
<title>Qualifications and Occupation before entering Federal Parliament</title>
<para>BSc, LLB (Hons)(Griffith).
</para>
<para>GradDipLegalPrac (College of Law, NSW).
</para>
<para>Legal researcher, Land and Resources Tribunal 2000-01.
</para>
<para>Graduate lawyer, Freehills 2001-02.
</para>
<para>Community environmental lawyer, Environmental Defender's Office (Qld) 2002-11.
</para>
</quals.work.pre.parliament>
</biog.entry>