<biog.entry>
<name.id>195565</name.id>
<name>WHISH-WILSON, Peter Stuart</name>
<current.mp>Yes</current.mp>
<mp.type>Senator</mp.type>
<description>Biography for WHISH-WILSON, Peter Stuart</description>
<doc.date>25/05/2015</doc.date>
<electorate.name>Senator for Tasmania</electorate.name>
<source>Parliamentary Library</source>
<state>TAS</state>
<party>AG</party>
<title>Biography for WHISH-WILSON, Peter Stuart</title>
<image>195565.jpg</image>
<electorate.state.name>Senator for Tasmania</electorate.state.name>
<party.name>Australian Greens</party.name>
<parliamentary.service>
<title>Parliamentary Service</title>
<para>Chosen by the Parliament of Tasmania on 20.6.2012 under section 15 of the Constitution to represent that State in the Senate, vice RJ Brown (resigned)(term ended 30.6.2014). Elected 2013 (term began 1.7.2014).</para>
</parliamentary.service>
<parliamentary.positions>
<title>Parliamentary Positions</title>
<para>Temporary Chair of Committees from 12.11.13.</para>
</parliamentary.positions>
<committee.service>
<title>Committee Service</title>
<para>Senate Legislative and General Purpose Standing: Rural and Regional Affairs and Transport: References Committee from 11.9.12; Foreign Affairs, Defence and Trade: Legislation and References Committees from 12.11.13 to 7.7.14.</para>
<para>Joint Standing: Foreign Affairs, Defence and Trade from 2.12.13; Treaties from 7.7.14.</para>
<para>Senate Select: Abbott Government's Budget Cuts from 15.6.15.</para>
</committee.service>
<parliamentary.party.positions>
<title>Parliamentary Party Positions</title>
<para>Australian Greens Portfolios: Competition Policy and Small Business, Tourism, Trade, Waste from 1.7.12 to 11.11.13; Trade, Competition Policy and Small Business, Tourism, Waste, Marine (Tasmania) from 11.11.13 to 1.7.14; Competition Policy, Small Business and Consumer Affairs, Fisheries, Marine (Tasmania) and Whaling, Trade, Veterans' Affairs from 1.7.14 to 25.5.15; Finance, Trade, Defence and Veterans' Affairs, Competition Policy, Small Business and Consumer Affairs, Fisheries, Marine (Tasmania) and Whaling from 25.5.15.</para>
</parliamentary.party.positions>
<personal>
<title>Personal</title>
<para>Born 24.2.1968, Singapore.</para>
<para>Married.</para>
</personal>
<quals.work.pre.parliament>
<title>Qualifications and Occupation before entering Federal Parliament</title>
<para>BA (UNSW), MEc (UWA).</para>
<para>Banker and broker 1992-2003.</para>
<para>Wine grower and business owner 2004-12.</para>
<para>Lecturer, University of Tasmania 2005-12.</para>
</quals.work.pre.parliament>
<military.service>
<title>Military Service</title>
<para>Royal Australian Army 1986-89.</para>
</military.service>
</biog.entry>