<biog.entry>
<name.id>1K6</name.id>
<name>BILLSON, the Hon. Bruce Fredrick</name>
<current.mp>Yes</current.mp>
<mp.type>Member</mp.type>
<description>Biography for BILLSON, the Hon. Bruce Fredrick</description>
<doc.date>29/10/2013</doc.date>
<electorate.name>Member for Dunkley (Vic)</electorate.name>
<source>Parliamentary Library</source>
<state>VIC</state>
<party>LP</party>
<title>Biography for BILLSON, the Hon. Bruce Fredrick</title>
<image>1K6.JPG</image>
<electorate.state.name>Member for Dunkley (Vic)</electorate.state.name>
<party.name>Liberal Party of Australia</party.name>
<parliamentary.service>
<title>Parliamentary Service</title>
<para>Elected to the House of Representatives for Dunkley, Victoria, 1996, 1998, 2001, 2004, 2007, 2010 and 2013.</para>
</parliamentary.service>
<ministerial.appointments>
<title>Ministerial Appointments</title>
<para>Parliamentary Secretary to the Minister for Foreign Affairs from 18.7.04 to 26.10.04.</para>
<para>Parliamentary Secretary for Foreign Affairs and Trade from 26.10.04 to 6.7.05.</para>
<para>Parliamentary Secretary (Foreign Affairs) and Parliamentary Secretary to the Minister for Immigration and Multicultural and Indigenous Affairs from 6.7.05 to 27.1.06.</para>
<para>Minister for Veterans' Affairs and Minister Assisting the Minister for Defence from 27.1.06 to 3.12.07.</para>
<para>Minister for Small Business from 18.9.13.</para>
</ministerial.appointments>
<committee.service>
<title>Committee Service</title>
<para>House of Representatives Standing: Environment, Recreation and the Arts from 30.5.96 to 31.8.98; Environment and Heritage from 8.12.98 to 31.8.04; Legal and Constitutional Affairs from 17.2.00 to 8.10.01; Privileges from 20.3.02 to 31.8.04; Communications from 11.3.08 to 3.2.10; Economics from 3.2.10 to 19.7.10.</para>
</committee.service>
<parliamentary.party.positions>
<title>Parliamentary Party Positions</title>
<para>Member, Opposition Shadow Ministry from 6.12.07 to 18.9.13. Shadow Minister for Broadband, Communications and the Digital Economy from 6.12.07 to 22.9.08; Shadow Minister for Sustainable Development and Cities from 22.9.08 to 8.12.09; Shadow Minister for Small Business, Deregulation, Competition Policy and Sustainable Cities from 8.12.09 to 14.9.10; Shadow Minister for Small Business, Competition Policy and Consumer Affairs from 14.9.10 to 18.9.13.</para>
</parliamentary.party.positions>
<party.positions>
<title>Party Positions</title>
<para>Member, Liberal Party from 1986.</para>
<para>Secretary and Committee Member, Flinders Electoral Committee 1988-94.</para>
<para>Delegate, State Assembly and Province Electoral Committee 1988-92.</para>
<para>Delegate, Liberal Party State Council (Vic) 1988-92.</para>
</party.positions>
<personal>
<title>Personal</title>
<para>Born 26.1.1966, Albury, NSW.</para>
</personal>
<quals.work.pre.parliament>
<title>Qualifications and Occupation before entering Federal Parliament</title>
<para>BBus (RMIT).</para>
<para>Master of Business Leadership (RMIT).</para>
<para>Graduate Diploma of Management (RMIT).</para>
<para>Manager, Corporate Development, Shire of Hastings 1993-94.</para>
<para>Ministerial Adviser to the State Minister for Natural Resources, the Hon. CG Coleman, MLA (Vic) 1994-96.</para>
<para>Policy Adviser to the Federal Shadow Minister for the Environment, Senator CR Kemp 1995.</para>
</quals.work.pre.parliament>
<local.gov.service>
<title>Local Government Service</title>
<para>Council Delegate, Mornington Peninsula Tourism 1989-94.</para>
<para>Council Delegate, Peninsula Library Service 1990-94.</para>
<para>Executives Group Delegate, Western Port Development Council 1992-94.</para>
</local.gov.service>
<electorate>
<title>Electorate</title>
<para>Description: outer metropolitan.</para>
<para>Location: south eastern outskirts of Melbourne; it includes the suburbs include Frankston, Frankston North, Frankston South, Langwarrin, Langwarrin South, Mt Eliza, Mornington and Seaford, and parts of Baxter and Skye.</para>
<para>Area: 140 sq km (approx.).</para>
<para>Electors enrolled: 99 004 (at 7.9.13).</para>
<para>Industries: light industry, commercial and retail.</para>
<para>State electorates: Dunkley includes the Victorian Legislative Assembly electorate of Frankston, and parts of Carrum, Hastings and Mornington.</para>
</electorate>
</biog.entry>