<biog.entry>
<name.id>200287</name.id>
<name>WRIGHT, Penelope (Penny) Lesley</name>
<current.mp>Yes</current.mp>
<mp.type>Senator</mp.type>
<description>Biography for WRIGHT, Penelope (Penny) Lesley</description>
<doc.date>04/03/2015</doc.date>
<electorate.name>
</electorate.name>
<source>Parliamentary Library</source>
<state>SA</state>
<party>AG</party>
<title>Biography for WRIGHT, Penelope (Penny) Lesley</title>
<image>200287.jpg</image>
<electorate.state.name>Senator for South Australia</electorate.state.name>
<party.name>Australian Greens</party.name>
<parliamentary.service>
<title>Parliamentary Service</title>
<para>Elected to the Senate for South Australia 2010 (term began 1.7.2011).</para>
</parliamentary.service>
<committee.service>
<title>Committee Service</title>
<para>Senate Legislative and General Purpose Standing: Legal and Constitutional Affairs: Legislation and References Committees from 5.7.11 (Chair of References from 2.12.13).</para>
<para>Senate Select: School Funding from 12.12.13.</para>
<para>Joint Statutory: Australian Commission for Law Enforcement Integrity from 4.7.11 to 22.3.12; Law Enforcement from 4.7.11 to 9.5.12; Human Rights from 22.3.12.</para>
</committee.service>
<parliamentary.party.positions>
<title>Parliamentary Party Positions</title>
<para>Australian Greens portfolios: Attorney-General (excluding National Security), Native Title, Veterans' Affairs, Social Inclusion, Mental Health, Heritage from 1.7.11 to 1.7.12; Attorney-General (excluding National Security), Mental Health, Schools and Education, Social Inclusion, Veterans' Affairs from 1.7.12 to 11.11.13; Attorney-General, Schools, Veterans' Affairs, Mental Health, Employment and Workplace Relations (Senate) from 11.11.13 to 1.7.14; Attorney-General, Mental Health, Schools from 1.7.14 to 25.5.15; Attorney-General, Schools, Mental Health from 25.5.15.</para>
</parliamentary.party.positions>
<party.positions>
<title>Party Positions</title>
<para>Member, Australian Greens from 1995.
</para>
<para>Delegate, Australian Greens State Council (SA) 2008-10.
</para>
<para>Member, Grievance Committee 2008-10.
</para>
<para>Branch Convener, Inner Southern Greens 2009-10.</para>
</party.positions>
<personal>
<title>Personal</title>
<para>Born 19.1.1961, Red Cliffs, Vic.
</para>
<para>Married.</para>
</personal>
<quals.work.pre.parliament>
<title>Qualifications and Occupation before entering Federal Parliament</title>
<para>BA, LLB (Melb.), GradDipEnvStudies (Adel).
</para>
<para>Solicitor, Ballarat 1984-86.
</para>
<para>Solicitor, Tenants' Union of Victoria 1986-88.
</para>
<para>University lecturer, Flinders University 1994-98.
</para>
<para>Member, Residential Tenancies Tribunal 1993-2003.
</para>
<para>Deputy President, Guardianship Board 1996-2010.</para>
<para>Conciliator and investigating solicitor, Legal Practitioners Conduct Board 2003-06.</para>
<para>Member, Social Security Appeals Tribunal 2006-07.</para>
<para>Family mediator 2007-10.  
</para>
</quals.work.pre.parliament>
</biog.entry>