<biog.entry>
<name.id>204953</name.id>
<name>GALLACHER, Alexander (Alex) McEachian</name>
<current.mp>Yes</current.mp>
<mp.type>Senator</mp.type>
<description>Biography for GALLACHER, Alexander (Alex) McEachian</description>
<doc.date>04/03/2015</doc.date>
<electorate.name>
</electorate.name>
<source>Parliamentary Library</source>
<state>SA</state>
<party>ALP</party>
<title>Biography for GALLACHER, Alexander (Alex) McEachian</title>
<image>204953.jpg</image>
<electorate.state.name>Senator for South Australia</electorate.state.name>
<party.name>Australian Labor Party</party.name>
<parliamentary.service>
<title>Parliamentary Service</title>
<para>Elected to the Senate for South Australia 2010 (term began 1.7.2011).</para>
</parliamentary.service>
<parliamentary.positions>
<title>Parliamentary Positions</title>
<para>Temporary Chair of Committees from 12.11.13.</para>
</parliamentary.positions>
<committee.service>
<title>Committee Service</title>
<para>Senate Standing: Privileges from 1.7.11 to 11.11.13.</para>
<para>Senate Legislative and General Purpose Standing: Rural and Regional Affairs and Transport: Legislation Committee from 1.7.11 to 11.11.13 and References Committee from 12.11.13 to 1.7.14; Education, Employment and Workplace Relations: References Committee from 5.7.11 to 11.11.13; Finance and Public Administration: References Committee from 12.11.13 to 7.7.14; Foreign Affairs, Defence and Trade: Legislation and References Committees from 1.7.14 (Chair from 7.7.14).</para>
<para>Joint Statutory: Public Works from 1.7.11; Public Accounts and Audit from 12.11.13 to 1.7.14.</para>
<para>Joint Standing: Migration from 5.7.11 to 5.8.13; National Broadband Network from 16.3.12 to 5.8.13; National Disability Insurance Scheme from 11.12.13; Foreign Affairs, Defence and Trade from 1.7.14.</para>
<para>Joint Select: Electricity Prices from 23.8.12 to 1.11.12; Recent Allegations relating to Conditions and Circumstances at the Regional Processing Centre in Nauru from 26.03.15. </para>
</committee.service>
<party.positions>
<title>Party Positions</title>
<para>Member, ALP (NT) from 1988.
</para>
<para>Member, ALP (SA) from 1994.
</para>
<para>Delegate, ALP State Council (SA) from 1994.
</para>
<para>Delegate, ALP National Conference from 1996.
</para>
</party.positions>
<personal>
<title>Personal</title>
<para>Born 1.1.1954, New Cumnock, Scotland, UK.
</para>
<para>Married.
</para>
</personal>
<quals.work.pre.parliament>
<title>Qualifications and Occupation before entering Federal Parliament</title>
<para>Labourer and truck driver 1971-76.
</para>
<para>Ramp services operator, TAA 1976-88.
</para>
<para>Federal industrial relations officer, Transport Workers' Union (SA/NT Branch) 1988-92; Organiser 1992-96; Secretary/Treasurer from 1996.
Vice-President, Transport Workers' Union 2005-07; President 2007-10.
</para>
</quals.work.pre.parliament>
</biog.entry>