<biog.entry>
<name.id>207825</name.id>
<name>McKENZIE, Bridget</name>
<current.mp>Yes</current.mp>
<mp.type>Senator</mp.type>
<description>Biography for McKENZIE, Bridget</description>
<doc.date>04/03/2015</doc.date>
<electorate.name>
</electorate.name>
<source>Parliamentary Library</source>
<state>VIC</state>
<party>NP</party>
<title>Biography for McKENZIE, Bridget</title>
<image>207825.jpg</image>
<electorate.state.name>Senator for Victoria</electorate.state.name>
<party.name>Nationals</party.name>
<parliamentary.service>
<title>Parliamentary Service</title>
<para>Elected to the Senate for Victoria 2010 (term began 1.7.2011).</para>
</parliamentary.service>
<parliamentary.positions>
<title>Parliamentary Positions</title>
<para>Temporary Chair of Committees from 10.5.12 to 11.11.13.</para>
</parliamentary.positions>
<committee.service>
<title>Committee Service</title>
<para>Senate Standing: Selection of Bills from 12.11.13; Appropriations and Staffing from 13.11.13 to 1.7.14; Privileges from 13.11.13; Publications from 13.11.13 to 1.7.14.</para>
<para>Senate Legislative and General Purpose Standing: Community Affairs: Legislation Committee from 1.7.11 to 1.11.12 and from 22.11.12 to 11.11.13 and References Committees from 1.7.11 to 22.11.12; Environment and Communications: Legislation and References Committees from 1.7.11 to 20.9.12; Education, Employment and Workplace Relations: Legislation Committee (renamed Education and Employment Legislation Committee on 13.11.13) from 23.8.11 to 20.9.12 and from 13.11.13 (Chair from 12.12.13) and References Committee from 23.8.11; Finance and Public Administration: Legislation Committee from 13.11.13.</para>
<para>Senate Select: School Funding from 12.12.13 to 3.3.14 and from 18.3.14.
Joint Statutory: Public Accounts and Audit from 1.7.14.</para>
<para>Joint Standing: Parliamentary Library from 1.7.11 to 5.8.13; Treaties from 12.9.12 to 5.8.13; National Disability Insurance Scheme from 2.12.13 to 3.3.14; Foreign Affairs, Defence and Trade from 1.7.14.</para>
<para>Joint Select: DisabilityCare Australia from 19.6.13 to 5.8.13; Constitutional Recognition of Aboriginal and Torres Strait Islander Peoples from 2.12.13.</para>
</committee.service>
<parliamentary.party.positions>
<title>Parliamentary Party Positions</title>
<para>The Nationals Party Whip in the Senate from 13.9.13 to 30.6.14.</para>
</parliamentary.party.positions>
<party.positions>
<title>Party Positions</title>
<para>Junior Vice-President, The Nationals (Vic.) 2006-09.</para>
</party.positions>
<personal>
<title>Personal</title>
<para>Born 27.12.1969, Alexandra, Vic.</para>
</personal>
<quals.work.pre.parliament>
<title>Qualifications and Occupation before entering Federal Parliament</title>
<para>BAppSc (Human Movement), BTeach (Secondary)(Deakin).
</para>
<para>Secondary mathematics and physical education teacher 2005-09.
</para>
<para>Lecturer, Faculty of Education, Gippsland Campus, Monash University 2009-10.
</para>
</quals.work.pre.parliament>
</biog.entry>