<biog.entry>
<name.id>208884</name.id>
<name>PORTER, the Hon. Christian</name>
<current.mp>Yes</current.mp>
<mp.type>Member</mp.type>
<description>Biography for PORTER, the Hon. Christian</description>
<doc.date>16/02/2015</doc.date>
<electorate.name>Pearce</electorate.name>
<source>Parliamentary Library</source>
<state>WA</state>
<party>LP</party>
<title>Biography for PORTER, the Hon. Christian</title>
<image>208884.jpg</image>
<electorate.state.name>Member for Pearce (WA)</electorate.state.name>
<party.name>Liberal Party of Australia</party.name>
<parliamentary.service>
<title>Parliamentary Service</title>
<para>State: elected to the Western Australian Legislative Assembly for Murdoch 23.2.2008 to 6.9.2008 and Bateman 6.9.2008 to 9.3.2013.</para>
<para>Federal: elected to the House of Representatives for Pearce, Western Australia, 2013.</para>
</parliamentary.service>
<parliamentary.positions>
<title>Parliamentary Positions</title>
<para>Member, Speaker's Panel from 18.11.13 to 9.2.15.</para>
</parliamentary.positions>
<ministerial.appointments>
<title>Ministerial Appointments</title>
<para>State: Attorney General (WA) from 23.9.08 to 12.6.12.</para>
<para>Minister for Corrective Services (WA) from 23.9.08 to 14.12.10.</para>
<para>Treasurer (WA) from 14.12.10 to 12.6.12.</para>
<para>Parliamentary Secretary to the Prime Minister from 23.12.14.</para>
</ministerial.appointments>
<committee.service>
<title>Committee Service</title>
<para>State: Joint Standing: Delegated Legislation from 12.3.08 to 7.7.08.</para>
<para>Federal: House of Representatives Standing: Privileges and Members' Interests from 4.12.13 to 11.2.15; Social Policy and Legal Affairs from 4.12.13 to 25.9.14.</para>
<para>Joint Statutory: Australian Commission for Law Enforcement Integrity from 4.12.13 to 12.2.15. </para>
<para>Joint Select: Constitutional Recognition of Aboriginal and Torres Strait Islander Peoples from 4.12.13 to 11.2.15; Australia Fund Establishment from 25.9.14.  </para>
</committee.service>
<parliamentary.party.positions>
<title>Parliamentary Party Positions</title>
<para>State: Shadow Attorney-General (WA) from 12.3.08 to 7.7.08.</para>
</parliamentary.party.positions>
<personal>
<title>Personal</title>
<para>Born 11.7.1970, Perth, WA.</para>
<para>Married.</para>
</personal>
<quals.work.pre.parliament>
<title>Qualifications and Occupation before entering Federal Parliament</title>
<para>BA(Hons), BEc, LLB (UWA), MSc (LSE).</para>
<para>Lawyer 1996-99.</para>
<para>Senior State Prosecutor 2002-08.</para>
<para>Lecturer, University of Western Australia 2006-08.</para>
<para>Member, Legislative Assembly, Western Australia (see Parliamentary service above) 2008-13.</para>
</quals.work.pre.parliament>
<electorate>
<title>Electorate</title>
<para>Description: outer metropolitan.
</para>
<para>Location: eastern outskirts of Perth; it includes the centres of Beverley, Bindoon, Gingin, Grass Valley, Guilderton, Lancelin, Ledge Point, Northam, Quinns Rocks, Seabird, Toodyay, Two Rocks, Yanchep and York.</para>
<para>Area: 14 401 sq km (approx.).</para>
<para>Electors enrolled: 101 317 (at 7.9.13).</para>
<para>Industries: fishing, tourism, grain crops, sheep, cattle, fruit growing, vineyards, wineries, RAAF pilot training.</para>
<para>State electorates: Pearce includes parts of the Western Australian Legislative Assembly electorates of Butler, Central Wheatbelt, Darling Range, Forrestfield, Kalamunda, Midland, Moore, Swan Hills, Wanneroo and West Swan.</para>
</electorate>
</biog.entry>