<biog.entry>
<name.id>217241</name.id>
<name>McGRATH, James</name>
<current.mp>Yes</current.mp>
<mp.type>Senator</mp.type>
<description>Biography for McGRATH, James</description>
<doc.date>04/08/2014</doc.date>
<electorate.name>Senator for Queensland</electorate.name>
<source>Parliamentary Library</source>
<state>QLD</state>
<party>LP</party>
<title>Biography for McGRATH, James</title>
<image>217241.jpg</image>
<electorate.state.name>Senator for Queensland</electorate.state.name>
<party.name>Liberal Party of Australia</party.name>
<parliamentary.service>
<title>Parliamentary Service</title>
<para>Elected to the Senate for Queensland 2013 (term began 1.7.2014).</para>
</parliamentary.service>
<committee.service>
<title>Committee Service</title>
<para>Senate Standing: Library from 1.7.14.</para>
<para>Senate Legislative and General Purpose Standing: Environment and Communications: Legislation and References Committees from 1.7.14; Foreign Affairs, Defence and Trade: Legislation Committee from 1.7.14.</para>
<para>Senate Select: Abbott Government's Budget Cuts from 17.7.14.</para>
<para>Joint Standing: Electoral Matters from 1.7.14; Treaties from 1.7.14; Parliamentary Library from 1.7.14.</para>
<para>Joint Select: Constitutional Recognition of Aboriginal and Torres Strait Islander Peoples from 1.7.14 to 23.6.15.</para>
</committee.service>
<party.positions>
<title>Party Positions</title>
<para>President, Griffith University Liberal Club.</para>
<para>Chair, Sunshine Coast Young Liberal Branch.</para>
<para>(see also Qualifications and occupation before entering federal Parliament below).</para>
</party.positions>
<personal>
<title>Personal</title>
<para>Born 14.5.1974, Toowoomba, Qld.</para>
</personal>
<quals.work.pre.parliament>
<title>Qualifications and Occupation before entering Federal Parliament</title>
<para>BComm, LLB (Griffith), LLM (QUT).</para>
<para>Admission as Solicitor, Supreme Court of Queensland.</para>
<para>Solicitor/Articled Clerk, Bennett Carroll and Gibbons (Qld) 1996-99.</para>
<para>Investigating Officer, Parliamentary Ombudsman (Qld) 1999-2001.</para>
<para>Ministerial Adviser, Government of South Australia 2001-02.</para>
<para>Various roles with the Conservative Party (UK) including Deputy Campaign Director for the Boris Johnson Mayoral Campaign, Special Adviser to Shadow Chancellor, Chief of Staff to the Party Chairman, Campaign Co-ordinator 2002-08.</para>
<para>National Presidential Campaign Director, The Maldivian Democratic Party 2008.</para>
<para>Deputy Federal Director, Liberal Party of Australia 2009-10.
</para>
<para>Campaign Director, Liberal National Party (Qld) 2010-12.</para>
<para>Campaign Director, Country Liberal Party (NT) 2012.</para>
<para>Self-employed contractor 2012-14.</para>
</quals.work.pre.parliament>
</biog.entry>