<biog.entry>
<name.id>217266</name.id>
<name>PRENTICE, Jane</name>
<current.mp>Yes</current.mp>
<mp.type>Member</mp.type>
<description>Biography for PRENTICE, Jane</description>
<doc.date>25/02/2015</doc.date>
<electorate.name>Ryan</electorate.name>
<source>Parliamentary Library</source>
<state>QLD</state>
<party>LP</party>
<title>Biography for PRENTICE, Jane</title>
<image>217266.jpg</image>
<electorate.state.name>Member for Ryan (Qld)</electorate.state.name>
<party.name>Liberal Party of Australia</party.name>
<parliamentary.service>
<title>Parliamentary Service</title>
<para>Elected to the House of Representatives for Ryan, Queensland, 2010 and 2013.</para>
</parliamentary.service>
<parliamentary.appointments>
<title>Parliamentary Appointments</title>
<para>Parliamentary Representative on the Advisory Council on Australian Archives from 24.2.11.</para>
<para>Member, Expert Panel on the Constitutional Recognition of Local Government from 8.8.11 to 1.12.11.</para>
</parliamentary.appointments>
<parliamentary.positions>
<title>Parliamentary Positions</title>
<para>Member, Speaker's Panel from 12.2.15. </para>
</parliamentary.positions>
<committee.service>
<title>Committee Service</title>
<para>House of Representatives Standing: Infrastructure and Communications from 25.10.10 (Chair from 9.12.13); Petitions from 4.12.13.</para>
<para>Joint Statutory: Public Accounts and Audit from 25.2.14.</para>
<para>Joint Standing: Treaties from 9.10.12 to 25.2.14.</para>
</committee.service>
<party.positions>
<title>Party Positions</title>
<para>Vice-President, NSW Young Liberal Movement.
</para>
<para>Chairman, Mosman Young Liberal Branch.
</para>
<para>Member, Young Liberal State Executive (NSW) 1973-77. 
</para>
<para>Member, Liberal Party State Executive (NSW) 1976-77. 
</para>
<para>Hon. Secretary, Warringah Federal Electorate Council.
</para>
<para>Member, Young Liberal State Executive (Qld) 1979-80.
</para>
<para>Chairman, Toowong Young Liberal Branch.
</para>
<para>Chairman, Taringa Liberal Party Branch.
</para>
<para>Member, Liberal Party State Women's Council Executive (Qld).
</para>
<para>Member, Liberal National Party Policy Standing Committee 2009-10.
</para>
<para>Secretary, Coalition Policy Committee on Communications.
</para>
<para>Member, Coalition Policy Committee on Rural and Regional Affairs.
</para>
</party.positions>
<personal>
<title>Personal</title>
<para>Born 22.6.1953, Melbourne, Vic.</para>
<para>Married.</para>
</personal>
<quals.work.pre.parliament>
<title>Qualifications and Occupation before entering Federal Parliament</title>
<para>Member, Australian Institute of Company Directors.</para>
<para>Member, Australian Institute of Management.</para>
<para>Personal Assistant to State Director, Country Party (NSW).</para>
<para>Staff member to the Minister for Education, Senator the Hon. Sir JL Carrick.</para>
<para>Office manager, QCOM Pty Ltd.</para>
<para>Director, Brisbane Visitors and Convention Bureau.
</para>
<para>Business Manager, Australian Telecommunications User Group (ATUG) Queensland.

</para>
<para>Managing Director, Conventions Queensland.</para>
<para>Member, Brisbane City Council 2000-10: Leader of the Opposition, Brisbane City Council 2007-08; Chairman, Public and Active Transport and Economic Development Committee 2010.
</para>
</quals.work.pre.parliament>
<local.gov.service>
<title>Local Government Service</title>
<para>Member, Brisbane City Council 2000-10.</para>
<para>Leader of the Opposition, Brisbane City Council 2007-08.</para>
<para>Chairman, Public and Active Transport and Economic Development Committee, Brisbane City Council 2010.</para>
</local.gov.service>
<electorate>
<title>Electorate</title>
<para>Description: outer metropolitan.</para>
<para>Location: south-western Brisbane; it includes the suburbs of Anstead, Bellbowrie, Brookfield, Chapel Hill, Chuwar, Dorrington, Enoggera, Enoggera Reservoir, Ferny Grove, Fig Tree Pocket, Gaythorne, Grovely, Indooroopilly, Ironside, Karana Downs, Kenmore, Kenmore Hills, Keperra, Kholo, Mitchelton, Moggill, Mt Coot-tha, Mt Crosby, Oxford Park, Peewee Bend, Pinjarra Hills, Priors Pocket, Pullenvale, Rainworth, Rosalie, St Johns Wood, St Lucia, Taringa, The Gap, Toowong, Torwood, Upper Brookfield, Upper Kedron and parts of Ashgrove, Auchenflower, Bardon, Paddington and Lake Manchester.   
</para>
<para>Area: 441 sq km (approx.).</para>
<para>Electors enrolled: 100 652 (at 7.9.13).</para>
<para>Industries: retail and service industries, light industry and farming. It also includes the University of Queensland and a large portion of Brisbane Forest Park. </para>
<para>State electorates: Ryan includes parts of the Queensland Legislative Assembly electorates of Ashgrove, Everton, Ferny Grove, Indooroopilly, Ipswich West, Moggill and Mount Coot-tha.</para>
</electorate>
</biog.entry>