<biog.entry>
<name.id>230485</name.id>
<name>CHRISTENSEN, George Robert</name>
<current.mp>Yes</current.mp>
<mp.type>Member</mp.type>
<description>Biography for CHRISTENSEN, George Robert</description>
<doc.date>25/02/2015</doc.date>
<electorate.name>Dawson</electorate.name>
<source>Parliamentary Library</source>
<state>QLD</state>
<party>NP</party>
<title>Biography for CHRISTENSEN, George Robert</title>
<image>230485.jpg</image>
<electorate.state.name>Member for Dawson (Qld)</electorate.state.name>
<party.name>Nationals</party.name>
<parliamentary.service>
<title>Parliamentary Service</title>
<para>Elected to the House of Representatives for Dawson, Queensland, 2010 and 2013.</para>
</parliamentary.service>
<committee.service>
<title>Committee Service</title>
<para>House of Representatives Standing: Agriculture, Resources, Fisheries and Forestry from 25.10.10 to 5.8.13; Selection from 4.12.13; Social Policy and Legal Affairs from 4.12.13 (Chair from 17.3.14).</para>
<para>Joint Standing: Parliamentary Library from 25.10.10 to 5.8.13.</para>
<para>Joint Select: Australia's Clean Energy Future Legislation from 15.9.11 to 7.10.11; Northern Australia from 9.12.13.</para>
</committee.service>
<parliamentary.party.positions>
<title>Parliamentary Party Positions</title>
<para>Party Whip, The Nationals from 17.10.13.</para>
</parliamentary.party.positions>
<party.positions>
<title>Party Positions</title>
<para>Member, Nationals (Qld) 1993-2008.
</para>
<para>Member, Young Nationals (Qld) 1993-2008.
</para>
<para>State President, Young Nationals (Qld) 2003-04. 
</para>
<para>Mackay Zone Vice-President, Nationals (Qld) 2007-08.
</para>
<para>Member, Liberal National Party (Qld) from 2008.


</para>
<para>Central Queensland Region Secretary, Liberal National Party (Qld) 2008-09.</para>
</party.positions>
<personal>
<title>Personal</title>
<para>Born 30.6.1978, Mackay, Qld.</para>
<para>Single.</para>
</personal>
<quals.work.pre.parliament>
<title>Qualifications and Occupation before entering Federal Parliament</title>
<para>Bachelor of Communications (Journalism) (CQU).
</para>
<para>Printing factory worker 2000.
</para>
<para>Journalist 2000.
</para>
<para>Press secretary 2001-04.
</para>
<para>Councillor (see Local government service below) 2004-10.
</para>
<para>Newspaper editor and publisher 2005-08.
</para>
</quals.work.pre.parliament>
<local.gov.service>
<title>Local Government Service</title>
<para>Councillor, City of Mackay 2004-08.
</para>
<para>Councillor, Mackay Regional Council 2008-10.
</para>
<para>Executive member, Urban Local Government Association 2008-10.</para>
</local.gov.service>
<electorate>
<title>Electorate</title>
<para>Description: rural.</para>
<para>Location: northern and central Queensland coast; it includes the city of Mackay, the southern suburbs of Townsville and the towns of Airlie Beach, Ayr, Bowen, Home Hill and Proserpine.</para>
<para>Area: 14 945 sq km (approx.).</para>
<para>Electors enrolled: 98 152 (at 7.9.13).</para>
<para>Industries: small crops, prawn and fish farms, sugar growing and refining, beef cattle, coal mining related industries, abattoirs and tourism.</para>
<para>State electorates: Dawson includes the Queensland Legislative Assembly electorate of Mackay, and parts of Burdekin, Mirani, Mundingburra and Whitsunday.  
</para>
</electorate>
</biog.entry>