<biog.entry>
<name.id>230531</name.id>
<name>BUCHHOLZ, Scott Andrew</name>
<current.mp>Yes</current.mp>
<mp.type>Member</mp.type>
<description>Biography for BUCHHOLZ, Scott Andrew</description>
<doc.date>26/02/2015</doc.date>
<electorate.name>Wright</electorate.name>
<source>Parliamentary Library</source>
<state>QLD</state>
<party>LP</party>
<title>Biography for BUCHHOLZ, Scott Andrew</title>
<image>230531.jpg</image>
<electorate.state.name>Member for Wright (Qld)</electorate.state.name>
<party.name>Liberal Party of Australia</party.name>
<parliamentary.service>
<title>Parliamentary Service</title>
<para>Elected to the House of Representatives for Wright, Queensland, 2010 and 2013.</para>
</parliamentary.service>
<committee.service>
<title>Committee Service</title>
<para>House of Representatives Standing: Economics from 25.10.10; Petitions from 4.12.13; Procedure from 4.12.13; Selection from 4.12.13; Appropriations and Administration from 13.5.2015.</para>
</committee.service>
<parliamentary.party.positions>
<title>Parliamentary Party Positions</title>
<para>Government Whip from 18.9.13 to 23.2.15; Chief Government Whip from 23.2.15.</para>
</parliamentary.party.positions>
<party.positions>
<title>Party Positions</title>
<para>Delegate, Nationals and Liberal National Party State Conferences (Qld) 2007-10.</para>
<para>Member, Liberal National Party Agenda Committee 2008-09.</para>
<para>Assistant to State Campaign Director, Liberal National Party (Qld) 2009.</para>
<para>Chair, Liberal National Party Transition Action Committee.</para>
<para>Chair, Liberal National Party Condamine State Electorate Council.</para>
</party.positions>
<personal>
<title>Personal</title>
<para>Born 27.3.1968, Rockhampton, Qld.</para>
<para>Married.</para>
</personal>
<quals.work.pre.parliament>
<title>Qualifications and Occupation before entering Federal Parliament</title>
<para>Ringer 1985-87.</para>
<para>Agri-finance manager 1989-91.</para>
<para>Managing director from 1992.</para>
<para>Chief of Staff to Senator BTG Joyce.</para>
</quals.work.pre.parliament>
<electorate>
<title>Electorate</title>
<para>Description: rural. 
</para>
<para>Location: south-eastern Queensland, to the south and west of Brisbane: it includes the centres of Aratula, Beaudesert, Beechmont, Boonah, Canungra, Forest Hill, Gatton, Harrisville, Hillview, Jimboomba, Laidley, North Ipswich, Rathdowney, Springbrook and Tamborine, and parts of Mudgeeraba and Nerang.</para>
<para>Area: 7589 sq km (approx.).</para>
<para>Electors enrolled: 90 371 (at 7.9.13).</para>
<para>Industries: primary production and tourism.</para>
<para>State electorates: Wright includes the Queensland Legislative Assembly electorate of Beaudesert and parts of Albert, Algester, Gaven, Lockyer, Logan and Mudgeeraba.</para>
</electorate>
</biog.entry>