<biog.entry>
<name.id>240756</name.id>
<name>PASIN, Antony (Tony)</name>
<current.mp>Yes</current.mp>
<mp.type>Member</mp.type>
<description>Biography for PASIN, Antony (Tony)</description>
<doc.date>12/02/2015</doc.date>
<electorate.name>Barker</electorate.name>
<source>Parliamentary Library</source>
<state>SA</state>
<party>LP</party>
<title>Biography for PASIN, Antony (Tony)</title>
<image>240756.jpg</image>
<electorate.state.name>Member for Barker (SA)</electorate.state.name>
<party.name>Liberal Party of Australia</party.name>
<parliamentary.service>
<title>Parliamentary Service</title>
<para>Elected to the House of Representatives for Barker, South Australia, 2013.</para>
</parliamentary.service>
<committee.service>
<title>Committee Service</title>
<para>House of Representatives Standing: Agriculture and Industry from 4.12.13; Environment from 4.12.13; Social Policy and Legal Affairs from 4.12.13; Privileges and Members' Interests from 11.2.15. </para>
<para>Joint Select: Trade and Investment Growth from 25.9.14.</para>
</committee.service>
<party.positions>
<title>Party Positions</title>
<para>Member, Liberal Party Multicultural Committee 2007-09.</para>
<para>Member, Liberal Party Rural and Regional Council from 2007.</para>
<para>President, Liberal Party Mt Gambier Branch 2007-10.</para>
<para>Member, Liberal Party State Executive (SA) 2008-13.</para>
<para>Member, Liberal Party State Council (SA) from 2008.</para>
<para>State Multicultural Coordinator, Liberal Party (SA) 2008-09.</para>
<para>State Vice-President, Liberal Party (SA) 2009-10.</para>
<para>Chair, Liberal Party Rural and Regional Council 2010-13.</para>
<para>Member, Liberal Party Rural and Regional Federal Executive Committee 2010-13.</para>
<para>Member, Liberal Party Federal Council 2010-13.</para>
</party.positions>
<personal>
<title>Personal</title>
<para>Born 1.10.1977, Mt Gambier, SA.</para>
<para>Married.</para>
</personal>
<quals.work.pre.parliament>
<title>Qualifications and Occupation before entering Federal Parliament</title>
<para>BEc, LLB(Hons)(Flinders).</para>
<para>Graduate Diploma of Legal Practice.</para>
<para>Barrister and solicitor 2000-13.</para>
</quals.work.pre.parliament>
<local.gov.service>
<title>Local Government Service</title>
<para>Councillor, Mt Gambier City Council 2003-10.</para>
</local.gov.service>
<electorate>
<title>Electorate</title>
<para>Description: rural.</para>
<para>Location: south-eastern South Australia; it includes the centres of Barmera, Berri, Bordertown, Keith, Kingscote, Kingston SE, Loxton, Mannum, Millicent, Mt Gambier, Murray Bridge, Naracoorte, Penola, Renmark, Tailem Bend and Waikerie, and parts of Nuriootpa and Tanunda.</para>
<para>Area: 63 886 sq km (approx.).</para>
<para>Electors enrolled: 103 347 (at 7.9.13).</para>
<para>Industries: beef and dairy cattle, sheep, fishing, cropping, forestry, timber, paper products, wine, fresh and dried fruit, vegetables, transport and tourism.</para>
<para>State electorates: Barker includes the South Australian House of Assembly electorates of Chaffey, MacKillop and Mount Gambier, and parts of Hammond, Kavel, Schubert and Stuart.</para>
</electorate>
</biog.entry>