<biog.entry>
<name.id>241067</name.id>
<name>COLEMAN, David</name>
<current.mp>Yes</current.mp>
<mp.type>Member</mp.type>
<description>Biography for COLEMAN, David</description>
<doc.date>11/06/2015</doc.date>
<electorate.name>Member for Banks (NSW)</electorate.name>
<source>Parliamentary Library</source>
<state>NSW</state>
<party>LP</party>
<title>Biography for COLEMAN, David</title>
<image>241067.jpg</image>
<electorate.state.name>Member for Banks (NSW)</electorate.state.name>
<party.name>Liberal Party of Australia</party.name>
<parliamentary.service>
<title>Parliamentary Service</title>
<para>Elected to the House of Representatives for Banks, New South Wales, 2013.</para>
</parliamentary.service>
<committee.service>
<title>Committee Service</title>
<para>House of Representatives Standing: Economics from 4.12.13.</para>
<para>Joint Statutory: Corporations and Financial Services from 4.12.13 to 15.6.15.</para>
</committee.service>
<personal>
<title>Personal</title>
<para>Born 5.3.1974, Camden, NSW.</para>
<para>Married.</para>
</personal>
<quals.work.pre.parliament>
<title>Qualifications and Occupation before entering Federal Parliament</title>
<para>BA, LLB (UNSW).</para>
<para>President, UNSW Student Guild 1997.</para>
<para>Business analyst, McKinsey and Co 1998.</para>
<para>Business Development Manager, LookSmart 1998-99.</para>
<para>Director, Corporate Development, dStore 1999-2000.</para>
<para>Managing Director, L2I 2001-05.</para>
<para>Director of Strategy, New Media, PBL 2005-07; Director of Strategy, PBL Media 2007-10.</para>
<para>Director, ninemsm Pty Ltd 2008-13; Chairman 2012-13.</para>
<para>Director, Australian News Channel Pty Ltd 2008-13.</para>
<para>Director of Strategy and Digital, Nine Entertainment Co 2010-13.</para>
<para>Director, Yellow Brick Road Holdings Ltd 2011-13.</para>
</quals.work.pre.parliament>
<electorate>
<title>Electorate</title>
<para>Description: inner metropolitan.
</para>
<para>Location: south western Sydney; it includes the suburbs of Allawah, Blakehurst, Connells Point, Hurstville, Hurstville Grove, South Hurstville, Kyle Bay, Lugarno, Mortdale, Oatley, Padstow Heights, Peakhurst, Peakhurst Heights, Penshurst and parts of Bankstown, Beverly Hills, Carlton, Kingsgrove, Narwee, Padstow, Punchbowl, Revesby and Riverwood.</para>
<para>Area: 49 sq km (approx.).</para>
<para>Electors enrolled: 101 490 (at 7.9.13).</para>
<para>Industries: light manufacturing, commercial and service industries.</para>
<para>State electorates: Banks includes the New South Wales Legislative Assembly electorate of Oatley, and parts of East Hills, Kogarah and Lakemba.</para>
</electorate>
</biog.entry>