<biog.entry>
<name.id>243273</name.id>
<name>RUSTON, Anne Sowerby</name>
<current.mp>Yes</current.mp>
<mp.type>Senator</mp.type>
<description>Biography for RUSTON, Anne Sowerby</description>
<doc.date>04/03/2015</doc.date>
<electorate.name>Senator for South Australia</electorate.name>
<source>Parliamentary Library</source>
<state>SA</state>
<party>LP</party>
<title>Biography for RUSTON, Anne Sowerby</title>
<image>243273.jpg</image>
<electorate.state.name>Senator for South Australia</electorate.state.name>
<party.name>Liberal Party of Australia</party.name>
<parliamentary.service>
<title>Parliamentary Service</title>
<para>Chosen by the Parliament of South Australia on 5.9.2012 under section 15 of the Constitution to represent that State in the Senate, vice MJ Fisher (resigned)(term expires 30.6.2017).</para>
</parliamentary.service>
<parliamentary.positions>
<title>Parliamentary Positions</title>
<para>Temporary Chair of Committees from 12.11.13 to 7.7.14.</para>
</parliamentary.positions>
<committee.service>
<title>Committee Service</title>
<para>Senate Standing: Privileges from 13.11.13; Scrutiny of Bills from 13.11.13 to 1.7.14; Senators' Interests from 13.11.13; House from 1.7.14; Procedure from 1.7.14; Selection of Bills from 1.7.14.</para>
<para>Senate Legislative and General Purpose Standing: Environment and Communications: References Committee from 11.9.12 and Legislation Committee from 13.11.13 (Chair from 7.7.14); Education and Employment: Legislation and References Committees from 1.7.14 to 3.3.15.</para>
<para>Senate Select: National Broadband Network from 2.12.13; Murray-Darling Basin Plan from 25.6.15.</para>
<para>Joint Statutory: Public Accounts and Audit from 12.9.12 to 1.7.14; Human Rights from 29.10.12 to 5.8.13; Public Works from 13.11.13 to 27.3.14.</para>
<para>Joint Standing: Electoral Matters from 2.12.13 to 1.7.14.</para>
<para>Joint Select: Constitutional Recognition of Aboriginal and Torres Strait Islander Peoples from 2.12.13 to 1.7.14 and from 23.6.15.</para>
</committee.service>
<parliamentary.party.positions>
<title>Parliamentary Party Positions</title>
<para>Deputy Government Whip in the Senate from 1.7.14.</para>
</parliamentary.party.positions>
<party.positions>
<title>Party Positions</title>
<para>Vice-President, Liberal Party (SA) 2011.</para>
</party.positions>
<personal>
<title>Personal</title>
<para>Born 10.6.1963, Renmark, SA.</para>
<para>Married.</para>
</personal>
<quals.work.pre.parliament>
<title>Qualifications and Occupation before entering Federal Parliament</title>
<para>BBus (USQ).
</para>
<para>Electorate officer 1987-93.
</para>
<para>Senior Policy Adviser to the Minister for Industrial Affairs, Tourism, Recreation, Sport and Racing (SA) 1993-96.
</para>
<para>Chief Executive, National Wine Centre 1996-2002.

</para>
<para>Owner/operator, Ruston's Roses 2003-12.</para>
</quals.work.pre.parliament>
</biog.entry>