<biog.entry>
<name.id>245212</name.id>
<name>CANAVAN, Matthew James</name>
<current.mp>Yes</current.mp>
<mp.type>Senator</mp.type>
<description>Biography for CANAVAN, Matthew James</description>
<doc.date>23/06/2015</doc.date>
<electorate.name>
</electorate.name>
<source>Parliamentary Library</source>
<state>QLD</state>
<party>NP</party>
<title>Biography for CANAVAN, Matthew James</title>
<image>245212.jpg</image>
<electorate.state.name>Senator for Queensland</electorate.state.name>
<party.name>Nationals</party.name>
<parliamentary.service>
<title>Parliamentary Service</title>
<para>Elected to the Senate for Queensland 2013 (term began 1.7.2014).</para>
</parliamentary.service>
<committee.service>
<title>Committee Service</title>
<para>Senate Legislative and General Purpose Standing: Economics: Legislation and References Committees from 1.7.14; Environment and Communications: Legislation Committee from 1.7.14 to 3.3.15.</para>
<para>Joint Statutory: Human Rights from 1.7.14; Public Works from 1.7.14 to 2.3.15 to 3.3.15 and from 4.3.15.</para>
<para>Joint Standing: Electoral Matters from 1.7.14; National Disability Insurance Scheme from 1.7.14 to 15.6.15.</para>
<para>Joint Select: Northern Australia from 1.7.14; Abbott Government's Budget Cuts from 17.7.14.</para>
<para>Senate Select: Wind Turbines from 27.11.14; Murray-Darling Basin Plan from 25.6.15.</para>
</committee.service>
<personal>
<title>Personal</title>
<para>Born 17.12.1980, Southport, Qld.</para>
<para>Married.</para>
</personal>
<quals.work.pre.parliament>
<title>Qualifications and Occupation before entering Federal Parliament</title>
<para>BEc (Hons), BA (Qld).</para>
<para>Senior Research Economist, Productivity Commission 2003-08.</para>
<para>Senior Executive, KPMG 2008-09.</para>
<para>Director, Productivity Commission 2009-10.</para>
<para>Chief of Staff to Senator BTG Joyce 2010-13.</para>
</quals.work.pre.parliament>
</biog.entry>