<biog.entry>
<name.id>248181</name.id>
<name>CLAYDON, Sharon Catherine</name>
<current.mp>Yes</current.mp>
<mp.type>Member</mp.type>
<description>Biography for CLAYDON, Sharon Catherine</description>
<doc.date>09/07/2014</doc.date>
<electorate.name>Member for Newcastle (NSW)</electorate.name>
<source>Parliamentary Library</source>
<state>NSW</state>
<party>ALP</party>
<title>Biography for CLAYDON, Sharon Catherine</title>
<image>248181.jpg</image>
<electorate.state.name>Member for Newcastle (NSW)</electorate.state.name>
<party.name>Australian Labor Party</party.name>
<parliamentary.service>
<title>Parliamentary Service</title>
<para>Elected to the House of Representatives for Newcastle, New South Wales, 2013.</para>
</parliamentary.service>
<parliamentary.positions>
<title>Parliamentary Positions</title>
<para>Member, Speaker's Panel from 25.3.15.</para>
</parliamentary.positions>
<committee.service>
<title>Committee Service</title>
<para>House of Representatives Standing: Appropriations and Administration from 4.12.13; Publications from 4.12.13; Social Policy and Legal Affairs from 4.12.13.</para>
<para>Joint Statutory: Public Works from 4.12.13.</para>
</committee.service>
<party.positions>
<title>Party Positions</title>
<para>Member, ALP Newcastle Branch from 1999.</para>
<para>Delegate, ALP State Conference (NSW) from 2002.</para>
<para>Member, ALP Reconciliation and Indigenous Affairs Committee (NSW) 2002-07.</para>
<para>Delegate, ALP National Conference from 2007.</para>
<para>Member, ALP Administrative Committee (NSW) 2007-13.</para>
<para>Chair, ALP Caucus Status of Women Committee.</para>
<para>Secretary, ALP Caucus Sustainable Australia Committee.</para>
<para>Member, ALP Caucus Economic, Productivity, Industry and Innovation Committee.</para>
</party.positions>
<personal>
<title>Personal</title>
<para>Born 26.4.1964, Camperdown, NSW.</para>
</personal>
<quals.work.pre.parliament>
<title>Qualifications and Occupation before entering Federal Parliament</title>
<para>BA(Hons)(Syd.).</para>
<para>Disability support worker.</para>
<para>Social anthropologist.</para>
<para>Electorate officer.</para>
</quals.work.pre.parliament>
<local.gov.service>
<title>Local Government Service</title>
<para>Councillor, Newcastle City Council 2008-12.</para>
</local.gov.service>
<electorate>
<title>Electorate</title>
<para>Description: provincial.</para>
<para>Location: northern and central Newcastle; it includes the suburbs of Adamstown, Birmingham Gardens, Broadmeadow, Carrington, Cooks Hill, Hamilton, Heatherbrae, Islington, Mayfield, Merewether, Newcastle, New Lambton, Sandgate, Shortland, Stockton, The Junction, Tighes Hill, Waratah, Wickham, Williamtown and parts of Adamstown Heights, Lambton, Jesmond, Kotara, Salt Ash, Thornton and Wallsend.</para>
<para>Area: 354 sq km (approx.).</para>
<para>Electors enrolled: 97 397 (at 7.9.13).</para>
<para>Industries: shipbuilding and repairs, transport equipment, tourism, tertiary education, health, food processing, railway goods, chemicals, heavy engineering, stevedoring and port facilities.
</para>
<para>State electorates: Newcastle includes the New South Wales Legislative Assembly electorate of Newcastle, and parts of Charlestown, Maitland, Port Stephens and Wallsend.</para>
</electorate>
</biog.entry>