<biog.entry>
<name.id>249127</name.id>
<name>CONROY, Patrick Martin</name>
<current.mp>Yes</current.mp>
<mp.type>Member</mp.type>
<description>Biography for CONROY, Patrick Martin</description>
<doc.date>08/10/2014</doc.date>
<electorate.name>Member for Charlton (NSW)</electorate.name>
<source>Parliamentary Library</source>
<state>NSW</state>
<party>ALP</party>
<title>Biography for CONROY, Patrick Martin</title>
<image>249127.jpg</image>
<electorate.state.name>Member for Charlton (NSW)</electorate.state.name>
<party.name>Australian Labor Party</party.name>
<parliamentary.service>
<title>Parliamentary Service</title>
<para>Elected to the House of Representatives for Charlton, New South Wales, 2013.</para>
</parliamentary.service>
<parliamentary.positions>
<title>Parliamentary Positions</title>
<para>Member, Speaker's Panel from 25.3.15.</para>
</parliamentary.positions>
<committee.service>
<title>Committee Service</title>
<para>House of Representatives Standing: Economics from 4.12.13.</para>
<para>Joint Statutory: Public Accounts and Audit from 4.12.13.</para>
<para>Joint Select: Trade and Investment Growth from 2.10.14.</para>
</committee.service>
<party.positions>
<title>Party Positions</title>
<para>Member, ALP from 1994.</para>
<para>Member, ALP Environment, Planning and Natural Resources Committee (NSW) 2001-02.

</para>
<para>Delegate to ALP State Conference (NSW) 2002-12. 
</para>
<para>NSW Young Labor Vice-President 2003-04.
</para>
<para>Australian Young Labor Vice-President 2003-04.
</para>
<para>Member, NSW Machinery Proxies Committee 2003-06.
</para>
<para>Member, Charlton Federal Electorate Council.
</para>
<para>Proxy delegate to ALP National Conference 2004-07.
</para>
<para>Member, ALP National Infrastructure Inquiry 2005-07.</para>
</party.positions>
<personal>
<title>Personal</title>
<para>Born 10.5.1979, Sydney, NSW.</para>
<para>Married.</para>
</personal>
<quals.work.pre.parliament>
<title>Qualifications and Occupation before entering Federal Parliament</title>
<para>BEc(Hons I)(Syd.).</para>
<para>Customer service assistant, Coles 1995-2000.  

</para>
<para>Electorate officer to the Hon. Anthony Albanese MP 2000.
</para>
<para>Industrial/Policy Organiser, Construction, Forestry, Mining and Energy Union, Forestry Division, NSW Branch 2000-02.  
</para>
<para>Policy Adviser to Senator George Campbell 2002-04.  
</para>
<para>National Economist, Australian Manufacturing Workers' Union 2004-08.  
</para>
<para>Principal Policy Adviser to the Hon. GI Combet, AM, MP 2008-11. </para>
<para>Deputy Chief of Staff to the Hon. GI Combet, AM, MP 2011-13.</para>
</quals.work.pre.parliament>
<electorate>
<title>Electorate</title>
<para>Description: provincial.
</para>
<para>Location: lower Hunter Valley; it includes the centres of Boolaroo, Cardiff, Cooranbong, Edgeworth, Elermore Vale, Fletcher, Minmi, Morisset, Speers Point, Toronto, Wangi Wangi, and parts of Wallsend and Warners Bay.
</para>
<para>Area: 688 sq km (approx.).
</para>
<para>Electors enrolled: 98 551 (at 7.9.13).
</para>
<para>Industries: light and heavy engineering, timber, textiles, some dairy farms and poultry farming, tourism, coal-mining, electricity and retailing.
</para>
<para>State electorates: Charlton includes the New South Wales Legislative Assembly electorate of Lake Macquarie, and parts of Cessnock, Charlestown and Wallsend.</para>
</electorate>
</biog.entry>