<biog.entry>
<name.id>250026</name.id>
<name>LAMBIE, Jacquiline (Jacqui) Louise</name>
<current.mp>Yes</current.mp>
<mp.type>Senator</mp.type>
<description>Biography for LAMBIE, Jacquiline (Jacqui) Louise</description>
<doc.date>30/01/2015</doc.date>
<electorate.name>Senator for Tasmania</electorate.name>
<source>Parliamentary Library</source>
<state>TAS</state>
<party>IND</party>
<title>Biography for LAMBIE, Jacquiline (Jacqui) Louise</title>
<image>250026.jpg</image>
<electorate.state.name>Senator for Tasmania</electorate.state.name>
<party.name>Independent</party.name>
<parliamentary.service>
<title>Parliamentary Service</title>
<para>Elected to the Senate for Tasmania 2013 (term began 1.7.2014) (Palmer United Party to 24.11.14; Independent from 24.11.14).</para>
</parliamentary.service>
<parliamentary.party.positions>
<title>Parliamentary Party Positions</title>
<para>Deputy Leader of the Palmer United Party in the Senate from 1.7.14 to 19.11.14.</para>
<para>Palmer United Party Deputy Whip from 1.7.14 to 19.11.14.</para>
</parliamentary.party.positions>
<personal>
<title>Personal</title>
<para>Born 26.2.1971, Ulverstone, Tas.</para>
</personal>
<quals.work.pre.parliament>
<title>Qualifications and Occupation before entering Federal Parliament</title>
<para>Soldier, Australian Defence Forces 1989-2000.</para>
</quals.work.pre.parliament>
<military.service>
<title>Military Service</title>
<para>Royal Australian Corps of Transport 1990-95.</para>
<para>Royal Australian Corps of Military Police 1996-2000.</para>
</military.service>
</biog.entry>