<biog.entry>
<name.id>250216</name.id>
<name>REYNOLDS, Linda Karen</name>
<current.mp>Yes</current.mp>
<mp.type>Senator</mp.type>
<description>Biography for REYNOLDS, Linda Karen</description>
<doc.date>04/11/2014</doc.date>
<electorate.name>
</electorate.name>
<source>Parliamentary Library</source>
<state>WA</state>
<party>LP</party>
<title>Biography for REYNOLDS, Linda Karen</title>
<image>250216.jpg</image>
<electorate.state.name>Senator for Western Australia</electorate.state.name>
<party.name>Liberal Party of Australia</party.name>
<parliamentary.service>
<title>Parliamentary Service</title>
<para>Elected to the Senate for Western Australia 2014 (term began 1.7.2014).</para>
</parliamentary.service>
<committee.service>
<title>Committee Service</title>
<para>Senate Standing: Regulations and Ordinances from 1.7.14.</para>
<para>Senate Legislative and General Purpose Standing: Community Affairs: Legislation and References Committees from 1.7.14; Legal and Constitutional Affairs: Legislation and References Committees from 1.7.14.</para>
<para>Joint Standing: Foreign Affairs, Defence and Trade from 1.7.14; National Disability Insurance Scheme from 1.7.14.</para>
<para>Joint Select: Australia Fund Establishment from 29.10.14.</para>
<para>Senate Select: Recent Allegations relating to Conditions and Circumstances at the Regional Processing Centre in Nauru from 26.03.15.</para>
</committee.service>
<party.positions>
<title>Party Positions</title>
<para>Member, Liberal Party from 1987.</para>
<para>President, Canning Young Liberal Movement 1987-88.</para>
<para>President, Pearce Young Liberal Movement 1989.</para>
<para>Development Vice-President, Young Liberal Movement 1989-90.</para>
<para>Vice-President, Liberal Party Kalamunda Branch 1990-91; Treasurer 1990-92.</para>
<para>Vice-President, Liberal Party Pearce Division 1991-92 and 1994; Senior Vice-President 1992-93; Pearce Campaign Manager from 1993.</para>
<para>Deputy Federal Director, Liberal Party 2006-08.</para>
<para>National Campaign Manager, Liberal Party 2007.</para>
<para>Campaign Manager, Hasluck Liberal Party 2013.</para>
<para>President, Hasluck Liberal Party Women's Committee.</para>
</party.positions>
<personal>
<title>Personal</title>
<para>Born 16.5.1965, Perth, WA.</para>
</personal>
<quals.work.pre.parliament>
<title>Qualifications and Occupation before entering Federal Parliament</title>
<para>BComm (Curtin).


</para>
<para>Graduate Diploma Defence Management (Canberra).</para>
<para>Graduate Certificate in Training and Development (Southern Cross).</para>
<para>Certificate IV, Assessment and Workplace Training (Southern Cross).</para>
<para>Graduate Certificate in Strategic Studies (Australian Defence College).</para>
<para>Graduate Certificate in Training and Development (Australian Army).</para>
<para>Diploma in Training Development (Australian Army).</para>
<para>Graduate, Australian Command and Staff College Army Reserve.</para>
<para>Electoral Officer and Shadow Ministerial Adviser 1990-94.
</para>
<para>Liberal Party Senior Government Training Manager and Senior Campaign Officer 1996-98.</para>
<para>Senior Training and Development Officer, Army Command and Staff Training College Command  1999-2000.</para>
<para>Chief of Staff and Senior Policy Adviser to the Minister for Justice and Customs 2001-03.
</para>
<para>Project Director/Strategic Performance and training Analyst, Canberra Deep Space Communications Complex (NASA/JPL Facility) 2004.</para>
<para>Director Strategy Development, Raytheon Australia 2005.</para>
<para>Liberal Party Deputy Federal Director and National Training Director 2006-08.
</para>
<para>Project Director, Army-based Accountability Model Implementation Project  2008-09.</para>
<para>Director Army Strategic Reform Program 2009-10.</para>
<para>Army Adjutant General (Brigadier) 2012-13.</para>
<para>(see also Military service below).</para>
</quals.work.pre.parliament>
<honours>
<title>Honours</title>
<para>Conspicuous Service Cross 2011.</para>
</honours>
<military.service>
<title>Military Service</title>
<para>Australian Army Reserve 1984-2012.</para>
<para>Officer Cadet.</para>
<para>Regimental Logistics Officer (Second Lieutenant to Captain).</para>
<para>Training Development Officer (Captain).</para>
<para>Commanding Officer, 5th Combat Support Battalion (Lieutenant Colonel).</para>
<para>Military Instructor, Army Command and Staff College (Lieutenant Colonel).</para>
<para>Senior Career Manager (Lieutenant Colonel).</para>
<para>Director, Active Standby Staff Group (Colonel).</para>
<para>Course Member, Centre for Defence and Strategic Studies.	</para>
<para>Army Adjutant General (Brigadier).</para>
</military.service>
</biog.entry>