<biog.entry>
<name.id>258337</name.id>
<name>LINDGREN, Joanna Maria</name>
<current.mp>Yes</current.mp>
<mp.type>Senator</mp.type>
<description>Biography for LINDGREN, Joanna Maria</description>
<doc.date>23/06/2015</doc.date>
<electorate.name>
</electorate.name>
<source>Parliamentary Library</source>
<state>Qld</state>
<party>LP</party>
<title>Biography for LINDGREN, Joanna Maria</title>
<image>258337.jpg</image>
<electorate.state.name>Senator for Queensland</electorate.state.name>
<party.name>Liberal Party of Australia</party.name>
<parliamentary.service>
<title>Parliamentary Service</title>
<para>Chosen by the Parliament of Queensland on 21.5.2015 under section 15 of the Constitution to represent that State in the Senate, vice Hon. B Mason (resigned).</para>
</parliamentary.service>
<committee.service>
<title>Committee Service</title>
<para>Senate Standing: Publications from 15.6.15.</para>
<para>Senate Legislative and General Purpose Standing: Community Affairs: Legislation and References Committees from 15.6.15. </para>
<para>Joint Standing: National Disability Insurance Scheme from 15.6.15.</para>
</committee.service>
<party.positions>
<title>Party Positions</title>
<para>Vice-Chair, LNP Jimboomba/ Woodhill; Vice-Chair, LNP Logan SEC; Secretary and Treasurer, LNP Logan SEC, 2009-12.  
</para>
</party.positions>
<personal>
<title>Personal</title>
<para>Born 5.12.1969, Brisbane, Queensland. </para>
<para>Married.</para>
</personal>
<quals.work.pre.parliament>
<title>Qualifications and Occupation before entering Federal Parliament</title>
<para>BA, (Griffith), Grad. Dip. Ed. (Sec.) (Griffith).</para>
<para>Secondary School Teacher, 1991-2013.</para>
<para>Principal Project Officer, 2013-15.</para>
</quals.work.pre.parliament>
<honours>
<title>Honours</title>
<para>Service Award - Australian Defence Medal</para>
</honours>
<military.service>
<title>Military Service</title>
<para>Australian Army Reserve, 1987-91.</para>
</military.service>
</biog.entry>