<biog.entry>
<name.id>258337</name.id>
<name>LINDGREN, Joanna</name>
<current.mp>Yes</current.mp>
<mp.type>Senator</mp.type>
<description>Biography for LINDGREN, Joanna</description>
<doc.date>03/06/2015</doc.date>
<electorate.name>
</electorate.name>
<source>Parliamentary Library</source>
<state>Qld</state>
<party>LP</party>
<title>Biography for LINDGREN, Joanna</title>
<image>258337.jpg</image>
<electorate.state.name>Senator for Queensland</electorate.state.name>
<party.name>Liberal Party of Australia</party.name>
<parliamentary.service>
<title>Parliamentary Service</title>
<para>Chosen by the Parliament of Queensland on 21.5.2015 under section 15 of the Constitution to represent that State in the Senate, vice Hon. B Mason (resigned).</para>
</parliamentary.service>
<committee.service>
<title>Committee Service</title>
<para>Senate Standing: Publications from 15.6.15.</para>
<para>Senate Legislative and General Purpose Standing: Community Affairs: Legislation and References Committees from 15.6.15. </para>
<para>Joint Standing: National Disability Insurance Scheme from 15.6.15.</para>
</committee.service>
</biog.entry>