<biog.entry>
<name.id>2K6</name.id>
<name>BROUGH, the Hon. Malcolm (Mal) Thomas</name>
<current.mp>Yes</current.mp>
<mp.type>Member</mp.type>
<description>Biography for BROUGH, the Hon. Malcolm (Mal) Thomas</description>
<doc.date>25/02/2015</doc.date>
<electorate.name>Fisher</electorate.name>
<source>Parliamentary Library</source>
<state>QLD</state>
<party>LP</party>
<title>Biography for BROUGH, the Hon. Malcolm (Mal) Thomas</title>
<image>2K6.jpg</image>
<electorate.state.name>Member for Fisher (Qld)</electorate.state.name>
<party.name>Liberal Party of Australia</party.name>
<parliamentary.service>
<title>Parliamentary Service</title>
<para>Elected to the House of Representatives for Longman, Queensland, 1996, 1998, 2001 and 2004. Defeated at general elections 2007.</para>
<para>Elected to the House of Representatives for Fisher, Queensland, 2013.</para>
</parliamentary.service>
<ministerial.appointments>
<title>Ministerial Appointments</title>
<para>Parliamentary Secretary to the Minister for Employment, Workplace Relations and Small Business from 16.2.00 to 30.1.01.</para>
<para>Minister for Employment Services from 14.2.01 to 18.7.04.</para>
<para>Minister Assisting the Minister for Defence from 7.10.03 to 18.7.04.</para>
<para>Minister for Revenue and Assistant Treasurer from 18.7.04 to 27.1.06.</para>
<para>Minister for Families and Community Services and Indigenous Affairs from 27.1.06 to 3.12.07.</para>
</ministerial.appointments>
<committee.service>
<title>Committee Service</title>
<para>House of Representatives Standing: Employment, Education and Training from 30.5.96 to 31.8.98; Industry, Science and Resources from 21.6.99 to 8.3.00; Infrastructure and Communications from 4.12.13 to 24.9.14.</para>
<para>Joint Statutory: Public Accounts and Audit from 8.12.98 to 7.3.00.</para>
<para>Joint Standing: Foreign Affairs, Defence and Trade from 18.6.96 to 31.8.98; National Disability Insurance Scheme from 4.12.13 (Chair from.11.2.14).</para>
</committee.service>
<party.positions>
<title>Party Positions</title>
<para>State President, Liberal Party (Qld) 2008.</para>
<para>Member, Liberal Party Kawana Branch.</para>
</party.positions>
<personal>
<title>Personal</title>
<para>Born 29.12.1961, Brisbane, Qld.</para>
<para>Married.</para>
</personal>
<quals.work.pre.parliament>
<title>Qualifications and Occupation before entering Federal Parliament</title>
<para>Military service 1979-87.</para>
<para>Private sector business 1988-96.</para>
</quals.work.pre.parliament>
<electorate>
<title>Electorate</title>
<para>Description: rural.
</para>
<para>Location: central and southern Sunshine Coast north of Brisbane; it includes the centres of Beerburrum, Beerwah, Caloundra, Kawana, Landsborough, Maleny, Minyama, Montville and Sippy Downs. It also includes Glass House Mountains.
</para>
<para>Area: 1170 sq km (approx.).
</para>
<para>Electors enrolled: 88 383 (at 7.9.13).
</para>
<para>Industries: tourism, service industries, education, pineapple, orchard and flower crops, dairy and beef cattle farming, and horse racing.
</para>
<para>State electorates: Fisher includes the Queensland Legislative Assembly electorates of Caloundra and Kawana, and parts of Glass House, Maroochydore and Nicklin.</para>
</electorate>
</biog.entry>