<biog.entry>
<name.id>2V5</name.id>
<name>SWAN, the Hon. Wayne Maxwell</name>
<current.mp>Yes</current.mp>
<mp.type>Member</mp.type>
<description>Biography for SWAN, the Hon. Wayne Maxwell</description>
<doc.date>24/06/2014</doc.date>
<electorate.name>Member for Lilley (Qld)</electorate.name>
<source>Parliamentary Library</source>
<state>QLD</state>
<party>ALP</party>
<title>Biography for SWAN, the Hon. Wayne Maxwell</title>
<image>2V5.jpg</image>
<electorate.state.name>Member for Lilley (Qld)</electorate.state.name>
<party.name>Australian Labor Party</party.name>
<parliamentary.service>
<title>Parliamentary Service</title>
<para>Elected to the House of Representatives for Lilley, Queensland, 1993. Defeated at general elections 1996. Re-elected 1998, 2001, 2004, 2007, 2010 and 2013.</para>
</parliamentary.service>
<ministerial.appointments>
<title>Ministerial Appointments</title>
<para>Treasurer from 3.12.07 to 27.6.13.</para>
<para>Deputy Prime Minister from 24.6.10 to 27.6.13.</para>
</ministerial.appointments>
<committee.service>
<title>Committee Service</title>
<para>House of Representatives Standing: Transport, Communications and Infrastructure from 12.5.93 to 29.1.96.</para>
<para>Joint: Electoral Matters from 26.5.93 to 29.1.96.</para>
</committee.service>
<parliamentary.party.positions>
<title>Parliamentary Party Positions</title>
<para>Member, Opposition Shadow Ministry from 19.10.98 to 1.12.00 and from 17.2.01 to 3.12.07. Shadow Minister for Family and Community Services from 20.10.98 to 1.12.00 and from 17.2.01 to 26.10.04; Shadow Treasurer from 26.10.04 to 3.12.07.</para>
<para>Manager of Opposition Business in the House from 12.2.02 to 16.6.03.</para>
<para>Deputy Leader of the Federal Parliamentary Labor Party from 24.6.10 to 26.6.13.</para>
</parliamentary.party.positions>
<party.positions>
<title>Party Positions</title>
<para>Campaign Director, ALP (Qld) 1988-93.</para>
<para>State Secretary, ALP (Qld) 1991-93.</para>
</party.positions>
<personal>
<title>Personal</title>
<para>Born 30.6.1954 at Nambour, Qld.</para>
<para>Married.</para>
</personal>
<quals.work.pre.parliament>
<title>Qualifications and Occupation before entering Federal Parliament</title>
<para>BA(Hons) (Qld).</para>
<para>Lecturer, Queensland Institute of Technology 1976-77, 1981-82 and 1985-88.</para>
<para>Policy analyst, Office of Youth Affairs 1978.</para>
<para>Adviser to the Leader of the Opposition, the Hon. WG Hayden, MP 1978-80; Special Ministers of State, the Hon. MJ Young, MP and the Hon. KC Beazley, MP 1983; and the Minister for Foreign Affairs, the Hon. WG Hayden, MP 1984.</para>
<para>Party official (see Party positions above).</para>
<para>Adviser 1996-98.</para>
</quals.work.pre.parliament>
<publications>
<title>Publications</title>
<para>Postcode: the splintering of a nation, North Melbourne: Pluto Press Australia, 2005.</para>
</publications>
<electorate>
<title>Electorate</title>
<para>Description: inner metropolitan.
</para>
<para>Location: north-eastern Brisbane; it includes the suburbs of Banyo, Boondall, Brighton, Chermside, Chermside West, Deagon, Eagle Farm, Geebung, Kedron, McDowall, Northgate, Nudgee, Nudgee Beach, Nundah, Pinkenba, Sandgate, Shorncliffe, Stafford Heights, Taigum, Virginia, Wavell Heights, Zillmere and parts of Aspley, Bridgeman Downs, Eagle Farm, Everton Park and Stafford.
</para>
<para>Area: 147 sq km (approx.).</para>
<para>Electors enrolled: 100 171 (at 7.9.13).</para>
<para>Industries: domestic and international airports, light and heavy engineering, sea-cargo facilities, chemical production, warehousing (civilian and military), oil refining and storage.</para>
<para>State electorates: Lilley includes the Queensland Legislative Assembly electorate of Nudgee, and parts of Aspley, Clayfield, Everton, Sandgate and Stafford.</para>
</electorate>
</biog.entry>