<biog.entry>
<name.id>30540</name.id>
<name>BRODTMANN, Gai Marie</name>
<current.mp>Yes</current.mp>
<mp.type>Member</mp.type>
<description>Biography for BRODTMANN, Gai Marie</description>
<doc.date>12/12/2013</doc.date>
<electorate.name>Member for Canberra (ACT)</electorate.name>
<source>Parliamentary Library</source>
<state>ACT</state>
<party>ALP</party>
<title>Biography for BRODTMANN, Gai Marie</title>
<image>30540.jpg</image>
<electorate.state.name>Member for Canberra (ACT)</electorate.state.name>
<party.name>Australian Labor Party</party.name>
<parliamentary.service>
<title>Parliamentary Service</title>
<para>Elected to the House of Representatives for Canberra, Australian Capital Territory, 2010 and 2013.</para>
</parliamentary.service>
<committee.service>
<title>Committee Service</title>
<para>Joint Statutory: Public Accounts and Audit from 25.10.10.</para>
<para>Joint Standing: Foreign Affairs, Defence and Trade from 25.10.10 to 5.8.13; National Capital and External Territories from 25.10.10; Parliamentary Library from 2.12.13 (Joint Chair from 11.12.13).</para>
<para>Joint Select: Gambling Reform from 14.3.12 to 24.6.13; DisabilityCare Australia from 19.6.13 to 5.8.13.</para>
</committee.service>
<parliamentary.party.positions>
<title>Parliamentary Party Positions</title>
<para>Shadow Parliamentary Secretary for Defence from 18.10.13.</para>
</parliamentary.party.positions>
<party.positions>
<title>Party Positions</title>
<para>Various ACT ALP campaign, administrative and executive positions 1992-2009.</para>
<para>Chair, ALP National Policy Committee 2011.</para>
</party.positions>
<other.positions>
<title>Other Positions</title>
<para>Non-Executive Director and Audit Committee Member, Cultural Facilities Corporation 2000-04.
</para>
<para>Non-Executive Director and Audit Committee Member, ACTTAB 2002-09.
</para>
<para>Director, National Press Club 2003-04.
</para>
<para>Volunteer director, Gift of Life 2007-10.
</para>
<para>Volunteer director, Our Wellness Foundation 2008-10.
</para>
</other.positions>
<personal>
<title>Personal</title>
<para>Born 24.11.1963, Melbourne, Vic.</para>
<para>Married.</para>
</personal>
<quals.work.pre.parliament>
<title>Qualifications and Occupation before entering Federal Parliament</title>
<para>BA (ANU), BPR (RMIT), Grad Cert Bus (Monash).</para>
<para>Federal public servant and media adviser 1990-2000.</para>
<para>Small business owner 2000-10.</para>
</quals.work.pre.parliament>
<electorate>
<title>Electorate</title>
<para>Description: inner metropolitan.</para>
<para>Location: southern Canberra and outskirts; it includes the suburbs of Deakin, Forrest, Parkes, Red Hill and Yarralumla, extending to Tuggeranong, Weston Creek and Woden Valley, and the outlying rural areas of Tharwa and Tidbinbilla. It also includes those Norfolk Island residents entitled to enrol.</para>
<para>Area: 1921 sq km (approx.).</para>
<para>Electors enrolled: 127 359 (at 7.9.13).</para>
<para>Industries: retail and service industries, government and administration, agriculture, light industry and tourism. </para>
<para>Territory electorates: Canberra includes the Australian Capital Territory Legislative Assembly electorate of Brindabella and parts of Molonglo.</para>
</electorate>
</biog.entry>