<biog.entry>
<name.id>53369</name.id>
<name>DI NATALE, Richard</name>
<current.mp>Yes</current.mp>
<mp.type>Senator</mp.type>
<description>Biography for DI NATALE, Richard</description>
<doc.date>04/03/2015</doc.date>
<electorate.name>
</electorate.name>
<source>Parliamentary Library</source>
<state>VIC</state>
<party>AG</party>
<title>Biography for DI NATALE, Richard</title>
<image>53369.jpg</image>
<electorate.state.name>Senator for Victoria</electorate.state.name>
<party.name>Australian Greens</party.name>
<parliamentary.service>
<title>Parliamentary Service</title>
<para>Elected to the Senate for Victoria 2010 (term began 1.7.2011).</para>
</parliamentary.service>
<committee.service>
<title>Committee Service</title>
<para>Senate Standing: Finance and Public Administration: Legislation and References Committees from 5.7.11 to 11.11.13.</para>
<para>Senate Select: Abbott Government's Commission of Audit from 12.12.13 to 19.6.14; Abbott Government's Budget Cuts from 7.7.14 to 3.12.14 (Chair from11.12.13); Health from 7.7.14.</para>
</committee.service>
<parliamentary.party.positions>
<title>Parliamentary Party Positions</title>
<para>Australian Greens portfolios: Health, including Preventive; Dental Health; Sport; Gambling; Multiculturalism; East Timor; West Papua from 1.7.11 to 11.11.13; Health; Dental Health; Sport; Gambling; Multiculturalism from 11.11.13 to 1.7.14; Health; Multiculturalism; Sport from 1.7.14.</para>
<para>Leader of the Australian Greens from 6.5.15.</para>
</parliamentary.party.positions>
<party.positions>
<title>Party Positions</title>
<para>Founding member, Melbourne and Moreland Branches, Victorian Greens.
</para>
<para>State Policy Coordinator, Victorian Greens 2005-06.
</para>
<para>Coordinator, Australian Greens Strategic Plan 2007.
</para>
<para>National Councillor, State Councillor and Regional Councillor, Australian Greens.
</para>
</party.positions>
<personal>
<title>Personal</title>
<para>Born 6.6.1970, Melbourne, Vic.
</para>
<para>Married.
</para>
</personal>
<quals.work.pre.parliament>
<title>Qualifications and Occupation before entering Federal Parliament</title>
<para>MBBS (Monash), MPH (La Trobe), MHS (La Trobe).
</para>
<para>Fellow, Australasian Faculty of Public Health Medicine.
</para>
<para>Fellow, Australasian College of Rural and Remote Medicine.
</para>
<para>General practitioner 1996-2002.
</para>
<para>Public health registrar, Dept of Human Services 2002-05.
</para>
<para>International Public Health, Nossal Institute for Global Health, Melbourne University 2005-07.
</para>
<para>Farmer from 2007.
</para>
<para>Drug and alcohol clinician from 2008.
</para>
</quals.work.pre.parliament>
</biog.entry>