<biog.entry>
<name.id>5K4</name.id>
<name>FAULKNER, the Hon. John Philip</name>
<current.mp>No</current.mp>
<mp.type>Former</mp.type>
<description>Biography for FAULKNER, the Hon. John Philip</description>
<doc.date>26/03/2015</doc.date>
<electorate.name>
</electorate.name>
<source>Parliamentary Library</source>
<state>NSW</state>
<party>ALP</party>
<title>Biography for FAULKNER, the Hon. John Philip</title>
<image>5K4.jpg</image>
<electorate.state.name>New South Wales</electorate.state.name>
<party.name>Australian Labor Party</party.name>
<parliamentary.service>
<title>Parliamentary Service</title>
<para>Chosen by the Parliament of New South Wales on 4.4.1989 under section 15 of the Constitution to represent that State in the Senate, vice the Hon. AT Gietzelt (resigned) (term ended 30.6.1993). Elected 1993 (term began 1.7.1993), 1998, 2004 and 2010. Resigned 6.2.2015. </para>
</parliamentary.service>
<parliamentary.appointments>
<title>Parliamentary Appointments</title>
<para>Parliamentary Representative on the Advisory Council on Australian Archives from 27.6.96 to 12.3.08 and from 30.9.10.</para>
<para>Member, Parliamentary Retiring Allowances Trust from 1.7.05 to 12.3.08.</para>
</parliamentary.appointments>
<ministerial.appointments>
<title>Ministerial Appointments</title>
<para>Minister for Veterans' Affairs from 24.3.93 to 25.3.94.</para>
<para>Minister for Defence Science and Personnel from 24.3.93 to 25.3.94.</para>
<para>Minister for Sport and Territories from 1.3.94 to 25.3.94.</para>
<para>Minister for Environment, Sport and Territories from 25.3.94 to 11.3.96.</para>
<para>Special Minister of State from 3.12.07 to 9.6.09.</para>
<para>Cabinet Secretary from 3.12.07 to 9.6.09.</para>
<para>Vice-President of the Executive Council from 3.12.07 to 14.9.10.</para>
<para>Minister for Defence from 9.6.09 to 14.9.10.</para>
</ministerial.appointments>
<committee.service>
<title>Committee Service</title>
<para>Senate Standing: Regulations and Ordinances from 30.5.89 to 8.5.90; Library from 11.5.90 to 18.5.93, from 22.4.99 to 11.2.02 and from 18.11.04 to 7.12.05; Scrutiny of Bills from 11.5.90 to 24.8.90; Selection of Bills from 20.2.91 to 12.5.93; Procedure from 18.5.93 to 6.2.15; Appropriations and Staffing from 2.5.96 to 6.2.15; Privileges from 18.11.04 to 11.2.08 and from 30.9.10 to 6.2.15.</para>
<para>Senate Legislative and General Purpose Standing: Transport, Communications and Infrastructure from 10.4.89 to 18.5.93; Community Affairs from 12.4.89 to 8.5.90; Environment, Recreation and the Arts from 11.5.90 to 6.3.91; Industry, Science and Technology from 16.6.92 to 23.6.92; Finance and Public Administration: Legislation Committee from 13.2.02 to 15.9.04 and from 30.9.10 to 6.2.15; and References Committee from 30.9.10 to 1.7.11.</para>
<para>Senate Estimates: D on 14.4.89; E from 6.9.89 to 11.4.91 and on 5.9.91; A on 23.4.91.</para>
<para>Senate Select: Health Legislation and Health Insurance from 16.6.89 to 24.8.90; Political Broadcasts and Political Disclosures Bill from 16.8.91 to 28.11.91; Subscription Television Broadcasting Services from 26.6.92 to 16.9.92; Functions, Powers and Operations of the Australian Loan Council from 10.10.92 to 19.5.93; A Certain Maritime Incident from 14.2.02 to 23.10.02; Scrafton Evidence from 30.8.04 to 9.12.04.</para>
<para>Joint Statutory: Public Accounts from 26.6.97 to 18.11.97; Public Accounts and Audit from 10.12.98 to 12.10.00; Broadcasting of Parliamentary Proceedings from 1.12.04 to 11.2.08; Intelligence and Security from 9.12.05 to 11.2.08 and from 16.11.10 to 6.2.15.</para>
<para>Joint Standing: Electoral Matters from 16.5.90 to 18.5.93, from 27.11.97 to 11.2.02 and from 9.3.04 to 31.8.04; Foreign Affairs, Defence and Trade from 30.9.10 to 10.2.11.</para>
<para>Joint Select: Intelligence Services from 28.6.01 to 27.8.01; Parliamentary Budget Office from 22.11.10 to 23.3.11.</para>
</committee.service>
<conf.delegations.visits>
<title>Conferences, Delegations and Visits</title>
<para>Official visits to France, August-September 1993; USA, May 1994; USA and Canada, August 1994; New Zealand, October 1994; Germany, April 1995; USA, April 1995; Switzerland, July 1995; Indonesia, November 1995.</para>
<para>Parliamentary Delegate to the Australian Constitutional Convention, Canberra, February 1998.</para>
<para>Study tour, Switzerland, Italy, Spain, France and UK, December 1999-January 2000; UK, December 2002-January 2003.</para>
<para>Official visits to New Zealand, January 2008; the Netherlands, Belgium and Afghanistan, June 2009; Singapore, July 2009; Timor-Leste, October 2009; Slovakia and India, October 2009; USA, November 2009; Afghanistan, November 2009; Turkey, February 2010; USA, April 2010; United Arab Emirates and Afghanistan, April 2010; Japan, May 2010; Singapore, Belgium, United Arab Emirates and Pakistan, June 2010.</para>
</conf.delegations.visits>
<parliamentary.party.positions>
<title>Parliamentary Party Positions</title>
<para>Deputy Government Whip in the Senate from 12.2.91 to 24.3.93. </para>
<para>Manager of Government Business in the Senate from 24.3.93 to 11.3.96.</para>
<para>Leader of the Opposition in the Senate from 19.3.96 to 22.10.04.</para>
<para>Member, Opposition Shadow Ministry from 19.3.96 to 22.10.04. Shadow Minister for Social Security from 20.3.96 to 27.3.97; Shadow Minister for Public Administration and Government Services from 27.3.97 to 26.8.97; Shadow Minister for Public Administration, Government Services and Territories from 26.8.97 to 20.10.98; Shadow Minister for Public Administration and Government Services from 20.10.98 to 25.11.01; Shadow Minister for Olympic Coordination and the Centenary of Federation from 20.10.98 to 25.11.01; Shadow Minister for Public Administration and Home Affairs from 25.11.01 to 18.2.03; Shadow Special Minister of State and Shadow Minister for Home Affairs from 18.2.03 to 8.12.03; Shadow Special Minister of State and Shadow Minister for Public Administration and Accountability from 8.12.03 to 22.10.04.</para>
</parliamentary.party.positions>
<party.positions>
<title>Party Positions</title>
<para>ALP Assistant General Secretary (NSW) 1980-89. </para>
<para>Member, ALP Administrative Committee (NSW) 1978-89. </para>
<para>Delegate, ALP Annual Conference (NSW) from 1975. </para>
<para>Delegate, ALP National Conference from 1982. </para>
<para>Member, ALP National Executive 1989-2009.</para>
<para>National President, ALP from April 2007 to February 2008.</para>
</party.positions>
<personal>
<title>Personal</title>
<para>Born 12.4.1954, Leeton, NSW.</para>
</personal>
<quals.work.pre.parliament>
<title>Qualifications and Occupation before entering Federal Parliament</title>
<para>BA, DipEd (Macquarie).</para>
<para>Teacher, Special Education 1977-79. </para>
<para>Research officer, NSW Minister for Sport and Recreation 1980. </para>
<para>Party official 1980-89 (see Party positions above).</para>
</quals.work.pre.parliament>
</biog.entry>