<biog.entry>
<name.id>7K6</name.id>
<name>ENTSCH, the Hon. Warren George</name>
<current.mp>Yes</current.mp>
<mp.type>Member</mp.type>
<description>Biography for ENTSCH, the Hon. Warren George</description>
<doc.date>25/02/2015</doc.date>
<electorate.name>Leichhardt</electorate.name>
<source>Parliamentary Library</source>
<state>QLD</state>
<party>LP</party>
<title>Biography for ENTSCH, the Hon. Warren George</title>
<image>7K6.jpg</image>
<electorate.state.name>Member for Leichhardt (Qld)</electorate.state.name>
<party.name>Liberal Party of Australia</party.name>
<parliamentary.service>
<title>Parliamentary Service</title>
<para>Elected to the House of Representatives for Leichhardt, Queensland, 1996, 1998, 2001 and 2004. Retired prior to general elections 2007. Re-elected 2010 and 2013.</para>
</parliamentary.service>
<ministerial.appointments>
<title>Ministerial Appointments</title>
<para>Parliamentary Secretary to the Minister for Industry, Science and Resources from 21.10.98 to 26.11.01.</para>
<para>Parliamentary Secretary to the Minister for Industry, Tourism and Resources from 26.11.01 to 27.1.06.</para>
</ministerial.appointments>
<committee.service>
<title>Committee Service</title>
<para>House of Representatives Standing: Aboriginal and Torres Strait Islander Affairs from 29.5.96 to 31.8.98; Environment, Recreation and the Arts from 30.5.96 to 31.8.98; Environment and Heritage from 9.2.06 to 17.10.07; Health and Ageing from 9.2.06 to 17.10.07; Selection from 30.9.10 to 23.5.11 and from 25.5.11 to 5.8.13; House from 25.10.10 to 5.8.13.</para>
<para>Joint Statutory: Native Title and the Aboriginal and Torres Strait Islander Land Fund from 18.6.96 (Chair from 4.6.97) to 31.8.98.</para>
<para>Joint Select: Northern Australia from 11.12.13 (Chair from 11.12.13).</para>
</committee.service>
<parliamentary.party.positions>
<title>Parliamentary Party Positions</title>
<para>Chief Opposition Whip from 14.9.10 to 5.8.13.</para>
</parliamentary.party.positions>
<personal>
<title>Personal</title>
<para>Born 31.5.1950, Babinda, Qld.</para>
</personal>
<quals.work.pre.parliament>
<title>Qualifications and Occupation before entering Federal Parliament</title>
<para>Aircraft engine fitter 1969-78.</para>
<para>Maintenance fitter and welder 1978-82.</para>
<para>Real estate sales and development from 1982.</para>
<para>Crocodile catcher and farmer from 1982.</para>
<para>Grazier from 1988.</para>
<para>Company director.</para>
</quals.work.pre.parliament>
<military.service>
<title>Military Service</title>
<para>RAAF 1969-78.</para>
</military.service>
<electorate>
<title>Electorate</title>
<para>Description: rural.
</para>
<para>Location: far north Queensland; it includes the centres of Aurukun, Bamaga, Cooktown, Hope Vale, Kowanyama, Kuranda, Lockhart River, Mossman, Pormpuraaw, Port Douglas and Weipa, and parts of Cairns. It also includes the Torres Strait Islands.
</para>
<para>Area: 148 988 sq km (approx.).
</para>
<para>Electors enrolled: 99 312 (at 7.9.13).</para>
<para>Industries: sugar, tropical fruit, aquaculture, cattle, fishing, mining and tourism.
</para>
<para>State electorates: Leichhardt includes the Queensland Legislative Assembly electorate of Cairns, and parts of Barron River, Cook and Mulgrave.</para>
</electorate>
</biog.entry>