<biog.entry>
<name.id>83E</name.id>
<name>RIPOLL, the Hon. Bernard (Bernie) Fernand</name>
<current.mp>Yes</current.mp>
<mp.type>Member</mp.type>
<description>Biography for RIPOLL, the Hon. Bernard (Bernie) Fernand</description>
<doc.date>05/11/2013</doc.date>
<electorate.name>Member for Oxley (Qld)</electorate.name>
<source>Parliamentary Library</source>
<state>QLD</state>
<party>ALP</party>
<title>Biography for RIPOLL, the Hon. Bernard (Bernie) Fernand</title>
<image>83E.JPG</image>
<electorate.state.name>Member for Oxley (Qld)</electorate.state.name>
<party.name>Australian Labor Party</party.name>
<parliamentary.service>
<title>Parliamentary Service</title>
<para>Elected to the House of Representatives for Oxley, Queensland, 1998, 2001, 2004, 2007, 2010 and 2013. </para>
</parliamentary.service>
<parliamentary.positions>
<title>Parliamentary Positions</title>
<para>Member, Speaker's Panel from 27.2.12 to 13.3.12.</para>
</parliamentary.positions>
<ministerial.appointments>
<title>Ministerial Appointments</title>
<para>Parliamentary Secretary for Small Business from 25.3.13.</para>
<para>Parliamentary Secretary to the Treasurer from 5.3.12.</para>
</ministerial.appointments>
<committee.service>
<title>Committee Service</title>
<para>House of Representatives Standing: Transport and Regional Services from 2.12.04 to 17.10.07.</para>
<para>Joint Statutory: Public Works from 8.12.98 to 17.10.07 and from 25.10.10 to 14.3.12; Corporations and Financial Services from 18.2.08 to 14.3.12.</para>
<para>Joint Standing: Migration from 8.12.98 to 31.8.04; Treaties from 2.12.04 to 17.10.07; Foreign Affairs, Defence and Trade from 18.2.08 to 19.7.10.</para>
<para>Joint Select: Cyber-Safety from 18.3.10 to 19.7.10; Australia's Clean Energy Future Legislation from 14.9.11 to 7.10.11.</para>
</committee.service>
<parliamentary.party.positions>
<title>Parliamentary Party Positions</title>
<para>Shadow Parliamentary Secretary for Infrastructure from 26.10.04 to 24.6.05; Shadow Parliamentary Secretary for Industry, Infrastructure and Industrial Relations from 24.6.05 to 10.12.06; Shadow Parliamentary Secretary for Industry and Innovation from 10.12.06 to 3.12.07.  
</para>
<para>Member, Opposition Shadow Ministry from 14.10.13. Shadow Minister for Financial Services and Superannuation from 18.10.13; Shadow Minister for Sport from 18.10.13; Shadow Minister Assisting the Leader for Small Business from 18.10.13.</para>
</parliamentary.party.positions>
<party.positions>
<title>Party Positions</title>
<para>Branch President 1994-96.</para>
<para>Branch Secretary 1996-99.</para>
<para>Branch Treasurer 1996-99.</para>
<para>Delegate, ALP State Conference (Qld) from 1997. </para>
</party.positions>
<personal>
<title>Personal</title>
<para>Born 6.1.1966, Pezenas, France.</para>
<para>Married. </para>
</personal>
<quals.work.pre.parliament>
<title>Qualifications and Occupation before entering Federal Parliament</title>
<para>BBus (Mkt) (QUT).</para>
<para>Electrician 1986-90.</para>
<para>Union Organiser, State Public Services Federation of Queensland 1995-98.</para>
</quals.work.pre.parliament>
<military.service>
<title>Military Service</title>
<para>Apprentice aircraft electrician, RAAF 1983-84.</para>
</military.service>
<electorate>
<title>Electorate</title>
<para>Description: outer metropolitan.</para>
<para>Location: south-east Queensland to the south west of Brisbane; it includes the centres of Augustine Heights, Bellbird Park, Brookwater, Camira, Carole Park, Darra, Doolandella, Durack, Ellen Grove, Forest Lake, Gailes, Goodna, Heathwood, Inala, Jamboree Heights, Jindalee, Middle Park, Mt Ommaney, Pallara, Redbank, Richlands, Riverhills, Seventeen Mile Rocks, Sinnamon Park, Sumner, Springfield, Springfield Lakes, Wacol, and parts of Collingwood Park and Redbank Plains.
</para>
<para>Area: 155 sq km (approx.).
</para>
<para>Electors enrolled: 86 841 (at 7.9.13).</para>
<para>Industries: railway workshops, industrial, light industrial and commercial activities.
</para>
<para>State electorates: Oxley includes parts of the Queensland Legislative Assembly electorates of Algester, Bundamba, Inala, Mount Ommaney and Sunnybank.</para>
</electorate>
</biog.entry>