<biog.entry>
<name.id>83M</name.id>
<name>PLIBERSEK, the Hon. Tanya Joan</name>
<current.mp>Yes</current.mp>
<mp.type>Member</mp.type>
<description>Biography for PLIBERSEK, the Hon. Tanya Joan</description>
<doc.date>05/06/2015</doc.date>
<electorate.name>Member for Sydney (NSW)</electorate.name>
<source>Parliamentary Library</source>
<state>NSW</state>
<party>ALP</party>
<title>Biography for PLIBERSEK, the Hon. Tanya Joan</title>
<image>83M.jpg</image>
<electorate.state.name>Member for Sydney (NSW)</electorate.state.name>
<party.name>Australian Labor Party</party.name>
<parliamentary.service>
<title>Parliamentary Service</title>
<para>Elected to the House of Representatives for Sydney, New South Wales, 1998, 2001, 2004, 2007, 2010 and 2013. </para>
</parliamentary.service>
<ministerial.appointments>
<title>Ministerial Appointments</title>
<para>Minister for Housing from 3.12.07 to 14.9.10.</para>
<para>Minister for the Status of Women from 3.12.07 to 14.9.10.</para>
<para>Minister for Human Services from 14.9.10 to 14.12.11.
</para>
<para>Minister for Social Inclusion from 14.9.10 to 14.12.11.
</para>
<para>Minister for Health from 14.12.11 to 1.7.13.</para>
<para>Minister for Health and Medical Research from 1.7.13 to 18.9.13.</para>
</ministerial.appointments>
<committee.service>
<title>Committee Service</title>
<para>House of Representatives Standing: Economics, Finance and Public Administration from 31.8.00 to 8.10.01; Education and Training from 20.3.02 to 31.8.04; Privileges from 16.5.02 to 17.10.07.</para>
<para>Joint Statutory: Public Accounts and Audit from 8.12.98 to 10.4.00 and from 20.3.02 to 31.8.04; Intelligence and Security from 12.12.13 to 26.12.14.</para>
<para>Joint Standing: Foreign Affairs, Defence and Trade from 4.12.13 to 24.6.15.</para>
</committee.service>
<parliamentary.party.positions>
<title>Parliamentary Party Positions</title>
<para>Deputy Leader of the Federal Parliamentary Labor Party from 14.10.13.   </para>
<para>Deputy Leader of the Opposition from 14.10.13.</para>
<para>Member, Opposition Shadow Ministry from 22.10.04 to 3.12.07 and from 14.10.13. Shadow Minister for Work and Family, Child Care and Youth and Shadow Minister for Women from 26.10.04 to 10.12.06; Shadow Minister for Community from 26.10.04 to 24.6.05; Shadow Minister for Human Services, Housing, Youth and Women from 10.12.06 to 3.12.07.</para>
<para>Shadow Minister for Foreign Affairs and International Development from 18.10.13.</para>
</parliamentary.party.positions>
<party.positions>
<title>Party Positions</title>
<para>Member, ALP Status of Women Committee (NSW) 1994-98.</para>
<para>Member, ALP Economics Committee (NSW) from 1996-98.</para>
<para>Delegate, ALP State Conference 1996-2004.</para>
<para>Member, ALP Rosebery Branch.</para>
<para>Deputy Chair, ALP Caucus Committee on Living Standards and Economic Development.</para>
<para>Member, ALP Caucus Committee on Social Policy.</para>
<para>Member, ALP Caucus Women's Committee.</para>
</party.positions>
<personal>
<title>Personal</title>
<para>Born 2.12.1969 at Sydney, NSW. </para>
</personal>
<quals.work.pre.parliament>
<title>Qualifications and Occupation before entering Federal Parliament</title>
<para>BA Communications (Hons) (UTS).</para>
<para>Master of Politics and Public Policy (Macquarie).</para>
<para>Women's Officer, University of Technology, Sydney.</para>
<para>Domestic Violence Unit, NSW Ministry for the Status of Women.</para>
<para>Electorate officer. </para>
</quals.work.pre.parliament>
<electorate>
<title>Electorate</title>
<para>Description: inner metropolitan.</para>
<para>Location: City of Sydney and inner western suburbs; it includes the suburbs of Alexandria, Balmain, Beaconsfield, Birchgrove, Broadway, Chippendale, Darlington, Erskineville, Forest Lodge, Glebe, Haymarket, Millers Point, Pyrmont, Redfern, Surry Hills, The Rocks, Ultimo, Waterloo, Zetland and parts of Annandale, Camperdown, Darlinghurst, Macdonaldtown, Newtown and Rozelle. It also includes Lord Howe Island and the harbour islands from Spectacle Island to the Heads.
</para>
<para>Area: 91 sq km (approx.).
</para>
<para>Electors enrolled: 106 401 (at 7.9.13).</para>
<para>Industries: commercial, financial, retail, merchandising, service, transport, entertainment and shipping industries.
</para>
<para>State electorates: Sydney includes parts of the New South Wales Legislative Assembly electorates of Balmain, Heffron, Newtown, Port Macquarie (Lord Howe Island) and Sydney.</para>
</electorate>
</biog.entry>