<biog.entry>
<name.id>83P</name.id>
<name>BISHOP, the Hon. Julie Isabel</name>
<current.mp>Yes</current.mp>
<mp.type>Member</mp.type>
<description>Biography for BISHOP, the Hon. Julie Isabel</description>
<doc.date>04/05/2015</doc.date>
<electorate.name>Member for Curtin (WA)</electorate.name>
<source>Parliamentary Library</source>
<state>WA</state>
<party>LP</party>
<title>Biography for BISHOP, the Hon. Julie Isabel</title>
<image>83P.JPG</image>
<electorate.state.name>Member for Curtin (WA)</electorate.state.name>
<party.name>Liberal Party of Australia</party.name>
<parliamentary.service>
<title>Parliamentary Service</title>
<para>Elected to the House of Representatives for Curtin, Western Australia, 1998, 2001, 2004, 2007 and 2010.</para>
</parliamentary.service>
<ministerial.appointments>
<title>Ministerial Appointments</title>
<para>Minister for Ageing from 7.10.03 to 27.1.06.</para>
<para>Minister for Education, Science and Training from 27.1.06 to 3.12.07.</para>
<para>Minister Assisting the Prime Minister for Women's Issues from 27.1.06 to 3.12.07.</para>
<para>Minister for Foreign Affairs from 18.9.13.</para>
</ministerial.appointments>
<committee.service>
<title>Committee Service</title>
<para>House of Representatives Standing: Legal and Constitutional Affairs from 8.12.98 to 6.11.03; Privileges (nominee of the Leader of the House) from 6.2.01 to 8.10.01; Economics from 25.9.08 to 25.2.09.</para>
<para>Joint Statutory: Corporations and Securities from 9.12.98 to 11.2.02.</para>
<para>Joint Standing: Treaties from 20.3.02 (Chair from 21.3.02) to 4.11.03; Foreign Affairs, Defence and Trade from 10.3.09 to 5.8.13.</para>
<para>Joint Select: Republic Referendum from 2.6.99 to 9.8.99. </para>
</committee.service>
<parliamentary.party.positions>
<title>Parliamentary Party Positions</title>
<para>Member, Opposition Shadow Ministry from 6.12.07 to 18.9.13. Shadow Minister for Employment, Business and Workplace Relations from 6.12.07 to 22.9.08; Shadow Treasurer from 22.9.08 to 16.2.09; Shadow Minister for Foreign Affairs from 16.2.09 to 18.9.13; Shadow Minister for Trade from 14.9.10 to 18.9.13.  
</para>
<para>Deputy Leader of the Federal Parliamentary Liberal Party from 29.11.07.</para>
<para>Deputy Leader of the Opposition from 3.12.07 to 18.9.13. </para>
</parliamentary.party.positions>
<party.positions>
<title>Party Positions</title>
<para>Branch President, Liberal Party Perth Central Branch (Perth Division) 1992-97.</para>
<para>Senior Vice-President, Liberal Party Perth Central Branch (Perth Division) 1997-98.</para>
<para>Vice-President, Liberal Party Claremont Branch (Curtin Division) 1998-2002.</para>
<para>Member, Liberal Party Crawley Branch (Curtin Division) from 2002.</para>
</party.positions>
<personal>
<title>Personal</title>
<para>Born 17.7.1956, Lobethal, SA. </para>
</personal>
<quals.work.pre.parliament>
<title>Qualifications and Occupation before entering Federal Parliament</title>
<para>LLB (Adel).</para>
<para>Advanced Management Program (Senior Managers) (Harvard Business School).</para>
<para>Barrister and solicitor 1979-98.</para>
<para>Managing partner, Clayton Utz, Perth, WA 1994-98.</para>
<para>Chair, Town Planning Appeal Tribunal of WA 1994-98.</para>
<para>Senate Member, Murdoch University 1997-98.</para>
<para>Director, Special Broadcasting Services Television 1997-98.</para>
<para>Director and Fellow, Australian Institute of Management 1997-98.</para>
</quals.work.pre.parliament>
<electorate>
<title>Electorate</title>
<para>Description: inner metropolitan.
</para>
<para>Location: western Perth; it includes the suburbs of Churchlands, City Beach, Claremont, Cottesloe, Crawley, Dalkeith, Daglish, Floreat, Glendalough, Jolimont, Leederville, Mosman Park, Mount Claremont, Mount Hawthorn, Nedlands, Peppermint Grove, Shenton Park, Subiaco, Swanbourne, Wembley, Wembley Downs, West Leederville and Woodlands, and parts of Doubleview, North Perth, Osborne Park, Scarborough and West Perth.
</para>
<para>Area: 104 sq km (approx.).
</para>
<para>Electors enrolled: 94 323 (at 7.9.13).</para>
<para>Industries: recreational, light retail and hospitality. The electorate also includes the University of Western Australia.
</para>
<para>State electorates: Curtin includes the Western Australian Legislative Assembly electorates of Churchlands and Nedlands, and parts of Cottesloe, Perth and Scarborough.</para>
</electorate>
</biog.entry>