<biog.entry>
<name.id>83S</name.id>
<name>BURKE, Anna Elizabeth</name>
<current.mp>Yes</current.mp>
<mp.type>Member</mp.type>
<description>Biography for BURKE, Anna Elizabeth</description>
<doc.date>31/03/2015</doc.date>
<electorate.name>Member for Chisholm (Vic)</electorate.name>
<source>Parliamentary Library</source>
<state>VIC</state>
<party>ALP</party>
<title>Biography for BURKE, Anna Elizabeth</title>
<image>83S.jpg</image>
<electorate.state.name>Member for Chisholm (Vic)</electorate.state.name>
<party.name>Australian Labor Party</party.name>
<parliamentary.service>
<title>Parliamentary Service</title>
<para>Elected to the House of Representatives for Chisholm, Victoria, 1998, 2001, 2004, 2007, 2010 and 2013. </para>
</parliamentary.service>
<parliamentary.positions>
<title>Parliamentary Positions</title>
<para>Deputy Speaker from 12.2.08 to 28.9.10 and from 24.11.11 to 9.10.12.</para>
<para>Member, Speaker's Panel from 30.9.10 to 24.11.11 and from 25.3.15.</para>
<para>Speaker of the House of Representatives from 9.10.12 to 5.8.13.</para>
</parliamentary.positions>
<committee.service>
<title>Committee Service</title>
<para>House of Representatives Standing: Economics, Finance and Public Administration from 8.12.98 to 31.8.04; Privileges from 2.12.04 to 27.3.07 and from 29.3.07 to 17.10.07; Climate Change, Environment and the Arts from 25.10.10 to 7.2.12; Petitions from 25.10.10 to 5.8.13; Privileges and Members' Interests from 25.10.10; House from 9.10.12 (Chair from 9.10.12) to 5.8.13.
</para>
<para>Joint Statutory: Corporations and Financial Services from 2.12.04 to 17.10.07; Public Accounts and Audit from 2.12.04 to 12.9.05; Broadcasting of Parliamentary Proceedings from 9.10.12 to 5.8.13.
</para>
<para>Joint Standing: National Capital and External Territories from 12.2.08 to 19.7.10.
</para>
<para>Joint Select: Parliamentary Budget Office from 23.11.10 to 23.3.11; Australia's Clean Energy Future Legislation from 14.9.11 to 7.10.11.</para>
</committee.service>
<party.positions>
<title>Party Positions</title>
<para>Delegate, ALP State Conference (Vic) 1988-2011.</para>
<para>Member, Federal Electorate Assembly Executive 1998-2006.</para>
<para>Member, State Economics and Industry Committee (Vic) 1997-98. </para>
</party.positions>
<personal>
<title>Personal</title>
<para>Born 1.1.1966, Melbourne, Vic.</para>
<para>Married.</para>
</personal>
<quals.work.pre.parliament>
<title>Qualifications and Occupation before entering Federal Parliament</title>
<para>BA (Hons) (Monash), MComm (Hons) (Melb).</para>
<para>Industrial Officer, Victorian Roads 1988-93.</para>
<para>Industrial Officer, Victorian University of Technology 1993-94.</para>
<para>National Industrial Officer, Finance Sector Union 1994-98. </para>
</quals.work.pre.parliament>
<electorate>
<title>Electorate</title>
<para>Description: inner metropolitan.</para>
<para>Location: eastern Melbourne; it includes the suburbs of Ashwood, Blackburn South, Box Hill, Box Hill North, Box Hill South, Burwood, Chadstone, Huntingdale, Mont Albert, Mount Waverley and Oakleigh East, and parts of Clayton, Forest Hill, Mont Albert North, Oakleigh and Surrey Hills.</para>
<para>Area: 65 sq km (approx.).</para>
<para>Electors enrolled: 96 315 (at 7.9.13).</para>
<para>Industries: higher education, retail and service industries, metal, transport and electrical firms, warehouses.</para>
<para>State electorates: Chisholm includes parts of the Victorian Legislative Assembly electorates of Box Hill, Burwood, Clarinda, Forest Hill, Mt Waverley and Oakleigh.</para>
</electorate>
</biog.entry>