<biog.entry>
<name.id>84L</name.id>
<name>McLUCAS, the Hon. Jan Elizabeth</name>
<current.mp>Yes</current.mp>
<mp.type>Senator</mp.type>
<description>Biography for McLUCAS, the Hon. Jan Elizabeth</description>
<doc.date>07/07/2014</doc.date>
<electorate.name>Senator for Queensland</electorate.name>
<source>Parliamentary Library</source>
<state>QLD</state>
<party>ALP</party>
<title>Biography for McLUCAS, the Hon. Jan Elizabeth</title>
<image>84L.JPG</image>
<electorate.state.name>Senator for Queensland</electorate.state.name>
<party.name>Australian Labor Party</party.name>
<parliamentary.service>
<title>Parliamentary Service</title>
<para>Elected to the Senate for Queensland 1998 (term began 1.7.1999), 2004 and 2010.</para>
</parliamentary.service>
<parliamentary.positions>
<title>Parliamentary Positions</title>
<para>Temporary Chair of Committees from 12.2.02 to 16.11.04.</para>
</parliamentary.positions>
<ministerial.appointments>
<title>Ministerial Appointments</title>
<para>Parliamentary Secretary to the Minister for Health and Ageing from 3.12.07 to 9.6.09.</para>
<para>Parliamentary Secretary to the Prime Minister from 5.3.12 to 25.3.13.</para>
<para>Minister for Human Services from 25.3.13 to 18.9.13.</para>
<para>Parliamentary Secretary for Disabilities and Carers from 14.9.10 to 25.3.13.</para>
</ministerial.appointments>
<committee.service>
<title>Committee Service</title>
<para>Senate Standing: Publications from 9.8.99 to 1.7.02; Regulations and Ordinances from 9.8.99 to 4.10.00; Senators' Interests from 9.8.99 to 11.2.02; Scrutiny of Bills from 1.7.02 to 15.11.04; Privileges from 14.2.08 to 27.9.10.</para>
<para>Senate Legislative and General Purpose Standing: Finance and Public Administration: References Committee from 18.6.01 to 23.8.01; Community Affairs: References Committee from 13.2.02 to 15.11.04 and from 1.7.05 to 15.9.05 and Legislation Committee from 25.3.04 to 15.11.04; Environment, Communications, Information Technology and the Arts: References Committee from 13.2.02 to 1.7.02; Legal and Constitutional Affairs from 12.2.08 to 17.3.08.</para>
<para>Senate Select: Lucas Heights Reactor from 17.8.00 to 24.5.01; Medicare from 15.5 03 to 11.2.04; Administration of Indigenous Affairs from 23.6.04 to 15.11.04; Health from 26.6.14.</para>
<para>Joint Statutory: Native Title and the Aboriginal and Torres Strait Islander Land Fund from 9.8.99 to 31.8.04; Corporations and Financial Services from 24.6.09 to 26.10.10; Public Works from 24.6.09 (Chair from 24.6.09) to 19.7.10.</para>
<para>Joint Select: Northern Australia from 9.12.12.</para>
</committee.service>
<parliamentary.party.positions>
<title>Parliamentary Party Positions</title>
<para>Member, Opposition Shadow Ministry from 22.10.04 to 3.12.07 and from 14.10.13. Shadow Minister for Ageing and Disabilities from 26.10.04 to 24.6.05; Shadow Minister for Ageing, Disabilities and Carers from 24.6.05 to 3.12.07.</para>
<para>Shadow Minister for Housing and Homelessness and Shadow Minister for Mental Health from 18.10.13.</para>
</parliamentary.party.positions>
<party.positions>
<title>Party Positions</title>
<para>Delegate, ALP State Council (Qld) 1986-97.</para>
<para>Delegate, ALP State Conference (Qld) 1990-99.</para>
<para>President, Leichhardt Federal Divisional Executive 1996-98.</para>
<para>Delegate, ALP National Conference 1998.</para>
</party.positions>
<personal>
<title>Personal</title>
<para>Born 27.3.1958, Atherton, Qld.</para>
</personal>
<quals.work.pre.parliament>
<title>Qualifications and Occupation before entering Federal Parliament</title>
<para>DipT (Townsville College of Advanced Education).</para>
<para>Teacher 1979-88.</para>
<para>Electorate officer 1991-94.</para>
</quals.work.pre.parliament>
<local.gov.service>
<title>Local Government Service</title>
<para>Councillor, Cairns City Council 1995-99.</para>
</local.gov.service>
</biog.entry>