<biog.entry>
<name.id>84N</name.id>
<name>LUDWIG, the Hon. Joseph William</name>
<current.mp>Yes</current.mp>
<mp.type>Senator</mp.type>
<description>Biography for LUDWIG, the Hon. Joseph William</description>
<doc.date>16/02/2015</doc.date>
<electorate.name>
</electorate.name>
<source>Parliamentary Library</source>
<state>QLD</state>
<party>ALP</party>
<title>Biography for LUDWIG, the Hon. Joseph William</title>
<image>84N.jpg</image>
<electorate.state.name>Senator for Queensland</electorate.state.name>
<party.name>Australian Labor Party</party.name>
<parliamentary.service>
<title>Parliamentary Service</title>
<para>Elected to the Senate for Queensland 1998 (term began 1.7.1999), 2004 and 2010.</para>
</parliamentary.service>
<ministerial.appointments>
<title>Ministerial Appointments</title>
<para>Minister for Human Services from 3.12.07 to 9.6.09.</para>
<para>Special Minister of State from 9.6.09 to 14.9.10.</para>
<para>Cabinet Secretary from 9.6.09 to 14.9.10.</para>
<para>Minister for Agriculture, Fisheries and Forestry from 14.9.10 to 1.7.13.</para>
<para>Minister Assisting the Attorney-General on Queensland Floods Recovery from 26.1.11 to 1.7.13.</para>
</ministerial.appointments>
<committee.service>
<title>Committee Service</title>
<para>Senate Standing: Publications from 9.8.99 to 4.10.00; Regulations and Ordinances from 9.8.99 to 1.7.02; Selection of Bills from 17.8.00 to 11.2.02 and from 1.7.02 to 8.2.12; Procedure from 13.2.02 to 15.11.04, from 7.9.05 to 11.12.05 and from 14.5.08 to 7.2.12; Library from 1.7.02 to 15.11.04.</para>
<para>Senate Legislative and General Purpose Standing: Legal and Constitutional: References Committee from 9.8.99 to 1.7.02, from 4.12.03 to 1.3.04, from 1.7.05 to 11.9.06 and from 12.11.13 and Legislation Committee from 1.7.02 to 11.5.05; Legal and Constitutional Affairs from 11.9.06 to 11.2.08; Finance and Public Administration: References Committee from 1.3.04 to 15.11.04 and from 1.7.14 and Legislation Committee from 12.2.15.</para>
<para>Senate Select: Ministerial Discretion in Migration Matters from 23.6.03 to 31.3.04; Certain Aspects of Queensland Government Administration related to Commonwealth Government Affairs from 1.10.14.</para>
<para>Joint Statutory: Australian Crime Commission from 1.7.05 to 27.3.07; Intelligence and Security from 12.12.13 to 16.7.14.</para>
<para>Joint Standing: Treaties from 9.8.99 to 1.7.02 and from 4.12.13; Foreign Affairs, Defence and Trade from 1.7.14.</para>
</committee.service>
<parliamentary.party.positions>
<title>Parliamentary Party Positions</title>
<para>Deputy Opposition Whip in the Senate from 17.8.00 to 22.11.01.</para>
<para>Manager of Opposition Business in the Senate from 12.2.02 to 17.10.07.</para>
<para>Manager of Government Business in the Senate from 12.2.08 to 14.12.11.</para>
<para>Parliamentary Secretary to the Shadow Attorney-General from 25.11.01; and Parliamentary Secretary to the Shadow Minister for Homeland Security from 8.12.03 to 26.10.04.</para>
<para>Member, Opposition Shadow Ministry from 22.10.04 to 3.12.07. Shadow Minister for Justice and Customs from 26.10.04 to 9.3.07; Citizenship and Multicultural Affairs from 26.10.04 to 24.6.05; Shadow Attorney-General from 9.3.07 to 3.12.07.</para>
</parliamentary.party.positions>
<party.positions>
<title>Party Positions</title>
<para>Member, ALP from 1978.</para>
<para>Convener, ALP Economic and Industrial Relations Committee 1993-96; Convener, Employment, Training and Industrial Relations Committee 1996-99.</para>
<para>Member, ALP Rules Committee 1998-2005.</para>
</party.positions>
<personal>
<title>Personal</title>
<para>Born 21.7.1959, Longreach, Qld.</para>
<para>Married.</para>
</personal>
<quals.work.pre.parliament>
<title>Qualifications and Occupation before entering Federal Parliament</title>
<para>BA (Qld), LLB (Qld University of Technology).</para>
<para>GradDipLegalPrac (ANU).</para>
<para>Management and Industrial Relations Certificate (Kangaroo Point TAFE).</para>
<para>Barrister.</para>
<para>Cadet Industrial Inspector 1978-80; Assistant Industrial Inspector 1980-82; Industrial Inspector 1982-88.</para>
<para>Training consultant 1988.</para>
<para>Industrial Advocate, Australian Workers' Union (Qld) 1988-93; Senior Industrial Advocate 1993-99.</para>
<para>Justice of the Peace from 1997.</para>
</quals.work.pre.parliament>
<military.service>
<title>Military Service</title>
<para>49 Royal Queensland Regiment (Reserve).</para>
<para>2nd Lieutenant 5/11 Field Regiment Royal Australian Artillery (Reserve).</para>
<para>Queensland University Regiment (Reserve).</para>
</military.service>
</biog.entry>