<biog.entry>
<name.id>885</name.id>
<name>TURNBULL, the Hon. Malcolm Bligh</name>
<current.mp>Yes</current.mp>
<mp.type>Member</mp.type>
<description>Biography for TURNBULL, the Hon. Malcolm Bligh</description>
<doc.date>12/12/2013</doc.date>
<electorate.name>Member for Wentworth (NSW)</electorate.name>
<source>Parliamentary Library</source>
<state>NSW</state>
<party>LP</party>
<title>Biography for TURNBULL, the Hon. Malcolm Bligh</title>
<image>885.JPG</image>
<electorate.state.name>Member for Wentworth (NSW)</electorate.state.name>
<party.name>Liberal Party of Australia</party.name>
<parliamentary.service>
<title>Parliamentary Service</title>
<para>Elected to the House of Representatives for Wentworth, New South Wales, 2004, 2007, 2010 and 2013.</para>
</parliamentary.service>
<ministerial.appointments>
<title>Ministerial Appointments</title>
<para>Parliamentary Secretary to the Prime Minister from 27.1.06 to 30.1.07.</para>
<para>Minister for the Environment and Water Resources from 30.1.07 to 3.12.07.</para>
<para>Minister for Communications from 18.9.13.</para>
</ministerial.appointments>
<committee.service>
<title>Committee Service</title>
<para>House of Representatives Standing: Economics, Finance and Public Administration from 1.12.04 to 9.2.06; Economics from 11.3.08 to 28.8.08; Environment and Heritage from 1.12.04 to 9.2.06; Health and Ageing from 1.12.04 to 9.2.06; Legal and Constitutional Affairs from 1.12.04 to 9.2.06.  
</para>
<para>Joint Statutory: Public Works from 25.10.10 to 24.3.11.</para>
<para>Joint Standing: Treaties from 1.12.04 to 11.8.05; Foreign Affairs, Defence and Trade from 1.12.04 to 9.2.06; National Broadband Network from 22.3.11 to 5.8.13; Broadcasting Legislation from 14.3.13 to 24.6.13.</para>
</committee.service>
<parliamentary.party.positions>
<title>Parliamentary Party Positions</title>
<para>Member, Opposition Shadow Ministry from 6.12.07 to 1.12.09 and from 14.9.10 to 18.9.13. Shadow Treasurer from 6.12.07 to 22.9.08; Shadow Minister for Communications and Broadband from 14.9.10 to 18.9.13.</para>
<para>Leader of the Federal Parliamentary Liberal Party from 16.9.08 to 1.12.09.</para>
<para>Leader of the Opposition from 16.9.08 to 1.12.09.</para>
</parliamentary.party.positions>
<party.positions>
<title>Party Positions</title>
<para>Honorary Federal Treasurer, Liberal Party 2002-03.</para>
<para>Member, Liberal Party State Executive (NSW) 2002-03.</para>
<para>Member, Liberal Party Federal Finance Committee 2002-03.</para>
<para>Member, Liberal Party Federal Executive 2002-03.</para>
<para>Director, Menzies Research Centre 2001-04.</para>
</party.positions>
<other.positions>
<title>Other Positions</title>
<para>Chair, Australian Republican Movement 1993-2000.</para>
<para>Elected Delegate to the Australian Constitutional Convention, February 1998.</para>
<para>Member, National Advisory Committee on Ageing from 2002.</para>
</other.positions>
<personal>
<title>Personal</title>
<para>Born 24.10.1954, Sydney, NSW.</para>
<para>Married.</para>
</personal>
<quals.work.pre.parliament>
<title>Qualifications and Occupation before entering Federal Parliament</title>
<para>BA, LLB (Syd), BCL(Hons) (Oxon).</para>
<para>Rhodes Scholar (NSW 1978).</para>
<para>Journalist 1975-79.</para>
<para>Barrister and solicitor 1980-83 and 1986-88.</para>
<para>Grazier 1982-2004.</para>
<para>General Counsel and Secretary, Consolidated Press Holdings Group 1983-85.</para>
<para>Managing Director, Turnbull and Partners Ltd 1987-97.</para>
<para>Chairman, OzEmail Ltd 1994-99.</para>
<para>Director, FTR Holdings Ltd 1995-2004.</para>
<para>Chairman and Managing Director, Goldman Sachs Australia 1997-2001.</para>
<para>Partner, Goldman Sachs and Co 1998-2001.</para>
</quals.work.pre.parliament>
<honours>
<title>Honours</title>
<para>Awarded Centenary Medal 2003.</para>
</honours>
<publications>
<title>Publications</title>
<para>The Spycatcher trial, Richmond: William Heinemann, 1988.</para>
<para>The reluctant republic, Port Melbourne: William Heinemann, 1993.</para>
<para>Fighting for the republic: the ultimate insider's account, South Yarra: Hardie Grant, 1999.</para>
</publications>
<electorate>
<title>Electorate</title>
<para>Description: inner metropolitan.</para>
<para>Location: eastern Sydney; it includes the suburbs of Bellevue Hill, Bondi, Bondi Beach, Bondi Junction, Bronte, Centennial Park, Darling Point, Dover Heights, Double Bay, Edgecliff, Elizabeth Bay, North Bondi, Paddington, Point Piper, Queens Park, Rose Bay, Rushcutters Bay, Tamarama, Vaucluse, Watson's Bay, Waverley, Woollahra and parts of Clovelly, Darlinghurst, Moore Park, Randwick and Woolloomooloo.
</para>
<para>Area: 30 sq km (approx.).
</para>
<para>Electors enrolled: 109 347 (at 7.9.13).</para>
<para>Industries: finance, property, service, wholesale and retail trade, tourism, education, sport and recreation.
</para>
<para>State electorates: Wentworth includes the New South Wales Legislative Assembly electorate of Vaucluse, and parts of Coogee, Heffron and Sydney.</para>
</electorate>
</biog.entry>