<biog.entry>
<name.id>8K6</name.id>
<name>FITZGIBBON, the Hon. Joel Andrew</name>
<current.mp>Yes</current.mp>
<mp.type>Member</mp.type>
<description>Biography for FITZGIBBON, the Hon. Joel Andrew</description>
<doc.date>26/06/2014</doc.date>
<electorate.name>Member for Hunter (NSW)</electorate.name>
<source>Parliamentary Library</source>
<state>NSW</state>
<party>ALP</party>
<title>Biography for FITZGIBBON, the Hon. Joel Andrew</title>
<image>8K6.jpg</image>
<electorate.state.name>Member for Hunter (NSW)</electorate.state.name>
<party.name>Australian Labor Party</party.name>
<parliamentary.service>
<title>Parliamentary Service</title>
<para>Elected to the House of Representatives for Hunter, New South Wales, 1996, 1998, 2001, 2004, 2007, 2010 and 2013.</para>
</parliamentary.service>
<parliamentary.appointments>
<title>Parliamentary Appointments</title>
<para>Trustee, Parliamentary Retiring Allowances Trust from 19.10.10.</para>
</parliamentary.appointments>
<ministerial.appointments>
<title>Ministerial Appointments</title>
<para>Minister for Defence from 3.12.07 to 9.6.09.  
</para>
<para>Minister for Agriculture, Fisheries and Forestry from 1.7.13 to 18.9.13.</para>
</ministerial.appointments>
<committee.service>
<title>Committee Service</title>
<para>House of Representatives Standing: Primary Industries, Resources and Rural and Regional Affairs from 29.5.96 to 31.8.98; Industry and Resources from 21.10.02 to 31.8.04; Economics, Finance and Public Administration from 2.12.04 to 7.2.07; Economics from 15.6.09 to 19.7.10 and from 20.9.12 to 5.8.13; Employment and Workplace Relations from 11.2.10 to 19.7.10; Selection from 30.9.10 to 14.5.13 and from 4.12.13; House from 25.10.10 to 5.8.13; Appropriations and Administration from 25.10.10 to 5.8.13; Procedure from 25.10.10 to 14.5.13; Regional Australia from 9.5.12 to 6.2.13; Publications from 14.5.13 to 5.8.13; Agriculture and Industry from 4.12.13; Privileges and Members' Interests from 4.12.13.</para>
<para>Joint Statutory: Public Accounts from 29.5.96 to 1.1.98; Public Accounts and Audit from 1.1.98 to 31.8.98.</para>
<para>Joint Standing: Foreign Affairs, Defence and Trade from 15.6.09 to 5.8.13.</para>
<para>Joint Select: Retailing Sector from 9.2.99 to 30.8.99.</para>
</committee.service>
<parliamentary.party.positions>
<title>Parliamentary Party Positions</title>
<para>Chief Government Whip from 27.9.10 to 13.5.13.</para>
<para>Member, Opposition Shadow Ministry from 19.10.98 to 3.12.07 and from 14.10.13. Shadow Minister for Small Business and Tourism from 20.10.98 to 25.11.01; Shadow Minister for Resources from 25.11.01 to 8.12.03; and Tourism from 2.7.03 to 8.12.03; Shadow Minister for Mining, Energy and Forestry from 8.12.03 to 26.10.04; Shadow Minister for Banking and Financial Services from 26.10.04 to 24.6.05; Assistant Shadow Treasurer and Revenue from 26.10.04; Shadow Minister for Small Business and Competition from 24.6.05 to 10.12.06; Shadow Minister for Defence from 10.12.06 to 3.12.07.</para>
<para>Shadow Minister for Agriculture from 18.10.13; Shadow Minister for Rural Affairs from 1.7.14.</para>
</parliamentary.party.positions>
<party.positions>
<title>Party Positions</title>
<para>Delegate, NSW Young Labor 1985-86.</para>
<para>Senior Vice-President, ALP Cessnock Branch 1985-96.</para>
<para>Delegate, Cessnock State Electorate Council 1986-96.</para>
<para>Secretary, Hunter Federal Electorate Council 1990-96.</para>
<para>Delegate, ALP State Conference (NSW) from 1990.</para>
<para>Campaign Director, NSW State Elections 1991 and 1995.</para>
</party.positions>
<personal>
<title>Personal</title>
<para>Born 16.1.1962, Bellingen, NSW.</para>
<para>Married.</para>
</personal>
<quals.work.pre.parliament>
<title>Qualifications and Occupation before entering Federal Parliament</title>
<para>Graduate Certificate in Business Administration (Ncle).</para>
<para>Automotive electrician 1978-90.</para>
<para>Electorate officer to EJ Fitzgibbon, MP 1990-96.</para>
<para>Part-time TAFE lecturer.</para>
<para>Small business operator.</para>
</quals.work.pre.parliament>
<local.gov.service>
<title>Local Government Service</title>
<para>Councillor, Cessnock City Council 1987-95; Deputy Mayor of Cessnock 1989-90.</para>
<para>Director, Hunter-Manning Tourist Authority 1987-89.</para>
<para>Delegate, Hunter Region Association of Councils 1994-95.</para>
</local.gov.service>
<electorate>
<title>Electorate</title>
<para>Description: rural.
</para>
<para>Location: central New South Wales, to the north-west of Newcastle; it includes the towns of Aberdeen, Branxton, Cessnock, Denman, Kandos, Kurri Kurri, Maitland, Merriwa, Murrurundi, Muswellbrook, Scone and Singleton.
</para>
<para>Area: 20 111 sq km (approx.).
</para>
<para>Electors enrolled: 97 291 (at 7.9.13).</para>
<para>Industries: agriculture, aluminium smelting, coal-mining, dairy farming, engineering, farming, forestry, fruit and vegetables, horse studs and racing, timber milling, tourism, wine grapes, wineries and wool and the Liddell and Bayswater Power Stations.
</para>
<para>State electorates: Hunter includes parts of the New South Wales Assembly electorates of Bathurst, Cessnock, Maitland and Upper Hunter.</para>
</electorate>
</biog.entry>