<biog.entry>
<name.id>8T4</name.id>
<name>FERGUSON, the Hon. Laurie Donald Thomas</name>
<current.mp>Yes</current.mp>
<mp.type>Member</mp.type>
<description>Biography for FERGUSON, the Hon. Laurie Donald Thomas</description>
<doc.date>25/02/2015</doc.date>
<electorate.name>Werriwa</electorate.name>
<source>Parliamentary Library</source>
<state>NSW</state>
<party>ALP</party>
<title>Biography for FERGUSON, the Hon. Laurie Donald Thomas</title>
<image>8T4.jpg</image>
<electorate.state.name>Member for Werriwa (NSW)</electorate.state.name>
<party.name>Australian Labor Party</party.name>
<parliamentary.service>
<title>Parliamentary Service</title>
<para>State: elected to the New South Wales Legislative Assembly for Granville from 24.3.1984. Resigned 17.2.1990.</para>
<para>Federal: elected to the House of Representatives for Reid, New South Wales, 1990, 1993, 1996, 1998, 2001, 2004 and 2007.</para>
<para>Re-elected following the 2009 electoral redistribution for Werriwa, New South Wales 2010 and 2013.</para>
</parliamentary.service>
<ministerial.appointments>
<title>Ministerial Appointments</title>
<para>Parliamentary Secretary for Multicultural Affairs and Settlement Services from 3.12.07 to 14.9.10.</para>
</ministerial.appointments>
<committee.service>
<title>Committee Service</title>
<para>House of Representatives Standing: Industry, Science and Technology from 16.5.90 to 29.1.96; Long Term Strategies from 1.6.90 to 8.2.93; Library from 12.5.93 to 29.1.96 and from 8.12.98 to 31.8.04; Employment, Education and Training from 12.5.93 to 27.6.94; Social Policy and Legal Affairs from 14.5.13 to 5.8.13.</para>
<para>Joint Statutory: Public Accounts from 29.5.96 to 19.6.97; Human Rights from 4.12.13 (Deputy Chair).</para>
<para>Joint Standing: Foreign Affairs, Defence and Trade from 17.5.90 to 29.1.96, from 12.8.99 to 31.8.04, from 25.10.10 (Chair, Human Rights Sub-Committee from 17.11.10) to 19.9.12 and from 5.2.13; Migration from 26.5.93 to 29.1.96 and from 20.3.02 to 17.10.07; Electoral Matters from 19.9.95 (Chair from 21.9.95 to 29.1.96) to 26.6.01; Treaties from 17.6.96 to 12.8.99, from 14.3.12 to 20.9.12 and from 14.3.13 to 5.8.13.</para>
</committee.service>
<parliamentary.party.positions>
<title>Parliamentary Party Positions</title>
<para>Member, Opposition Shadow Ministry from 19.3.96 to 3.12.07. Shadow Minister for Administrative Services from 20.3.96 to 27.3.97; Shadow Minister for Veterans' Affairs from 27.3.97 to 20.10.98; Shadow Minister for Defence Science and Personnel from 27.3.97 to 25.11.01; Shadow Minister for Forestry and Conservation from 20.10.98 to 25.11.01; Shadow Minister for Citizenship and Multicultural Affairs from 25.11.01 to 8.12.03; Shadow Minister for Population, Citizenship and Multicultural Affairs from 8.12.03 to 26.10.04; Shadow Minister for Immigration from 26.10.04 to 24.6.05; Shadow Minister for Consumer Affairs from 24.6.05 to 10.12.06; Shadow Minister for Population Health and Health Regulation from 24.6.05 to 10.12.06; Shadow Minister for Multicultural Affairs, Urban Development and Consumer Affairs from 10.12.06 to 3.12.07.</para>
</parliamentary.party.positions>
<party.positions>
<title>Party Positions</title>
<para>Past member, ALP Administrative Committee (NSW). </para>
<para>Past member, Foreign Affairs Committee (NSW). </para>
<para>Past member, Disputes Committee (NSW).</para>
<para>Secretary, Reid Federal Electoral Council 1976-90.</para>
</party.positions>
<personal>
<title>Personal</title>
<para>Born 7.7.1952, Sydney, NSW.</para>
<para>Married.</para>
</personal>
<quals.work.pre.parliament>
<title>Qualifications and Occupation before entering Federal Parliament</title>
<para>MA, BEc (Syd).</para>
<para>Research Officer, Federated Miscellaneous Workers' Union 1976-84. </para>
<para>Member, Legislative Assembly, New South Wales 1984-90 (see Parliamentary service above).</para>
</quals.work.pre.parliament>
<electorate>
<title>Electorate</title>
<para>Description: outer metropolitan.
</para>
<para>Location: outer south western Sydney; it includes the suburbs of Austral, Bardia, Bow Bowing, Casula, Claymore, Denham Court, Edmondson Park, Eschol Park, Glenfield, Horningsea Park, Hoxton Park, Ingleburn, Leppington, Lurnea, Macquarie Fields, Minto, Minto Heights, Prestons, Raby, St Andrews, Varroville, and parts of Liverpool, Leumeah and West Hoxton.
</para>
<para>Area: 159 sq km (approx.).
</para>
<para>Electors enrolled: 96 020 (at 7.9.13).</para>
<para>Industries: light manufacturing, retail and service industries.
</para>
<para>State electorates: Werriwa includes parts of the New South Wales Legislative Assembly electorates of Camden, Campbelltown, Holsworthy, Liverpool and Macquarie Fields.</para>
</electorate>
</biog.entry>