<biog.entry>
<name.id>8W5</name.id>
<name>GRAY, the Hon. Gary, AO</name>
<current.mp>Yes</current.mp>
<mp.type>Member</mp.type>
<description>Biography for GRAY, the Hon. Gary, AO</description>
<doc.date>12/12/2013</doc.date>
<electorate.name>Member for Brand (WA)</electorate.name>
<source>Parliamentary Library</source>
<state>WA</state>
<party>ALP</party>
<title>Biography for GRAY, the Hon. Gary, AO</title>
<image>8W5.jpg</image>
<electorate.state.name>Member for Brand (WA)</electorate.state.name>
<party.name>Australian Labor Party</party.name>
<parliamentary.service>
<title>Parliamentary Service</title>
<para>Elected to the House of Representatives for Brand, Western Australia, 2007 and 2010.</para>
</parliamentary.service>
<ministerial.appointments>
<title>Ministerial Appointments</title>
<para>Parliamentary Secretary for Regional Development and Northern Australia from 3.12.07 to 9.6.09.</para>
<para>Parliamentary Secretary for Western and Northern Australia from 9.6.09 to 14.9.10.</para>
<para>Special Minister of State from 14.9.10 to 25.3.13.</para>
<para>Special Minister of State for the Public Service and Integrity from 14.9.10 to 14.12.11.</para>
<para>Minister for the Public Service and Integrity from 14.12.11 to 25.3.13.</para>
<para>Minister for Resources and Energy from 25.3.13 to 18.9.13.</para>
<para>Minister for Tourism from 25.3.13 to 18.9.13.</para>
<para>Minister for Small Business from 25.3.13 to 18.9.13.</para>
</ministerial.appointments>
<committee.service>
<title>Committee Service</title>
<para>Joint Standing: Electoral Matters from 4.12.13.</para>
<para>Joint Select: Northern Australia from 9.12.13.</para>
</committee.service>
<parliamentary.party.positions>
<title>Parliamentary Party Positions</title>
<para>Member, Opposition Shadow Ministry from 14.10.13. Shadow Minister for Resources from 18.10.13; Shadow Minister for Northern Australia from 18.10.13; Shadow Special Minister of State from 18.10.13.</para>
</parliamentary.party.positions>
<party.positions>
<title>Party Positions</title>
<para>National Organiser, ALP 1986-90.</para>
<para>Assistant National Secretary and Director of Fundraising, ALP 1990.</para>
<para>Chair, ALP National Campaign Committee 1992.</para>
<para>National Secretary, ALP 1993-2000.</para>
</party.positions>
<personal>
<title>Personal</title>
<para>Born 30.4.1958, Rotherham, UK.</para>
<para>Married. </para>
</personal>
<quals.work.pre.parliament>
<title>Qualifications and Occupation before entering Federal Parliament</title>
<para>BEc (ANU).</para>
<para>National Secretariat, ALP (ACT) 1986-2000.</para>
<para>Executive Director, Medical Research Foundation 2000-01.</para>
<para>Senior Executive, Woodside Energy 2001-07. </para>
</quals.work.pre.parliament>
<honours>
<title>Honours</title>
<para>Appointed Officer of the Order of Australia, January 2003.</para>
<para>Awarded Centenary Medal 2003. </para>
</honours>
<electorate>
<title>Electorate</title>
<para>Description: outer metropolitan.
</para>
<para>Location: south of Perth; it includes the centres of Kwinana and Rockingham, and parts of Mandurah.
</para>
<para>Area: 411 sq km (approx.).
</para>
<para>Electors enrolled: 99 867 (at 7.9.13).
</para>
<para>Industries: heavy industry in the Kwinana industrial area, alumina refining, tourism and the naval base HMAS Stirling on Garden Island.
</para>
<para>State electorates: Brand includes the Western Australian Legislative Assembly electorates of Kwinana, Rockingham, Warnbro and parts of Mandurah.</para>
</electorate>
</biog.entry>