<biog.entry>
<name.id>9K6</name.id>
<name>GAMBARO, the Hon. Teresa</name>
<current.mp>Yes</current.mp>
<mp.type>Member</mp.type>
<description>Biography for GAMBARO, the Hon. Teresa</description>
<doc.date>25/02/2015</doc.date>
<electorate.name>Brisbane</electorate.name>
<source>Parliamentary Library</source>
<state>QLD</state>
<party>LP</party>
<title>Biography for GAMBARO, the Hon. Teresa</title>
<image>9K6.jpg</image>
<electorate.state.name>Member for Brisbane (Qld)</electorate.state.name>
<party.name>Liberal Party of Australia</party.name>
<parliamentary.service>
<title>Parliamentary Service</title>
<para>Elected to the House of Representatives for Petrie, Queensland, 1996, 1998, 2001 and 2004. Defeated at general elections 2007.</para>
<para>Re-elected to the House of Representatives for Brisbane, Queensland, 2010 and 2013.</para>
</parliamentary.service>
<parliamentary.positions>
<title>Parliamentary Positions</title>
<para>Member, Speaker's Panel from 19.2.02 to 31.8.04.</para>
</parliamentary.positions>
<ministerial.appointments>
<title>Ministerial Appointments</title>
<para>Parliamentary Secretary to the Minister for Defence from 18.7.04 to 27.1.06.</para>
<para>Parliamentary Secretary to the Minister for Foreign Affairs from 27.1.06 to 30.1.07.</para>
<para>Parliamentary Secretary to the Minister for Immigration and Citizenship from 30.1.07 to 21.3.07.</para>
<para>Assistant Minister for Immigration and Citizenship from 21.3.07 to 3.12.07.</para>
</ministerial.appointments>
<committee.service>
<title>Committee Service</title>
<para>House of Representatives Standing: Industry, Science and Technology from 29.5.96 to 31.8.98; Economics, Finance and Public Administration from 8.12.98 to 31.8.04; Employment, Education and Workplace Relations from 8.12.98 to 8.10.01; Ageing from 20.3.02 to 31.8.04; Education and Training from 20.3.02 to 31.8.04.</para>
<para>Joint Standing: Migration from 18.6.96 to 2.9.97, from 20.3.02 to 31.8.04 (Chair from 25.3.02 to 19.8.02) and from 25.10.10 to 5.8.13; Foreign Affairs, Defence and Trade from 4.12.13 (Chair from 11.2.14).</para>
</committee.service>
<parliamentary.party.positions>
<title>Parliamentary Party Positions</title>
<para>Shadow Parliamentary Secretary for International Development Assistance from 14.9.10 to 18.9.13; Shadow Parliamentary Secretary for Citizenship and Settlement from 14.9.10 to 18.9.13.</para>
</parliamentary.party.positions>
<party.positions>
<title>Party Positions</title>
<para>Member, Young Liberals.</para>
<para>Member, Liberal Party Aspley Branch from 1994.</para>
<para>Member, Liberal Party Immigration and Ethnic Affairs Policy Committee 1995.</para>
</party.positions>
<other.positions>
<title>Other Positions</title>
<para>Member, Parliamentary Education Office Advisory Committee.</para>
</other.positions>
<personal>
<title>Personal</title>
<para>Born 29.11.1958, Brisbane, Qld.</para>
</personal>
<quals.work.pre.parliament>
<title>Qualifications and Occupation before entering Federal Parliament</title>
<para>BBus (Queensland University of Technology).</para>
<para>Area sales manager, Southern Pacific Hotel Corporation 1985-86.</para>
<para>Account manager (Qld), Thrifty Car Rental 1991-92.</para>
<para>Marketing manager, Franchisors Association of Australia and New Zealand 1995.</para>
<para>Tutor of marketing, School of Marketing and International Business, Queensland University of Technology 1994-95.</para>
<para>Marketing consultant, Gambaro Marketing.</para>
<para>Small retail business owner.</para>
</quals.work.pre.parliament>
<electorate>
<title>Electorate</title>
<para>Description: inner metropolitan.
</para>
<para>Location: central Brisbane; it includes the suburbs of Albion, Alderley, Ascot, Bowen Hills, Brisbane City, Clayfield, Fortitude Valley, Gaythorne, Gordon Park, Grange, Hamilton, Hendra, Herston, Kalinga, Kelvin Grove, Lutwyche, Milton, New Farm, Newmarket, Newstead, Red Hill, Spring Hill, Wilston, Windsor, Wooloowin and parts of Ashgrove, Bardon, Everton Park, Enoggera, Paddington and Stafford.
</para>
<para>Area: 58 sq km (approx.).
</para>
<para>Electors enrolled: 97 446 (at 7.9.13).</para>
<para>Industries: light industry, retail and service industries. It also includes the Queensland Parliament House and Brisbane City Council Chambers and many Commonwealth Government, State Government and business administrative offices.
</para>
<para>State electorates: Brisbane includes the Queensland Legislative Assembly electorate of Brisbane Central, and parts of Ashgrove, Clayfield, Everton, Mount Coot-tha and Stafford.</para>
</electorate>
</biog.entry>