<biog.entry>
<name.id>AI6</name.id>
<name>CAMERON, the Hon. Douglas Niven</name>
<current.mp>Yes</current.mp>
<mp.type>Senator</mp.type>
<description>Biography for CAMERON, the Hon. Douglas Niven</description>
<doc.date>07/07/2014</doc.date>
<electorate.name>Senator for New South Wales</electorate.name>
<source>Parliamentary Library</source>
<state>NSW</state>
<party>ALP</party>
<title>Biography for CAMERON, the Hon. Douglas Niven</title>
<image>AI6.JPG</image>
<electorate.state.name>Senator for New South Wales</electorate.state.name>
<party.name>Australian Labor Party</party.name>
<parliamentary.service>
<title>Parliamentary Service</title>
<para>Elected to the Senate for New South Wales 2007 (term began 1.7.2008) and 2013.</para>
</parliamentary.service>
<parliamentary.positions>
<title>Parliamentary Positions</title>
<para>Temporary Chair of Committees from 7.7.11 to 11.11.13.</para>
</parliamentary.positions>
<ministerial.appointments>
<title>Ministerial Appointments</title>
<para>Parliamentary Secretary for Housing and Homelessness from 1.7.13 to 18.9.13.</para>
</ministerial.appointments>
<committee.service>
<title>Committee Service</title>
<para>Senate Standing: Library from 1.7.08 to 30.6.11; Scrutiny of Bills from 1.7.08 to 30.9.10; Privileges from 30.9.10 to 1.7.11.</para>
<para>Senate Legislative and General Purpose Standing: Economics from 1.7.08 to 14.5.09; Economics: Legislation Committee from 14.5.09 and References Committee from 1.7.11; Finance and Public Administration from 1.7.08 to 14.5.09; Finance and Public Administration: Legislation and References Committees from 14.5.09 to 27.9.10; Environment and Communications: Legislation and References Committees from 30.9.10 (Chair, Legislation Committee from 30.9.10) to 11.11.13.</para>
<para>Senate Select: Climate Policy from 18.3.09 to 15.6.09; Scrutiny of New Taxes from 30.9.10 to 1.11.11; Health from 26.6.14 to 14.5.15.</para>
<para>Joint Statutory: Australian Commission for Law Enforcement Integrity from 1.7.08 to 5.8.13.</para>
<para>Joint Standing: Parliamentary Library from 1.7.08 to 30.6.11; National Broadband Network from 23.3.11 to 5.8.13.</para>
<para>Joint Select: Parliamentary Budget Office from 22.11.10 to 23.3.11; Broadcasting Legislation from 14.3.13 to 24.6.13.</para>
</committee.service>
<conf.delegations.visits>
<title>Conferences, Delegations and Visits</title>
<para>Member, Parliamentary Delegation to UK, October-November 2009.</para>
</conf.delegations.visits>
<parliamentary.party.positions>
<title>Parliamentary Party Positions</title>
<para>Member, Opposition Shadow Ministry from 14.10.13. Shadow Minister for Human Services from 18.10.13.</para>
</parliamentary.party.positions>
<party.positions>
<title>Party Positions</title>
<para>Member, ALP Administrative Committee (NSW).</para>
<para>Delegate, ALP State Conference (NSW).</para>
<para>Delegate, ALP National Conference.</para>
</party.positions>
<personal>
<title>Personal</title>
<para>Born 27.1.1951, Bellshill, Scotland, UK.</para>
<para>Married.</para>
</personal>
<quals.work.pre.parliament>
<title>Qualifications and Occupation before entering Federal Parliament</title>
<para>City and Guilds qualified fitter and machinist.</para>
<para>Maintenance fitter, steel, ship repair, vehicle and power industries.</para>
<para>Organiser, Assistant State Secretary, Assistant National Secretary and National Secretary, Australian Manufacturing Workers' Union.</para>
<para>Vice-President, Australian Council of Trade Unions 1999-2007. </para>
<para>Member, Australian Best Practice Committee.</para>
<para>Trustee, Superannuation Trust of Australia.</para>
<para>Director, Australian Super Pty Ltd 2006-07.</para>
</quals.work.pre.parliament>
</biog.entry>