<biog.entry>
<name.id>C16</name.id>
<name>HEFFERNAN, the Hon. William (Bill) Daniel</name>
<current.mp>Yes</current.mp>
<mp.type>Senator</mp.type>
<description>Biography for HEFFERNAN, the Hon. William (Bill) Daniel</description>
<doc.date>12/03/2015</doc.date>
<electorate.name>
</electorate.name>
<source>Parliamentary Library</source>
<state>NSW</state>
<party>LP</party>
<title>Biography for HEFFERNAN, the Hon. William (Bill) Daniel</title>
<image>C16.JPG</image>
<electorate.state.name>Senator for New South Wales</electorate.state.name>
<party.name>Liberal Party of Australia</party.name>
<parliamentary.service>
<title>Parliamentary Service</title>
<para>Chosen by the Parliament of New South Wales on 18.9.1996 under section 15 of the Constitution to represent that State in the Senate, vice ME Baume (resigned) (term ended 30.6.1999). Elected 1998 (term began 1.7.1999), 2004 and 2010.</para>
</parliamentary.service>
<ministerial.appointments>
<title>Ministerial Appointments</title>
<para>Parliamentary Secretary (Cabinet) from 21.10.98 to 19.3.02.</para>
</ministerial.appointments>
<committee.service>
<title>Committee Service</title>
<para>Senate Standing: Procedure from 13.2.97 to 30.11.00; Selection of Bills from 13.2.97 to 9.11.98 and from 1.7.14; Appropriations and Staffing from 5.4.00 to 11.2.08; House from 12.5.08 to 11.11.13.</para>
<para>Senate Legislative and General Purpose Standing: Finance and Public Administration: Legislation Committee from 9.10.96 to 9.11.98 and from 1.7.02 to 1.7.05 and References Committee from 1.7.02 to 1.7.05; Rural and Regional Affairs and Transport: References Committee from 14.10.96 to 9.11.98, from 1.7.02 to 11.9.06 and from 14.5.09 and Legislation Committee from 19.6.02 to 24.6.02, from 1.7.02 to 11.9.06 and from 14.5.09 (Chair from 2.12.13); Rural and Regional Affairs and Transport from 11.9.06 to 14.5.09; Economics: References Committee from 4.9.97 to 3.12.98; Community Affairs: Legislation Committee from 28.8.02 to 3.12.03.</para>
<para>Senate Select: Socio-Economic Consequences of the National Competition Policy from 8.7.98 to 9.11.98; A Certain Maritime Incident from 11.3.02 to 20.3.02; Administration of Indigenous Affairs from 17.6.04 to 8.3.05; Agricultural and Related Industries from 14.2.08 (Chair from 14.2.08) to 23.9.10.</para>
<para>Joint Standing: Public Works from 1.7.14 to 4.3.15.</para>
</committee.service>
<parliamentary.party.positions>
<title>Parliamentary Party Positions</title>
<para>Deputy Government Whip in the Senate from 11.2.97 to 21.10.98.</para>
<para>Chair, Prime Minister's Taskforce on Northern Australia, January-November 2007.</para>
</parliamentary.party.positions>
<party.positions>
<title>Party Positions</title>
<para>President, Liberal Party (NSW) 1993-96 (formerly Vice-President).</para>
<para>Country Representative, Liberal Party.</para>
<para>Chair, Coalition Infrastructure, Rural and Regional Affairs Policy Committee from February 2008.</para>
</party.positions>
<personal>
<title>Personal</title>
<para>Born 3.3.1943, Junee, NSW.</para>
<para>Married.</para>
</personal>
<quals.work.pre.parliament>
<title>Qualifications and Occupation before entering Federal Parliament</title>
<para>Wool classing; welding (Wagga Technical College).</para>
<para>Farmer.</para>
</quals.work.pre.parliament>
<local.gov.service>
<title>Local Government Service</title>
<para>Councillor, Junee Shire Council 1981-96.</para>
<para>President, Junee Shire Council 1989-90 and 1991-93.</para>
</local.gov.service>
</biog.entry>