<biog.entry>
<name.id>CPR</name.id>
<name>RHIANNON, Lee</name>
<current.mp>Yes</current.mp>
<mp.type>Senator</mp.type>
<description>Biography for RHIANNON, Lee</description>
<doc.date>08/07/2014</doc.date>
<electorate.name>Senator for New South Wales</electorate.name>
<source>Parliamentary Library</source>
<state>NSW</state>
<party>AG</party>
<title>Biography for RHIANNON, Lee</title>
<image>cpr.jpg</image>
<electorate.state.name>Senator for New South Wales</electorate.state.name>
<party.name>Australian Greens</party.name>
<parliamentary.service>
<title>Parliamentary Service</title>
<para>State: elected to the New South Wales Legislative Council 27.3.1999. Resigned 19.7.2010.
</para>
<para>Federal: elected to the Senate for New South Wales 2010 (term began 1.7.2011).
</para>
</parliamentary.service>
<committee.service>
<title>Committee Service</title>
<para>State: Standing: Law and Justice from 21.5.03 to 2.3.07.</para>
<para>Select: Increase in Prisoner Population from 17.11.99 to 13.12.01; NSW Taxi Industry from 10.11.09 to 19.7.10.</para>
<para>Joint Standing: Electoral Matters from 26.6.07 to 19.7.10.</para>
<para>Joint Select: Cross City Tunnel from 29.11.05 to 19.5.06 and from 19.5.06 to 2.3.07.</para>
<para>Member, Committee on the Office of the Ombudsman and Police Integrity Commission from 7.6.06 to 2.3.07).</para>
<para>Federal: Senate Legislative and General Purpose Standing: Education, Employment and Workplace Relations: Legislation and References Committees from 5.7.11; Finance and Public Administration: Legislation and References Committees from 12.11.13 to 7.7.14.</para>
<para>Joint Standing: Electoral Matters from 5.7.11.</para>
<para>Joint Select: Constitutional Recognition of Local Government from 1.11.12 to 7.3.13.</para>
</committee.service>
<parliamentary.party.positions>
<title>Parliamentary Party Positions</title>
<para>Australian Greens Portfolios: Democracy, Local Government, Higher Education, Assisting on National Security, Women, International Aid and Development, Animal Welfare, Forests from 1.7.11 to 1.7.12; Animal Welfare, Democracy, Forests from 1.7.12 to 11.11.13; Democracy, Local Government, Higher Education, Transport, Women, International Aid and Development, Animal Welfare, Forests from 11.11.13 to 1.7.14; Animal Welfare, Democracy and Local Government, Higher Education, International Aid and Development, Water and Murray Darling Basin from 1.7.14 to 25.5.15; Democracy and Local Government, International Aid and Development, Animal Welfare, Higher Education, Water and Murray Darling Basin from 25.5.15.</para>
</parliamentary.party.positions>
<party.positions>
<title>Party Positions</title>
<para>Member, Waverley Greens from 1990.
</para>
<para>Member, Greens Wentworth Election Campaign Committee 1993, 1996, 1998.
</para>
<para>Convener, Greens (NSW) Industrial Relations Working Group 1998-2003.
</para>
<para>Member, Greens (NSW) State Election Campaign Committee 1999, 2003, 2007 and 2011.
</para>
<para>Member, Greens (NSW) Federal Election Campaign Committee 2001, 2004, 2007 and 2010.
</para>
</party.positions>
<personal>
<title>Personal</title>
<para>Born 30.5.1951, Sydney, NSW.</para>
</personal>
<quals.work.pre.parliament>
<title>Qualifications and Occupation before entering Federal Parliament</title>
<para>BSc (Hons)(NSW).
</para>
<para>Botany tutor, University of New South Wales 1975-76.
</para>
<para>Field ecology tutor, Macquarie University 1976-78.
</para>
<para>Secretary, Union of Australian Women (NSW) 1980-83.
</para>
<para>Member, NSW Women's Advisory Council 1980-82.
</para>
<para>Freelance journalist and editor 1982-89.
</para>
<para>Coordinator, overseas development and environment programs 1989-92.
</para>
<para>Director, Rainforest Information Centre 1990-92.
</para>
<para>Lecturer, Workers' Education Association 1990-92.
</para>
<para>General Studies tutor, University of New South Wales 1990-94.
</para>
<para>Director, AID/WATCH 1992-98.
</para>
<para>Member, NSW Legislative Council 1999-2010 (see Parliamentary service above).
</para>
</quals.work.pre.parliament>
<publications>
<title>Publications</title>
<para>Taking a stand: women in politics and society (chapter, ed. J Scutt), Melbourne: Artemis, 1994.
</para>
<para>The Australian book of atheism (chapter, ed. W Bonett), Melbourne: Scribe, 2010.
</para>
</publications>
</biog.entry>