<biog.entry>
<name.id>DK6</name.id>
<name>HOCKEY, the Hon. Joseph (Joe) Benedict</name>
<current.mp>Yes</current.mp>
<mp.type>Member</mp.type>
<description>Biography for HOCKEY, the Hon. Joseph (Joe) Benedict</description>
<doc.date>15/01/2014</doc.date>
<electorate.name>Member for North Sydney (NSW)</electorate.name>
<source>Parliamentary Library</source>
<state>NSW</state>
<party>LP</party>
<title>Biography for HOCKEY, the Hon. Joseph (Joe) Benedict</title>
<image>DK6.JPG</image>
<electorate.state.name>Member for North Sydney (NSW)</electorate.state.name>
<party.name>Liberal Party of Australia</party.name>
<parliamentary.service>
<title>Parliamentary Service</title>
<para>Elected to the House of Representatives for North Sydney, New South Wales, 1996, 1998, 2001, 2004, 2007, 2010 and 2013.</para>
</parliamentary.service>
<ministerial.appointments>
<title>Ministerial Appointments</title>
<para>Minister for Financial Services and Regulation from 21.10.98 to 26.11.01.</para>
<para>Minister for Small Business and Tourism from 26.11.01 to 26.10.04.</para>
<para>Minister for Human Services from 26.10.04 to 30.1.07.</para>
<para>Minister Assisting the Minister for Workplace Relations from 10.8.06 to 30.1.07.</para>
<para>Minister for Employment and Workplace Relations from 30.1.07 to 3.12.07.</para>
<para>Minister Assisting the Minister for the Public Service from 30.1.07 to 3.12.07.</para>
<para>Treasurer from 18.9.13.</para>
</ministerial.appointments>
<committee.service>
<title>Committee Service</title>
<para>House of Representatives Standing: Environment, Recreation and the Arts from 30.5.96 to 31.8.98; Financial Institutions and Public Administration from 29.5.96 to 31.8.98; Economics from 10.11.08 to 11.8.09.</para>
</committee.service>
<parliamentary.party.positions>
<title>Parliamentary Party Positions</title>
<para>Member, Opposition Shadow Ministry from 6.12.07 to 18.9.13. Shadow Minister for Health and Ageing from 6.12.07 to 22.9.08; Shadow Minister for Finance, Competition Policy and Deregulation from 22.9.08 to 16.2.09; Shadow Treasurer from 16.2.09 to 18.9.13.</para>
<para>Manager of Opposition Business in the House from 12.2.08 to 16.2.09.</para>
</parliamentary.party.positions>
<party.positions>
<title>Party Positions</title>
<para>Former State President, Young Liberal Movement (NSW).</para>
</party.positions>
<other.positions>
<title>Other Positions</title>
<para>Chair, Sydney Airport Community Forum  1996-98.</para>
<para>President, University of Sydney Students' Representative Council 1986-87.</para>
</other.positions>
<personal>
<title>Personal</title>
<para>Born 2.8.1965, Sydney, NSW.</para>
<para>Married.</para>
</personal>
<quals.work.pre.parliament>
<title>Qualifications and Occupation before entering Federal Parliament</title>
<para>BA, LLB (Syd).</para>
<para>Director of Policy to the Premier of New South Wales.</para>
<para>Banking and finance lawyer, Corrs Chambers Westgarth.</para>
</quals.work.pre.parliament>
<electorate>
<title>Electorate</title>
<para>Description: inner metropolitan.
</para>
<para>Location: central and lower northern Sydney; it includes the suburbs of Artarmon, Castle Cove, Cammeray, Castlecrag, Crows Nest, Greenwich, Henley, Hunters Hill, Huntleys Point, Kirribilli, Lane Cove, Lane Cove North, Lane Cove West, Lavender Bay, Linley Point, Longueville, McMahons Point, Milsons Point, Naremburn, North Willoughby, Northbridge, North Sydney, Northwood, Riverview, St Leonards, Waverton, Willoughby, Willoughby East, Wollstonecraft, Woolwich and parts of Chatswood, Chatswood West, Cremorne, Gladesville and Neutral Bay.
</para>
<para>Area: 48 sq km (approx.).
</para>
<para>Electors enrolled: 101 333 (at 7.9.13).
</para>
<para>Industries: communications, property and business services, and wholesale and retail industries.
</para>
<para>State electorates: North Sydney includes parts of the New South Wales Legislative Assembly electorates of Davidson, Lane Cove, North Shore and Willoughby.</para>
</electorate>
</biog.entry>