<biog.entry>
<name.id>DYN</name.id>
<name>JENSEN, Dr Dennis Geoffrey</name>
<current.mp>Yes</current.mp>
<mp.type>Member</mp.type>
<description>Biography for JENSEN, Dr Dennis Geoffrey</description>
<doc.date>25/02/2015</doc.date>
<electorate.name>Tangney</electorate.name>
<source>Parliamentary Library</source>
<state>WA</state>
<party>LP</party>
<title>Biography for JENSEN, Dr Dennis Geoffrey</title>
<image>DYN.jpg</image>
<electorate.state.name>Member for Tangney (WA)</electorate.state.name>
<party.name>Liberal Party of Australia</party.name>
<parliamentary.service>
<title>Parliamentary Service</title>
<para>Elected to the House of Representatives for Tangney, Western Australia, 2004, 2007, 2010 and 2013.</para>
</parliamentary.service>
<committee.service>
<title>Committee Service</title>
<para>House of Representatives Standing: Science and Innovation from 1.12.04 to 17.10.07; Industry, Science and Innovation from 11.3.08 to 19.7.10; Transport and Regional Services from 1.12.04 to 17.10.07; Education and Training from 11.3.08 to 19.7.10; Petitions from 25.10.10 (Chair from 12.12.13).</para>
<para>Joint Statutory: Public Accounts and Audit from 29.5.06 to 17.10.07.</para>
<para>Joint Standing: Foreign Affairs, Defence and Trade from 25.10.10; Treaties from 4.12.13.</para>
</committee.service>
<party.positions>
<title>Party Positions</title>
<para>Member, Liberal Party Booragoon Branch from 2009.</para>
<para>Member, Liberal Party Geelong Branch 1997-2000.</para>
<para>Vice-President, Liberal Party Brand Division 2003-04.</para>
<para>Member, Liberal Party Willetton Branch 2004-09.</para>
</party.positions>
<personal>
<title>Personal</title>
<para>Born 28.2.1962, Johannesburg, South Africa.</para>
<para>Married.</para>
</personal>
<quals.work.pre.parliament>
<title>Qualifications and Occupation before entering Federal Parliament</title>
<para>BAppSc (RMIT), MSc (Melb), PhD (Monash).</para>
<para>Air traffic controller 1983-86.</para>
<para>Research scientist, CSIRO 1995-99.</para>
<para>Research scientist and defence analyst 1999-2004.</para>
</quals.work.pre.parliament>
<electorate>
<title>Electorate</title>
<para>Description: inner metropolitan.
</para>
<para>Location: southern Perth; it includes the suburbs of Applecross, Alfred Cove, Ardross, Attadale, Bateman, Booragoon, Bull Creek, Canning Vale, Leeming, Melville, Mount Pleasant, Murdoch, Myaree, Parkwood, Riverton, Rossmoyne, Shelley, Willetton and Winthrop, and parts of Kardinya.
</para>
<para>Area: 96 sq km (approx.).
</para>
<para>Electors enrolled: 94 809 (at 7.9.13).</para>
<para>Industries: light industry, retail and service industries.
</para>
<para>State electorates: Tangney includes parts of the Western Australian Legislative Assembly electorates of Alfred Cove, Bateman, Jandakot, Riverton, Southern River and Willagee.</para>
</electorate>
</biog.entry>