<biog.entry>
<name.id>DYU</name.id>
<name>FAWCETT, David Julian</name>
<current.mp>Yes</current.mp>
<mp.type>Senator</mp.type>
<description>Biography for FAWCETT, David Julian</description>
<doc.date>07/07/2014</doc.date>
<electorate.name>Senator for South Australia</electorate.name>
<source>Parliamentary Library</source>
<state>SA</state>
<party>LP</party>
<title>Biography for FAWCETT, David Julian</title>
<image>DYU.jpg</image>
<electorate.state.name>Senator for South Australia</electorate.state.name>
<party.name>Liberal Party of Australia</party.name>
<parliamentary.service>
<title>Parliamentary Service</title>
<para>Elected to the House of Representatives for Wakefield, South Australia, 2004. Defeated at general elections 2007.</para>
<para>Elected to the Senate for South Australia 2010 (term began 1.7.2011).</para>
</parliamentary.service>
<parliamentary.positions>
<title>Parliamentary Positions</title>
<para>Temporary Chair of Committees from 25.8.11 to 7.7.14.</para>
</parliamentary.positions>
<committee.service>
<title>Committee Service</title>
<para>Senate Standing: Appropriations and Staffing from 1.7.14.</para>
<para>Senate Legislative and General Purpose Standing: Foreign Affairs, Defence and Trade: Legislation and References Committees from 1.7.11; Environment and Communications: Legislation Committee from 13.11.13 to 1.7.14.</para>
<para>House of Representatives Standing: Education and Vocational Training from 1.12.04 to 17.10.07; Family and Human Services from 1.12.04 to 17.10.07.</para>
<para>Joint Statutory: Intelligence and Security from 13.11.13; Corporations and Financial Services from 2.12.13 (Chair from 9.12.13).</para>
<para>Joint Standing: Foreign Affairs, Defence and Trade from 1.7.11 (Chair, Defence Sub-Committee from 12.12.13); Treaties from 23.8.11.</para>
<para>Joint Select: Constitutional Recognition of Local Government from 28.11.12 to 7.3.13.</para>
</committee.service>
<parliamentary.party.positions>
<title>Parliamentary Party Positions</title>
<para>Deputy Government Whip in the Senate from 1.7.14.</para>
</parliamentary.party.positions>
<party.positions>
<title>Party Positions</title>
<para>Member, State Executive, Liberal Party (SA) 2008.</para>
</party.positions>
<personal>
<title>Personal</title>
<para>Born 23.10.1963, Narrabri, NSW.</para>
<para>Married.</para>
</personal>
<quals.work.pre.parliament>
<title>Qualifications and Occupation before entering Federal Parliament</title>
<para>BSc (UNSW), MBA (QUT).
</para>
<para>Army officer 1982-2004 (see Military service below).
</para>
<para>Defence and aviation consultant 2008-10.
</para>
</quals.work.pre.parliament>
<honours>
<title>Honours</title>
<para>Australian Defence Medal and Defence Long Service Medal with Clasp.</para>
</honours>
<military.service>
<title>Military Service</title>
<para>Experimental test pilot.</para>
<para>Commanding Officer, RAAF Aircraft Research and Development Unit, Edinburgh, SA.</para>
</military.service>
</biog.entry>