<biog.entry>
<name.id>DYW</name.id>
<name>BURKE, the Hon. Anthony (Tony) Stephen</name>
<current.mp>Yes</current.mp>
<mp.type>Member</mp.type>
<description>Biography for BURKE, the Hon. Anthony (Tony) Stephen</description>
<doc.date>14/07/2014</doc.date>
<electorate.name>Member for Watson (NSW)</electorate.name>
<source>Parliamentary Library</source>
<state>NSW</state>
<party>ALP</party>
<title>Biography for BURKE, the Hon. Anthony (Tony) Stephen</title>
<image>DYW.jpg</image>
<electorate.state.name>Member for Watson (NSW)</electorate.state.name>
<party.name>Australian Labor Party</party.name>
<parliamentary.service>
<title>Parliamentary Service</title>
<para>State: elected to the New South Wales Legislative Council 22.3.03. Resigned 24.6.04. </para>
<para>Federal: elected to the House of Representatives for Watson, New South Wales, 2004, 2007, 2010 and 2013.</para>
</parliamentary.service>
<parliamentary.appointments>
<title>Parliamentary Appointments</title>
<para>State: Legislative Council (NSW) Representative on the Council of the University of Technology, Sydney from 7.5.03 to 24.6.04.</para>
</parliamentary.appointments>
<parliamentary.positions>
<title>Parliamentary Positions</title>
<para>State: Temporary Chair of Committees from 7.5.03 to 24.6.04.</para>
</parliamentary.positions>
<ministerial.appointments>
<title>Ministerial Appointments</title>
<para>Minister for Agriculture, Fisheries and Forestry from 3.12.07 to 14.9.10.
</para>
<para>Minister for Population from 14.4.10 to 28.6.10.
</para>
<para>Minister for Sustainable Population from 28.6.10 to 14.9.10. 
</para>
<para>Minister for Sustainability, Environment, Water, Population and Communities from 14.9.10 to 1.7.13.
</para>
<para>Vice-President of the Executive Council from 5.3.12 to 18.9.13.  
</para>
<para>Minister for the Arts from 25.3.13 to 18.9.13.
</para>
<para>Minister for Immigration, Multicultural Affairs and Citizenship from 1.7.13 to 18.9.13.</para>
</ministerial.appointments>
<committee.service>
<title>Committee Service</title>
<para>State: Standing: Law and Justice from 21.5.03 to 24.6.04; State Development (Chair) from 21.5.03 to 24.6.04.</para>
<para>Federal: House of Representatives Standing: Employment, Workplace Relations and Workforce Participation from 2.12.04 to 12.9.05.</para>
<para>Joint Standing: Migration from 6.9.05 to 11.10.05.</para>
</committee.service>
<parliamentary.party.positions>
<title>Parliamentary Party Positions</title>
<para>Member, Opposition Shadow Ministry from 22.10.04 to 3.12.07 and from 14.10.13. Shadow Minister for Small Business from 26.10.04 to 24.6.05; Shadow Minister for Immigration from 24.6.05 to 10.12.06; Shadow Minister for Immigration, Integration and Citizenship from 10.12.06 to 3.12.07.</para>
<para>Shadow Minister for Finance from 18.10.13.</para>
<para>Manager of Opposition Business in the House from 12.11.13.
</para>
</parliamentary.party.positions>
<personal>
<title>Personal</title>
<para>Born 4.11.1969, Sydney, NSW.</para>
</personal>
<quals.work.pre.parliament>
<title>Qualifications and Occupation before entering Federal Parliament</title>
<para>BA, LLB (Syd).</para>
<para>Sales and shop assistant 1982-91.</para>
<para>Electorate officer to Senator GF Richardson 1993-94.</para>
<para>Electorate officer to Senator MG Forshaw 1994-95.</para>
<para>Director, Aticus Pty Ltd 1996-97.</para>
<para>Union organiser, Shop Distributive and Allied Employees Association 1997-2003.</para>
<para>Member, Legislative Council (NSW) 2003-04 (see Parliamentary service above).</para>
</quals.work.pre.parliament>
<electorate>
<title>Electorate</title>
<para>Description: inner metropolitan.
</para>
<para>Location: inner South Sydney; it includes the suburbs of Belfield, Belmore, Burwood Heights, Campsie, Chullora, Clemton Park, Enfield, Greenacre, Lakemba, Mount Lewis, Roselands, Strathfield South, Wiley Park and parts of Ashbury, Bankstown, Beverly Hills, Burwood, Canterbury, Croydon, Croydon Park, Earlwood, Kingsgrove, Narwee, Punchbowl, Riverwood and Strathfield.
</para>
<para>Area: 42 sq km (approx.).
</para>
<para>Electors enrolled: 101 285 (at 7.9.13).
</para>
<para>Industries: light manufacturing and service industries.
</para>
<para>State electorates: Watson includes parts of the New South Wales Legislative Assembly electorates of Bankstown, Canterbury, Lakemba and Strathfield.</para>
</electorate>
</biog.entry>