<biog.entry>
<name.id>DZP</name.id>
<name>BIRD, the Hon. Sharon Leah</name>
<current.mp>Yes</current.mp>
<mp.type>Member</mp.type>
<description>Biography for BIRD, the Hon. Sharon Leah</description>
<doc.date>31/03/2015</doc.date>
<electorate.name>Member for Cunningham (NSW)</electorate.name>
<source>Parliamentary Library</source>
<state>NSW</state>
<party>ALP</party>
<title>Biography for BIRD, the Hon. Sharon Leah</title>
<image>DZP.jpg</image>
<electorate.state.name>Member for Cunningham (NSW)</electorate.state.name>
<party.name>Australian Labor Party</party.name>
<parliamentary.service>
<title>Parliamentary Service</title>
<para>Elected to the House of Representatives for Cunningham, New South Wales, 2004, 2007, 2010 and 2013.</para>
</parliamentary.service>
<parliamentary.positions>
<title>Parliamentary Positions</title>
<para>Member, Speaker's Panel from 18.2.08 to 13.3.12. </para>
</parliamentary.positions>
<ministerial.appointments>
<title>Ministerial Appointments</title>
<para>Parliamentary Secretary for Higher Education and Skills from 5.3.12 to 25.3.13.
</para>
<para>Minister for Higher Education and Skills from 25.3.13 to 1.7.13. </para>
<para>Minister for Regional Development from 1.7.13 to 18.9.13.  
</para>
<para>Minister for Regional Communications from 1.7.13 to 18.9.13.  
</para>
<para>Minister for Road Safety from 1.7.13 to 18.9.13. </para>
</ministerial.appointments>
<committee.service>
<title>Committee Service</title>
<para>House of Representatives Standing: Education and Vocational Training from 2.12.04 to 17.10.07; Education and Training from 19.2.08 (Chair from 13.3.08) to 19.7.10; Education and Employment from 25.2.14 to 26.3.15; Transport and Regional Services from 2.12.04 to 17.10.07; Economics, Finance and Public Administration from 7.2.07 (Chair from 1.3.07) to 17.10.07; Employment and Workplace Relations from 19.2.08 to 19.7.10; Procedure from 19.2.08 to 14.3.12; Infrastructure and Communications from 25.10.10 (Chair from 27.10.10) to 14.3.12.</para>
<para>Joint Statutory: Broadcasting of Parliamentary Proceedings from 4.12.13.</para>
<para>Joint Standing: Treaties from 25.10.10 to 14.3.12.</para>
</committee.service>
<parliamentary.party.positions>
<title>Parliamentary Party Positions</title>
<para>Member, Opposition Shadow Ministry from 14.10.13. Shadow Minister for Vocational Education from 18.10.13.</para>
</parliamentary.party.positions>
<party.positions>
<title>Party Positions</title>
<para>Various ALP local executive branch positions from 1992.</para>
<para>Member, ALP Administrative Committee (NSW) 1998-99.</para>
</party.positions>
<personal>
<title>Personal</title>
<para>Born 15.11.1962, Wollongong, NSW.</para>
<para>Divorced.</para>
</personal>
<quals.work.pre.parliament>
<title>Qualifications and Occupation before entering Federal Parliament</title>
<para>BA (Syd), DipEd (Wollongong).</para>
<para>High school teacher 1985-89.</para>
<para>TAFE teacher 1989-95.</para>
<para>Electorate officer to C Hollis, MP 1995-97.</para>
<para>Senior Project Officer, Dept of Juvenile Justice (NSW) 1997-2004.</para>
</quals.work.pre.parliament>
<local.gov.service>
<title>Local Government Service</title>
<para>Councillor, Shellharbour City Council 1991-95.</para>
</local.gov.service>
<publications>
<title>Publications</title>
<para>Getting started in business English (with L Runko), Melbourne: Pitman, 1994.</para>
</publications>
<electorate>
<title>Electorate</title>
<para>Description: provincial.
</para>
<para>Location: Wollongong and south coast of New South Wales; it includes the city of Wollongong and the surrounding suburbs of Austinmer, Balgownie, Bellambi, Bulli, Bundeena, Clifton, Coalcliff, Coledale, Coniston, Cordeaux Heights, Corrimal, Darkes Forest, Fairy Meadow, Figtree, Gwynneville, Heathcote, Helensburgh, Keiraville, Maianbar, Mangerton, Mount Keira, Mount Kembla, Mount Ousley, Mount Saint Thomas, Otford, Russell Vale, Scarborough, Stanwell Park, Tarrawanna, Thirroul, Towradgi, Waterfall, Wombarra, Woonona and parts of Unanderra.
</para>
<para>Area: 721 sq km.</para>
<para>Electors enrolled: 104 092 (at 7.9.13).
</para>
<para>Industries: tourism, tertiary education, steel production, coal mining, brick manufacturing and textiles.
</para>
<para>State electorates: Cunningham includes the New South Wales Legislative Assembly electorate of Keira, and parts of Heathcote and Wollongong.</para>
</electorate>
</biog.entry>