<biog.entry>
<name.id>DZS</name.id>
<name>BOWEN, the Hon. Christopher Eyles</name>
<current.mp>Yes</current.mp>
<mp.type>Member</mp.type>
<description>Biography for BOWEN, the Hon. Christopher Eyles</description>
<doc.date>12/12/2013</doc.date>
<electorate.name>Member for McMahon (NSW)</electorate.name>
<source>Parliamentary Library</source>
<state>NSW</state>
<party>ALP</party>
<title>Biography for BOWEN, the Hon. Christopher Eyles</title>
<image>DZS.JPG</image>
<electorate.state.name>Member for McMahon (NSW)</electorate.state.name>
<party.name>Australian Labor Party</party.name>
<parliamentary.service>
<title>Parliamentary Service</title>
<para>Elected to the House of Representatives for Prospect, New South Wales, 2004 and 2007.</para>
<para>Re-elected following the 2009 electoral redistribution for McMahon, New South Wales 2010 and 2013.</para>
</parliamentary.service>
<ministerial.appointments>
<title>Ministerial Appointments</title>
<para>Assistant Treasurer from 3.12.07 to 9.6.09.
</para>
<para>Minister for Competition Policy and Consumer Affairs from 3.12.07 to 9.6.09.
</para>
<para>Minister for Financial Services, Superannuation and Corporate Law from 9.6.09 to 14.9.10.
</para>
<para>Minister for Human Services from 9.6.09 to 14.9.10.
</para>
<para>Minister for Immigration and Citizenship from 14.9.10 to 4.2.13.
</para>
<para>Minister for Tertiary Education, Skills, Science and Research from 4.2.13 to 25.3.13.
</para>
<para>Minister for Small Business from 4.2.13 to 25.3.13.</para>
<para>Treasurer from 27.6.13 to 18.9.13.</para>
</ministerial.appointments>
<committee.service>
<title>Committee Service</title>
<para>House of Representatives Standing: Economics, Finance and Public Administration from 2.12.04 to 7.12.05; Economics from 14.5.13 to 5.8.13; Education and Employment from 14.5.13 to 5.8.13.</para>
<para>Joint Statutory: Corporations and Financial Services from 2.12.04 to 17.10.07.</para>
</committee.service>
<parliamentary.party.positions>
<title>Parliamentary Party Positions</title>
<para>Acting Leader of the Federal Parliamentary Labor Party from 13.9.13 to 13.10.13.
</para>
<para>Acting Leader of the Opposition from 18.9.13 to 13.10.13.</para>
<para>Member, Opposition Shadow Ministry from 10.12.06 to 3.12.07 and from 14.10.13. Shadow Assistant Treasurer from 10.12.06 to 3.12.07; Shadow Minister for Revenue and Competition Policy from 10.12.06 to 3.12.07.</para>
<para>Shadow Treasurer from 18.10.13.</para>
</parliamentary.party.positions>
<party.positions>
<title>Party Positions</title>
<para>Member, ALP from 1988.</para>
<para>Secretary, ALP Smithfield Branch 1991-2005.</para>
<para>President, ALP Fairfield State Electorate Council 1992-2005.</para>
<para>ALP Assistant General Returning Officer (NSW) 1993-2004.</para>
</party.positions>
<personal>
<title>Personal</title>
<para>Born 17.1.1973, Sydney, NSW.</para>
<para>Married.</para>
</personal>
<quals.work.pre.parliament>
<title>Qualifications and Occupation before entering Federal Parliament</title>
<para>BEc (Syd).</para>
<para>Research and media officer to the Hon JA Crosio, MP 1994-95.</para>
<para>Industrial officer, Finance Sector Union 1995-2000.</para>
<para>Senior adviser to the Hon. PC Scully, MLA (NSW) 2000-01; Chief of Staff 2001-04.</para>
</quals.work.pre.parliament>
<local.gov.service>
<title>Local Government Service</title>
<para>Councillor, Fairfield City Council 1995-2004.</para>
<para>Mayor, Fairfield City Council 1998-99.</para>
<para>President, Western Sydney Regional Organisation of Councils 1999-2001.</para>
</local.gov.service>
<electorate>
<title>Electorate</title>
<para>Description: outer metropolitan.
</para>
<para>Location: western Sydney; it includes the suburbs of Abbotsbury, Blacktown, Bossley Park, Canley Vale, Cecil Park, Eastern Creek, Edensor Park, Erskine Park, Fairfield, Fairfield Heights, Fairfield West, Greenfield Park, Greystanes, Horsley Park, Kemps Creek, Merrylands, Merrylands West, Mount Vernon, Orchard Hills, Pemulwuy, Prairiewood, Prospect, Smithfield, South Wentworthville, St Clair and Wetherill Park.
</para>
<para>Area: 161 sq km (approx.).
</para>
<para>Electors enrolled: 99 279 (at 7.9.13).</para>
<para>Industries: building and construction, light manufacturing, wholesale and retail, transport industry, agriculture and mixed farming.
</para>
<para>State electorates: McMahon includes parts of the New South Wales Legislative Assembly electorates of Cabramatta, Fairfield, Granville, Mulgoa and Prospect.
</para>
</electorate>
</biog.entry>