<biog.entry>
<name.id>DZU</name.id>
<name>ELLIS, the Hon. Katherine (Kate) Margaret</name>
<current.mp>Yes</current.mp>
<mp.type>Member</mp.type>
<description>Biography for ELLIS, the Hon. Katherine (Kate) Margaret</description>
<doc.date>03/03/2014</doc.date>
<electorate.name>Member for Adelaide (SA)</electorate.name>
<source>Parliamentary Library</source>
<state>SA</state>
<party>ALP</party>
<title>Biography for ELLIS, the Hon. Katherine (Kate) Margaret</title>
<image>DZU.jpg</image>
<electorate.state.name>Member for Adelaide (SA)</electorate.state.name>
<party.name>Australian Labor Party</party.name>
<parliamentary.service>
<title>Parliamentary Service</title>
<para>Elected to the House of Representatives for Adelaide, South Australia, 2004, 2007, 2010 and 2013.</para>
</parliamentary.service>
<ministerial.appointments>
<title>Ministerial Appointments</title>
<para>Minister for Youth from 3.12.07 to 9.6.09.</para>
<para>Minister for Sport from 3.12.07 to 14.9.10.</para>
<para>Minister for Early Childhood Education, Childcare and Youth from 9.6.09 to 14.9.10.</para>
<para>Minister for the Status of Women from 14.9.10 to 14.12.11. </para>
<para>Minister for Employment Participation and Childcare from 14.9.10 to 14.12.11. </para>
<para>Minister for Employment Participation from 14.12.11 to 18.9.13.</para>
<para>Minister for Early Childhood and Childcare from 14.12.11 to 1.7.13.</para>
<para>Minister for Early Childhood, Childcare and Youth from 1.7.13 to 18.9.13.</para>
</ministerial.appointments>
<committee.service>
<title>Committee Service</title>
<para>House of Representatives Standing: Family and Human Services from 2.12.04 to 17.10.07; Education and Employment from 4.12.13 to 27.2.14.</para>
</committee.service>
<parliamentary.party.positions>
<title>Parliamentary Party Positions</title>
<para>Member, Opposition Shadow Ministry from 14.10.13. Shadow Minister for Education and Shadow Minister for Early Childhood from 18.10.13.</para>
</parliamentary.party.positions>
<party.positions>
<title>Party Positions</title>
<para>Secretary, ALP Caucus Committee on Economics from 2004.</para>
<para>Member, ALP National Policy Committee from 2005.</para>
</party.positions>
<personal>
<title>Personal</title>
<para>Born 22.9.1977, Melbourne, Vic.</para>
<para>Married.</para>
</personal>
<quals.work.pre.parliament>
<title>Qualifications and Occupation before entering Federal Parliament</title>
<para>Ministerial Adviser to the Hon. R McEwen, MHA (SA) 2003-04.</para>
<para>Ministerial Adviser to the Deputy Premier (SA), the Hon. K Foley, MHA 2004.</para>
</quals.work.pre.parliament>
<electorate>
<title>Electorate</title>
<para>Description: inner metropolitan.</para>
<para>Location: central Adelaide; it includes the city of Adelaide and the suburbs of Ashford, Clarence Park, Enfield, Goodwood, Kent Town, Keswick, Kilburn, Maylands, North Adelaide, Northgate, Norwood, Parkside, Prospect, Rose Park, St Peters, Toorak Gardens, Unley and Walkerville.</para>
<para>Area: 76 sq km (approx.).</para>
<para>Electors enrolled: 102 976 (at 7.9.13).</para>
<para>Industries: markets, newspapers, military barracks, universities, brewery, bottlers, rail and bus terminals and Adelaide central business district.</para>
<para>State electorates: Adelaide includes the South Australian House of Assembly electorate of Adelaide, and parts of Ashford, Bragg, Croydon, Dunstan, Enfield, Torrens, Unley and West Torrens.</para>
</electorate>
</biog.entry>