<biog.entry>
<name.id>DZW</name.id>
<name>ELLIOT, the Hon. Maria Justine</name>
<current.mp>Yes</current.mp>
<mp.type>Member</mp.type>
<description>Biography for ELLIOT, the Hon. Maria Justine</description>
<doc.date>24/07/2014</doc.date>
<electorate.name>Member for Richmond (NSW)</electorate.name>
<source>Parliamentary Library</source>
<state>NSW</state>
<party>ALP</party>
<title>Biography for ELLIOT, the Hon. Maria Justine</title>
<image>DZW.jpg</image>
<electorate.state.name>Member for Richmond (NSW)</electorate.state.name>
<party.name>Australian Labor Party</party.name>
<parliamentary.service>
<title>Parliamentary Service</title>
<para>Elected to the House of Representatives for Richmond, New South Wales, 2004, 2007, 2010 and 2013.</para>
</parliamentary.service>
<ministerial.appointments>
<title>Ministerial Appointments</title>
<para>Minister for Ageing from 3.12.07 to 14.9.10. </para>
<para>Parliamentary Secretary for Trade from 14.9.10 to 4.2.13.</para>
</ministerial.appointments>
<committee.service>
<title>Committee Service</title>
<para>House of Representatives Standing: Health and Ageing from 2.12.04 to 17.10.07; Regional Australia from 6.2.13; Publications from 14.5.13; Petitions from 4.12.13 (Deputy Chair from 11.12.13).
</para>
<para>Joint Standing: Treaties from 6.2.13 to 14.5.13.</para>
<para>Joint Statutory: Law Enforcement from 5.12.13 to 16.7.14; Australian Commission for Law Enforcement Integrity from 16.7.14.</para>
</committee.service>
<party.positions>
<title>Party Positions</title>
<para>Member, ALP from 1995.</para>
<para>President, ALP Tweed Coast Branch 2003-04.</para>
</party.positions>
<personal>
<title>Personal</title>
<para>Born 29.7.1967, Brisbane, Qld.</para>
<para>Married.</para>
</personal>
<quals.work.pre.parliament>
<title>Qualifications and Occupation before entering Federal Parliament</title>
<para>BA (Qld), GradDip in Human Resources and Industrial Relations (Griffith).</para>
<para>Police officer 1990-97.</para>
<para>Juvenile Justice Conference Convener, NSW Dept of Juvenile Justice 2002-03.</para>
</quals.work.pre.parliament>
<electorate>
<title>Electorate</title>
<para>Description: rural.
</para>
<para>Location: New South Wales north coast; it includes the towns of Bangalow, Brunswick Heads, Byron Bay, Kingscliff, Lennox Head, Mullumbimby, Murwillumbah, Nimbin, Ocean Shores, Pottsville, Suffolk Park and Tweed Heads.
</para>
<para>Area: 2768 sq km (approx.).
</para>
<para>Electors enrolled: 97 421 (at 7.9.13).</para>
<para>Industries: Tourism, commercial fishing, agriculture including dairy, beef cattle, tropical fruits, sugarcane, coffee and macadamia nuts, sugar processing, timber, light engineering, boat building and cottage industries.
</para>
<para>State electorates: Richmond includes the New South Wales Assembly electorate of Tweed, and parts of Ballina and Lismore.</para>
</electorate>
</biog.entry>