<biog.entry>
<name.id>E07</name.id>
<name>MARKUS, Louise Elizabeth</name>
<current.mp>Yes</current.mp>
<mp.type>Member</mp.type>
<description>Biography for MARKUS, Louise Elizabeth</description>
<doc.date>25/02/2015</doc.date>
<electorate.name>Macquarie</electorate.name>
<source>Parliamentary Library</source>
<state>NSW</state>
<party>LP</party>
<title>Biography for MARKUS, Louise Elizabeth</title>
<image>E07.JPG</image>
<electorate.state.name>Member for Macquarie (NSW)</electorate.state.name>
<party.name>Liberal Party of Australia</party.name>
<parliamentary.service>
<title>Parliamentary Service</title>
<para>Elected to the House of Representatives for Greenway, New South Wales, 2004 and 2007. </para>
<para>Re-elected following the 2009 electoral redistribution for Macquarie, New South Wales 2010 and 2013.</para>
</parliamentary.service>
<committee.service>
<title>Committee Service</title>
<para>House of Representatives Standing: Education and Vocational Training from 1.12.04 to 17.10.07; Family and Human Services from 1.12.04 to 17.10.07; Family, Community, Housing and Youth from 11.3.08 to 25.9.08; Social Policy and Legal Affairs from 4.12.13.</para>
<para>Joint Standing: Foreign Affairs, Defence and Trade from 25.9.08 to 19.7.10; Migration from 25.10.10 (Chair from 12.12.13).</para>
<para>Joint Select: Christmas Island Tragedy from 22.3.11 to 29.6.11.</para>
</committee.service>
<parliamentary.party.positions>
<title>Parliamentary Party Positions</title>
<para>Shadow Parliamentary Secretary for Immigration and Citizenship from 6.12.07 to 22.9.08.</para>
<para>Member, Opposition Shadow Ministry from 22.9.08 to 14.9.10. Shadow Minister for Veterans' Affairs from 22.9.08 to 14.9.10.</para>
</parliamentary.party.positions>
<party.positions>
<title>Party Positions</title>
<para>Member, Liberal Party Windsor Branch.</para>
</party.positions>
<personal>
<title>Personal</title>
<para>Born 6.9.1958, Epping, New South Wales.</para>
<para>Married.</para>
</personal>
<quals.work.pre.parliament>
<title>Qualifications and Occupation before entering Federal Parliament</title>
<para>BSocW (UNSW).</para>
<para>Senior Social Worker, Dept of Social Security.</para>
<para>Manager, Family Support Services, Wesley Mission.</para>
<para>TAFE teacher.</para>
<para>Couple and family counsellor.</para>
<para>Manager, Family Counselling and Medical Centre.</para>
</quals.work.pre.parliament>
<electorate>
<title>Electorate</title>
<para>Description: provincial.
</para>
<para>Location: Blue Mountains and Hawkesbury areas west of Sydney; it includes the centres of Blackheath, Blaxland, Bligh Park, Glenbrook, Katoomba, McGraths Hill, North Richmond, Pitt Town, Richmond, Springwood and Windsor.
</para>
<para>Area: 4374 sq km (approx.).
</para>
<para>Electors enrolled: 100 681 (at 7.9.13).</para>
<para>Industries: tourism, mixed farming, arts and crafts, horse breeding and training, printing and publishing, small manufacturing, higher education, Glenbrook and Richmond RAAF bases.
</para>
<para>State electorates: Macquarie includes parts of the New South Wales Legislative Assembly electorate of Blue Mountains, and parts of Hawkesbury and Penrith.</para>
</electorate>
</biog.entry>