<biog.entry>
<name.id>E09</name.id>
<name>OWENS, Julie Ann</name>
<current.mp>Yes</current.mp>
<mp.type>Member</mp.type>
<description>Biography for OWENS, Julie Ann</description>
<doc.date>03/02/2015</doc.date>
<electorate.name>Parramatta (NSW)</electorate.name>
<source>Parliamentary Library</source>
<state>NSW</state>
<party>ALP</party>
<title>Biography for OWENS, Julie Ann</title>
<image>E09.jpg</image>
<electorate.state.name>Member for Parramatta (NSW)</electorate.state.name>
<party.name>Australian Labor Party</party.name>
<parliamentary.service>
<title>Parliamentary Service</title>
<para>Elected to the House of Representatives for Parramatta, New South Wales, 2004, 2007, 2010 and 2013.</para>
</parliamentary.service>
<parliamentary.positions>
<title>Parliamentary Positions</title>
<para>Member, Speaker's Panel from 24.5.12 to 5.8.13.</para>
</parliamentary.positions>
<committee.service>
<title>Committee Service</title>
<para>House of Representatives Standing: Communications, Information Technology and the Arts from 2.12.04 to 17.10.07; Economics from 19.2.08 to 27.06.13; Procedure from 19.2.08 to 5.8.13; Publications from 25.10.10 to 5.8.13; Appropriations and Administration from 4.12.13; Education and Employment from 4.12.13.</para>
<para>Joint Standing: Corporations and Financial Services from 18.2.08 to 19.7.10 and from 4.12.13.</para>
</committee.service>
<parliamentary.party.positions>
<title>Parliamentary Party Positions</title>
<para>Shadow Parliamentary Secretary for Education and Shadow Parliamentary Secretary for Small Business from 18.10.13.</para>
</parliamentary.party.positions>
<personal>
<title>Personal</title>
<para>Born 17.10.1958, Rockhampton, Qld.</para>
<para>Single.</para>
</personal>
<quals.work.pre.parliament>
<title>Qualifications and Occupation before entering Federal Parliament</title>
<para>BA (Qld Conservatorium of Music), MBA (Syd).</para>
<para>Production Manager, Lyric Opera of Queensland 1985-89.</para>
<para>Senior Program Officer, Australia Council 1989-93.</para>
<para>Small business owner 1994-2000.</para>
<para>Chief Executive Officer, Association of Independent Record Labels 2000-04.</para>
</quals.work.pre.parliament>
<electorate>
<title>Electorate</title>
<para>Description: inner metropolitan.</para>
<para>Location: north western Sydney; it includes the suburbs of Constitution Hill, Dundas Valley, Granville, Harris Park, Holroyd, Mays Hill, North Parramatta, Oatlands, Old Toongabbie, Parramatta, Rosehill, Rydalmere, Telopea, Wentworthville, Westmead and parts of Dundas, Ermington, Guildford, Merrylands, Merrylands West, Northmead, North Rocks, Pendle Hill, South Granville and South Wentworthville.
</para>
<para>Area: 56 sq km (approx.).
</para>
<para>Electors enrolled: 98 602 (at 7.9.13).</para>
<para>Industries: retail, financial services, transport, building materials, tourism.
</para>
<para>State electorates: Parramatta includes parts of the New South Wales Legislative Assembly electorates of Baulkham Hills, Granville, Parramatta, Prospect and Seven Hills.</para>
</electorate>
</biog.entry>