<biog.entry>
<name.id>E0F</name.id>
<name>WOOD, Jason Peter</name>
<current.mp>Yes</current.mp>
<mp.type>Member</mp.type>
<description>Biography for WOOD, Jason Peter</description>
<doc.date>12/12/2013</doc.date>
<electorate.name>Member for La Trobe (Vic)</electorate.name>
<source>Parliamentary Library</source>
<state>VIC</state>
<party>LP</party>
<title>Biography for WOOD, Jason Peter</title>
<image>E0F.JPG</image>
<electorate.state.name>Member for La Trobe (Vic)</electorate.state.name>
<party.name>Liberal Party of Australia</party.name>
<parliamentary.service>
<title>Parliamentary Service</title>
<para>Elected to the House of Representatives for La Trobe, Victoria, 2004 and 2007. Defeated at general elections 2010. Re-elected 2013.</para>
</parliamentary.service>
<committee.service>
<title>Committee Service</title>
<para>House of Representatives Standing: Environment and Heritage from 1.12.04 to 17.10.07; Climate Change, Water, Environment and the Arts from 11.3.08 to 10.11.08; Environment from 4.12.13.</para>
<para>Joint Statutory: Australian Crime Commission from 1.12.04 to 19.7.10; Australian Commission for Law Enforcement Integrity from 4.12.13; Law Enforcement from 4.12.13.</para>
</committee.service>
<parliamentary.party.positions>
<title>Parliamentary Party Positions</title>
<para>Shadow Parliamentary Secretary for Justice and Public Security from 22.9.08 to 14.9.10.</para>
</parliamentary.party.positions>
<party.positions>
<title>Party Positions</title>
<para>State Council Delegate, Liberal Party Dandenong Ranges Branch 2000-03.</para>
<para>Vice-President, Liberal Party Boronia/Dandenong Ranges Branch 2002-03.</para>
<para>Fund raising Convener and Policy Assembly Delegate, Liberal Party La Trobe Federal Electorate Council 2003.</para>
</party.positions>
<personal>
<title>Personal</title>
<para>Born 24.5.1968, Sutherland, NSW.</para>
</personal>
<quals.work.pre.parliament>
<title>Qualifications and Occupation before entering Federal Parliament</title>
<para>GradDip Innovation Service Management (RMIT).</para>
<para>MAppSc (Innovation Service Management) (RMIT).</para>
<para>Police officer, Victoria Police 1988-2004 including Detective, Organised Crime Squad 1990-2000; and Senior Sergeant, Counter Terrorism Coordination Unit 2003-04.</para>
</quals.work.pre.parliament>
<honours>
<title>Honours</title>
<para>Queen's Scout Award.</para>
<para>Gold Duke of Edinburgh Award.</para>
<para>Awarded Centenary Medal 2003.</para>
</honours>
<electorate>
<title>Electorate</title>
<para>Description: outer metropolitan.</para>
<para>Location: eastern outskirts of Melbourne covering the Dandenong Ranges; it includes the suburbs of Beaconsfield, Belgrave, Berwick, Cockatoo, Ferny Creek, Macclesfield, Officer, Sassafras, Tecoma and Upwey, and parts of Boronia, Emerald, Ferntree Gully, Gembrook, Mt Dandenong, Narre Warren, Narre Warren North, Olinda and Pakenham Upper.</para>
<para>Area: 562 sq km (approx.).</para>
<para>Electors enrolled: 98 006 (at 7.9.13).</para>
<para>Industries: household products, car accessories and other light industries, horticulture, farming and tourism.</para>
<para>State electorates: La Trobe includes parts of the Victorian Legislative Assembly electorates of Bass, Bayswater, Eildon, Ferntree Gully, Gembrook, Monbulk, Narre Warren North, Narre Warren South and Rowville.</para>
</electorate>
</biog.entry>