<biog.entry>
<name.id>E0H</name.id>
<name>LAMING, Andrew Charles</name>
<current.mp>Yes</current.mp>
<mp.type>Member</mp.type>
<description>Biography for LAMING, Andrew Charles</description>
<doc.date>25/02/2015</doc.date>
<electorate.name>Bowman</electorate.name>
<source>Parliamentary Library</source>
<state>QLD</state>
<party>LP</party>
<title>Biography for LAMING, Andrew Charles</title>
<image>E0H.jpg</image>
<electorate.state.name>Member for Bowman (Qld)</electorate.state.name>
<party.name>Liberal Party of Australia</party.name>
<parliamentary.service>
<title>Parliamentary Service</title>
<para>Elected to the House of Representatives for Bowman, Queensland, 2004, 2007, 2010 and 2013.</para>
</parliamentary.service>
<parliamentary.appointments>
<title>Parliamentary Appointments</title>
<para>Government Representative, Australian National Commission for UNESCO from 2005.</para>
</parliamentary.appointments>
<committee.service>
<title>Committee Service</title>
<para>House of Representatives Standing: Communications, Information Technology and the Arts from 1.12.04 to 17.10.07; Aboriginal and Torres Strait Islander Affairs from 28.2.06 to 19.7.10; Employment and Workplace Relations from 11.3.08 to 10.11.08; Health from 4.12.13; Indigenous Affairs from 25.9.14.</para>
<para>Joint Statutory: Public Accounts and Audit from 1.12.04 to 17.10.07; Human Rights from 4.12.13 to 25.9.14.</para>
<para>Joint Standing: Treaties from 14.2.07 to 17.10.07.</para>
<para>Joint Select: Australia Fund Establishment from 25.9.14 (Chair from 14.11.14).</para>
</committee.service>
<parliamentary.party.positions>
<title>Parliamentary Party Positions</title>
<para>Shadow Parliamentary Secretary for Regional Health Services and Indigenous Health from 14.9.10 to 18.9.13.</para>
</parliamentary.party.positions>
<party.positions>
<title>Party Positions</title>
<para>Member, Liberal Party Kawana Branch 1993-2001.</para>
<para>Member, Liberal Party Wynnum Manly Branch 2001-03.</para>
<para>Member, Liberal Party Cleveland Branch from 2003.</para>
</party.positions>
<personal>
<title>Personal</title>
<para>Born 30.9.1966, Hobart, Tas.</para>
</personal>
<quals.work.pre.parliament>
<title>Qualifications and Occupation before entering Federal Parliament</title>
<para>MBBS (Qld), DRCOG (London), MPubPol (NTU), MPA (Harvard), MPhil (Syd.), FRANZCO.</para>
<para>Fitness Cert IV (TAFE Mooloolaba).</para>
<para>Medical practitioner 1990-91 and 1993. </para>
<para>Landmine clearer, rigger and gymnasium manager 1992.</para>
<para>Aboriginal health researcher 1995.</para>
<para>Ophthalmology registrar 1996-98.</para>
<para>Senior ophthalmology registrar and Chief Executive Officer, Friends In Deed Organisation (FIDO) 1999.</para>
<para>World Bank consultant and travel writer 2000.</para>
<para>Health planning specialist 2001.</para>
<para>Ministerial adviser 2002.</para>
<para>Management consultant 2003.</para>
</quals.work.pre.parliament>
<publications>
<title>Publications</title>
<para>Lets go - Turkey (contribution, ed. ES Daniel and SK Quinlan), New York: St Martins Press, 2000.</para>
<para>Founding editor, Kennedy School Review, Harvard University, 2000.</para>
</publications>
<military.service>
<title>Military Service</title>
<para>University of Queensland Regiment 1984-86.</para>
</military.service>
<electorate>
<title>Electorate</title>
<para>Description: outer metropolitan.</para>
<para>Location: south-east Brisbane; it includes the suburbs of Alexandra Hills, Birkdale, Capalaba, Cleveland, Mount Cotton, Ormiston, Redland Bay, Sheldon, Thorneside, Thornlands, Victoria Point and Wellington Point. It also includes North Stradbroke Island.
</para>
<para>Area: 537 sq km (approx.).
</para>
<para>Electors enrolled: 95 879 (at 7.9.13).
</para>
<para>Industries: farming, retail, light industry and tourism.
</para>
<para>State electorates: Bowman includes the Queensland Legislative Assembly electorates of Capalaba and Cleveland, and parts of Mansfield and Redlands.</para>
</electorate>
</biog.entry>