<biog.entry>
<name.id>E0J</name.id>
<name>KEENAN, the Hon. Michael Fayat</name>
<current.mp>Yes</current.mp>
<mp.type>Member</mp.type>
<description>Biography for KEENAN, the Hon. Michael Fayat</description>
<doc.date>27/05/2015</doc.date>
<electorate.name>Member for Stirling (WA)</electorate.name>
<source>Parliamentary Library</source>
<state>WA</state>
<party>LP</party>
<title>Biography for KEENAN, the Hon. Michael Fayat</title>
<image>E0J.JPG</image>
<electorate.state.name>Member for Stirling (WA)</electorate.state.name>
<party.name>Liberal Party of Australia</party.name>
<parliamentary.service>
<title>Parliamentary Service</title>
<para>Elected to the House of Representatives for Stirling, Western Australia, 2004, 2007, 2010 and 2013. </para>
</parliamentary.service>
<ministerial.appointments>
<title>Ministerial Appointments</title>
<para>Minister for Justice from 18.9.13.</para>
<para>Minister Assisting the Prime Minister on Counter-Terrorism from 28.5.15.</para>
</ministerial.appointments>
<committee.service>
<title>Committee Service</title>
<para>House of Representatives Standing: Communications, Information Technology and the Arts from 1.12.04 to 17.10.07; Economics, Finance and Public Administration from 9.2.06 to 17.10.07; Economics from 11.3.08 to 25.9.08; Employment and Workplace Relations from 10.11.08 to 19.7.10; Legal and Constitutional Affairs from 3.2.10 to 19.7.10.</para>
<para>Joint Statutory: Corporations and Financial Services from 11.3.08 to 10.11.08; Australian Commission for Law Enforcement Integrity from 3.2.10 to 19.7.10; Australian Crime Commission from 3.2.10 to 25.11.10; Law Enforcement from 25.11.10 to 5.8.13.</para>
<para>Joint Standing: Migration from 1.12.04 to 17.10.07; Treaties from 11.8.05 to 17.10.07; National Capital and External Territories from 26.5.10 to 19.7.10.</para>
<para>Joint Select: Christmas Island Tragedy from 22.3.11 to 29.6.11; Australia's Immigration Detention Network from 21.6.11 to 30.3.12.</para>
</committee.service>
<parliamentary.party.positions>
<title>Parliamentary Party Positions</title>
<para>Member, Opposition Shadow Ministry from 6.12.07 to 18.9.13. Shadow Assistant Treasurer from 6.12.07 to 22.9.08; Shadow Minister for Superannuation and Corporate Governance from 6.12.07 to 22.9.08; Shadow Minister for Employment and Workplace Relations from 22.9.08 to 8.12.09; Shadow Minister for Justice, Customs and Border Protection from 8.12.09 to 18.9.13. </para>
</parliamentary.party.positions>
<party.positions>
<title>Party Positions</title>
<para>Deputy Director, Liberal Party (WA) 2000-01.</para>
<para>President, Liberal Party Mount Lawley Branch 2003-04.</para>
<para>Member, Government Backbench Committees on Treasury, Finance and Public Administration; and Attorney-General, Justice and Customs.</para>
</party.positions>
<personal>
<title>Personal</title>
<para>Born 19.3.1972, Perth, WA. </para>
</personal>
<quals.work.pre.parliament>
<title>Qualifications and Occupation before entering Federal Parliament</title>
<para>BA (Murdoch and Charles University, Prague), BA(Hons) (ANU), MPhil (Cantab).</para>
<para>Milk delivery, waiter, bar attendant and salesman 1986-94.</para>
<para>Real estate salesman 1993-96.</para>
<para>Ministerial adviser to the ACT Deputy Chief Minister 1996-98.</para>
<para>Various positions, Judge Institute of Management, Cambridge University and the London Daily Telegraph 1998-99.</para>
<para>Deputy Director, Liberal Party (WA) 2000-01.</para>
<para>Ministerial adviser to the Minister for Family and Community Services, Senator the Hon. AE Vanstone 2001-03.</para>
<para>Property consultant, Irving and Keenan Real Estate 2003-04.</para>
</quals.work.pre.parliament>
<publications>
<title>Publications</title>
<para>Liberalism and the Australian Federation (chapter, ed. JR Nethercote), Annandale, NSW: Federation Press, 2001. </para>
</publications>
<electorate>
<title>Electorate</title>
<para>Description: inner metropolitan.</para>
<para>Location: northern Perth; it includes the suburbs of Balcatta, Balga, Carine, Gwelup, Hamersley, Karrinyup, Mirrabooka, Nollamara, North Beach, Stirling, Trigg, Tuart Hill, Watermans Bay and Westminster, and parts of Coolbinia, Dianella, Doubleview, Innaloo, Joondanna, Menora, Osborne Park, Scarborough and Yokine.</para>
<para>Area: 77 sq km (approx.).</para>
<para>Electors enrolled: 96 277 (at 7.9.13).</para>
<para>Industries: light industries, market gardens, boat building, shoe factories, food processing, clothing and chemical production.</para>
<para>State electorates: Stirling includes the Western Australian Legislative Assembly electorate of Balcatta, and parts of Carine, Girrawheen, Mirrabooka, Morley, Mount Lawley and Scarborough.</para>
</electorate>
</biog.entry>