<biog.entry>
<name.id>E3L</name.id>
<name>MORRISON, the Hon. Scott John</name>
<current.mp>Yes</current.mp>
<mp.type>Member</mp.type>
<description>Biography for MORRISON, the Hon. Scott John</description>
<doc.date>05/01/2015</doc.date>
<electorate.name>Cook</electorate.name>
<source>Parliamentary Library</source>
<state>NSW</state>
<party>LP</party>
<title>Biography for MORRISON, the Hon. Scott John</title>
<image>E3L.JPG</image>
<electorate.state.name>Member for Cook (NSW)</electorate.state.name>
<party.name>Liberal Party of Australia</party.name>
<parliamentary.service>
<title>Parliamentary Service</title>
<para>Elected to the House of Representatives for Cook, New South Wales, 2007, 2010 and 2013. </para>
</parliamentary.service>
<ministerial.appointments>
<title>Ministerial Appointments</title>
<para>Minister for Immigration and Border Protection from 18.9.13 to 23.12.14.</para>
<para>Minister for Social Services from 23.12.14.</para>
</ministerial.appointments>
<committee.service>
<title>Committee Service</title>
<para>Joint Select: Australia's Immigration Detention Network from 21.6.11 to 30.3.12.
</para>
<para>House of Representatives Standing: Health and Ageing from 11.3.08 to 25.9.08; Family, Community, Housing and Youth from 25.9.08 to 30.11.09; Economics from 11.8.09 to 3.2.10.</para>
<para>Joint Statutory: Public Accounts and Audit from 11.3.08 to 25.9.08.</para>
<para>Joint Standing: Electoral Matters from 11.3.08 to 3.2.10; Migration from 3.2.10 to 10.2.10. </para>
</committee.service>
<parliamentary.party.positions>
<title>Parliamentary Party Positions</title>
<para>Member, Opposition Shadow Ministry from 22.9.08 to 18.9.13. Shadow Minister for Housing and Development from 22.9.08 to 8.12.09; Shadow Minister for Immigration and Citizenship from 8.12.09 to 18.9.13; Shadow Minister for Productivity and Population from 14.9.10 to 18.9.13. </para>
</parliamentary.party.positions>
<party.positions>
<title>Party Positions</title>
<para>State Director, Liberal Party (NSW) 2000-04. </para>
</party.positions>
<personal>
<title>Personal</title>
<para>Born 13.5.1968, Sydney, NSW.</para>
<para>Married. </para>
</personal>
<quals.work.pre.parliament>
<title>Qualifications and Occupation before entering Federal Parliament</title>
<para>BSc(Hons)(NSW).</para>
<para>National Manager, Policy and Research Property Council of Australia 1989-95.</para>
<para>Deputy Chief Executive, Australian Tourism Task Force 1995-96.</para>
<para>General Manager, Tourism Council 1996-98.</para>
<para>Director, NZ Office of Tourism and Sport 1998-2000.</para>
<para>State Director, Liberal Party (NSW) 2000-04.</para>
<para>Managing Director, Tourism Australia 2004-06.</para>
<para>Principal, MSAS Pty Ltd 2006-07.</para>
</quals.work.pre.parliament>
<electorate>
<title>Electorate</title>
<para>Description: inner metropolitan.</para>
<para>Location: south-eastern Sydney; it includes the suburbs of Bonnet Bay, Burraneer, Caringbah, Caringbah South, Como, Cronulla, Dolans Bay, Grays Point, Gymea, Gymea Bay, Kangaroo Point, Kareela, Kirrawee, Kurnell, Lilli Pilli, Miranda, Oyster Bay, Port Hacking, Sylvania, Sylvania Waters, Taren Point, Woolooware, Yowie Bay and parts of Jannali and Sutherland.</para>
<para>Area: 100 sq km (approx.).
</para>
<para>Electors enrolled: 104 183 (at 7.9.13).
</para>
<para>Industries: petroleum refineries at Kurnell, steel fabrication, pharmaceutical plant, boat building and oyster farming.</para>
<para>State electorates: Cook includes the New South Wales Legislative Assembly electorate of Cronulla, and parts of Heathcote and Miranda.</para>
</electorate>
</biog.entry>