<biog.entry>
<name.id>E4T</name.id>
<name>FIERRAVANTI-WELLS, the Hon. Concetta (Connie) Anna</name>
<current.mp>Yes</current.mp>
<mp.type>Senator</mp.type>
<description>Biography for FIERRAVANTI-WELLS, the Hon. Concetta (Connie) Anna</description>
<doc.date>28/05/2015</doc.date>
<electorate.name>
</electorate.name>
<source>Parliamentary Library</source>
<state>NSW</state>
<party>LP</party>
<title>Biography for FIERRAVANTI-WELLS, the Hon. Concetta (Connie) Anna</title>
<image>E4T.JPG</image>
<electorate.state.name>Senator for New South Wales</electorate.state.name>
<party.name>Liberal Party of Australia</party.name>
<parliamentary.service>
<title>Parliamentary Service</title>
<para>Chosen by the Parliament of New South Wales on 5.5.2005 under section 15 of the Constitution to represent that State in the Senate, vice Dr JW Tierney (resigned). Elected to the Senate for New South Wales 2004 (term began 1.7.2005) and 2010.</para>
</parliamentary.service>
<parliamentary.positions>
<title>Parliamentary Positions</title>
<para>Temporary Chair of Committees from 26.6.08 to 19.9.08.</para>
</parliamentary.positions>
<ministerial.appointments>
<title>Ministerial Appointments</title>
<para>Parliamentary Secretary to the Minister for Social Services from 18.9.13.</para>
<para>Parliamentary Secretary to the Attorney-General from 28.5.15. </para>
</ministerial.appointments>
<committee.service>
<title>Committee Service</title>
<para>Senate Standing: Regulations and Ordinances from 9.2.06 to 11.2.08.</para>
<para>Senate Legislative and General Purpose Standing: Legal and Constitutional: References Committee from 6.9.05 (Deputy Chair from 14.9.05) to 11.9.06; Finance and Public Administration from 11.9.06 to 24.11.08; Community Affairs from 12.9.06 to 9.5.07.</para>
<para>Senate Select: Fuel and Energy from 26.6.08 to 12.11.08.</para>
<para>Joint Statutory: Australian Commission for Law Enforcement Integrity from 23.3.07 to 15.10.08 and from 12.5.10 to 27.10.10.</para>
<para>Joint Standing: Electoral Matters from 26.2.07 to 11.3.08; Migration from 4.2.09 to 22.6.09.</para>
</committee.service>
<parliamentary.party.positions>
<title>Parliamentary Party Positions</title>
<para>Shadow Parliamentary Secretary for Immigration from 22.9.08 to 8.12.09; and Citizenship from 10.11.08 to 8.12.09; Shadow Parliamentary Secretary Assisting the Leader in the Senate from 22.9.08 to 8.12.09.</para>
<para>Member, Opposition Shadow Ministry from 8.12.09 to 18.9.13. Shadow Minister for Ageing from 8.12.09 to 18.9.13; Shadow Minister for Mental Health from 14.9.10 to 18.9.13.</para>
</parliamentary.party.positions>
<party.positions>
<title>Party Positions</title>
<para>Delegate, Liberal Party State Council (NSW) from 1995.</para>
<para>President, Liberal Party NSW Italian Special Branch from 1995.</para>
<para>Metropolitan Representative, Liberal Party State Executive (NSW) 1996-1997.</para>
<para>Member, Liberal Party Constitutional Standing Committee 1996-1997, 2003 and 2003-2004.</para>
<para>Delegate, Liberal Party Federal Council 2000-02.</para>
<para>Urban Representative, Liberal Party State Executive (NSW) 2003, 2003-2004.</para>
</party.positions>
<other.positions>
<title>Other Positions</title>
<para>Assistant Secretary, Marco Polo Association, early 1980s.</para>
<para>Founding Board Member, Unanderra Retirement Village 1986.</para>
<para>Representative for Australia to General Council of Italians Abroad 1990-1998.</para>
<para>Member, Red Cross Fundraising Committee, mid-1990s.</para>
<para>Member, Zonta International, East Sydney Region, mid-1990s.</para>
<para>Member, Co.As.It. 1994-2005 and Member, Fundraising Committee.</para>
<para>Coalition Nominee, Sydney Organising Committeee Olympic Games Multicultural Advisory Committee Advisory Committee 1996-2000.</para>
<para>Member, Ministerial Advisory Council on the Global Cultural Diversity Conference 1995.</para>
<para>Chairman, Australians for Constitutional Monarchy, Multicultural Committee 1996-1997.</para>
<para>President, Com.It.Es (NSW) 1998-2000.</para>
<para>President, Newport Progress Association 1998-2004.</para>
<para>Board member, Youth Off The Streets 1999-2002; Chairman 2002-04.</para>
</other.positions>
<personal>
<title>Personal</title>
<para>Born 20.5.1960, Wollongong, NSW.</para>
<para>Married.</para>
</personal>
<quals.work.pre.parliament>
<title>Qualifications and Occupation before entering Federal Parliament</title>
<para>BA, LLB (ANU).</para>
<para>Articled Clerk/Solicitor, Macphillamny Cummins and Gibson 1983-84.</para>
<para>Legal officer, Australian Government Solicitor, Canberra 1984-86; Legal Officer, then Senior Legal Officer, Australian Government Solicitor, Sydney 1986-90.</para>
<para>Acting Principal Legal Officer, Australian Quarantine and Inspection Service 1990.</para>
<para>Policy Adviser to the Hon. JJ Carlton, MP 1990-93.</para>
<para>Senior Private Secretary to the State Premier (NSW), the Hon. JJ Fahey, MLA 1993-94.</para>
<para>Senior Lawyer, Australian Government Solicitor 1994-2004.</para>
<para>Consultant, Minter Ellison Lawyers 2003-04.</para>
</quals.work.pre.parliament>
<honours>
<title>Honours</title>
<para>Awarded Knight of the Order of Merit of the Italian Republic 1998.</para>
<para>Community Service Award, Pittwater City Council 2002.</para>
</honours>
</biog.entry>