<biog.entry>
<name.id>E5D</name.id>
<name>JOYCE, the Hon. Barnaby Thomas Gerard</name>
<current.mp>Yes</current.mp>
<mp.type>Member</mp.type>
<description>Biography for JOYCE, the Hon. Barnaby Thomas Gerard</description>
<doc.date>11/04/2014</doc.date>
<electorate.name>Member for New England (NSW)</electorate.name>
<source>Parliamentary Library</source>
<state>NSW</state>
<party>NP</party>
<title>Biography for JOYCE, the Hon. Barnaby Thomas Gerard</title>
<image>E5D.JPG</image>
<electorate.state.name>Member for New England (NSW)</electorate.state.name>
<party.name>Nationals</party.name>
<parliamentary.service>
<title>Parliamentary Service</title>
<para>Elected to the Senate for Queensland 2004 (term began 1.7.2005) and 2010. Resigned 8.8.2013.</para>
<para>Elected to the House of Representatives for New England, New South Wales, 2013.</para>
</parliamentary.service>
<parliamentary.positions>
<title>Parliamentary Positions</title>
<para>Temporary Chair of Committees from 26.6.08 to 18.9.08.</para>
</parliamentary.positions>
<ministerial.appointments>
<title>Ministerial Appointments</title>
<para>Minister for Agriculture from 18.9.13.</para>
</ministerial.appointments>
<committee.service>
<title>Committee Service</title>
<para>Senate Standing: Library from 16.8.05 to 7.12.05.</para>
<para>Senate Legislative and General Purpose Standing: Foreign Affairs, Defence and Trade: Legislation Committee from 16.8.05 to 13.9.05 and References Committee from 6.9.05 to 11.9.06; Legal and Constitutional: References Committee from 16.8.05 to 11.9.06; Economics from 11.9.06 to 14.5.09; Economics: Legislation and References Committees from 14.5.09 to 2.2.10.</para>
<para>Senate Select: Fuel and Energy from 26.6.08 to 18.3.10.</para>
<para>Joint Standing: National Capital and External Territories from 16.8.05 to 11.3.10.</para>
<para>Joint Select: Parliamentary Budget Office from 23.11.10 to 23.3.11; Broadcasting Legislation from 14.3.13 to 24.6.13.</para>
</committee.service>
<parliamentary.party.positions>
<title>Parliamentary Party Positions</title>
<para>Leader of The Nationals in the Senate from 17.9.08 to 8.8.13.
</para>
<para>Federal Parliamentary Deputy Leader, The Nationals from 13.9.13.
</para>
<para>Member, Opposition Shadow Ministry from 8.12.09 to 18.9.13. Shadow Minister for Finance and Debt Reduction from 8.12.09 to 25.3.10; Shadow Minister for Regional Development, Infrastructure and Water from 25.3.10 to 14.9.10; Shadow Minister for Regional Development, Local Government and Water from 14.9.10 to 18.9.13.</para>
</parliamentary.party.positions>
<party.positions>
<title>Party Positions</title>
<para>Chair, National Party Charleville Branch 1995.</para>
<para>Vice-Chair, National Party Warrego Electorate Council 1995.</para>
<para>Delegate, The Nationals' State Conference (Qld) from 1995.</para>
<para>Delegate, The Nationals' Central Council from 2000.</para>
<para>Member, The Nationals' State Management Committee 2002-05.</para>
<para>Assistant Treasurer, The Nationals (Qld) 2002-05; Acting Treasurer 2004.</para>
<para>Member, National Party Federal Council 2002.</para>
<para>Chair, The Nationals' St George Branch 2003-05.</para>
</party.positions>
<personal>
<title>Personal</title>
<para>Born 17.4.1967, Tamworth, NSW.</para>
<para>Married.</para>
</personal>
<quals.work.pre.parliament>
<title>Qualifications and Occupation before entering Federal Parliament</title>
<para>BFA (UNE), CPA, FCPA.</para>
<para>Farm worker 1989-91.</para>
<para>Accountant 1991-94.</para>
<para>Rural banker 1994-98.</para>
<para>Self-employed accountant 1998-2005.</para>
</quals.work.pre.parliament>
<honours>
<title>Honours</title>
<para>Paul Harris Fellow, Rotary Foundation.</para>
</honours>
<military.service>
<title>Military Service</title>
<para>Royal Queensland Regiment 1995-2003.</para>
</military.service>
<electorate>
<title>Electorate</title>
<para>Description: rural.
</para>
<para>Location: northern New South Wales highlands; it includes the centres of Armidale, Barraba, Bundarra, Deepwater, Glen Innes, Gunnedah, Guyra, Inverell, Manilla, Quirindi, Tamworth, Tenterfield, Uralla, Walcha, Werris Creek and parts of Delungra and Urbenville.
</para>
<para>Area: 59 344 sq km (approx.).
</para>
<para>Electors enrolled: 102 116 (at 7.9.13).
</para>
<para>Industries: cattle, sheep, grain, forestry, dairying, oats, maize, fruit, vegetables, tin-mining, bricks, trout hatchery, tourism, concrete pipe works, leather goods, tannery, gemstones, tobacco, lucerne, honey, grain processing, rubber industry, plaster works and concrete. The electorate also includes the University of New England.</para>
<para>State electorates: New England includes parts of the New South Wales Legislative Assembly electorates of Lismore, Northern Tablelands, Tamworth and Upper Hunter.</para>
</electorate>
</biog.entry>