<biog.entry>
<name.id>E5E</name.id>
<name>McEWEN, Anne</name>
<current.mp>Yes</current.mp>
<mp.type>Senator</mp.type>
<description>Biography for McEWEN, Anne</description>
<doc.date>14/05/2015</doc.date>
<electorate.name>
</electorate.name>
<source>Parliamentary Library</source>
<state>SA</state>
<party>ALP</party>
<title>Biography for McEWEN, Anne</title>
<image>E5E.jpg</image>
<electorate.state.name>Senator for South Australia</electorate.state.name>
<party.name>Australian Labor Party</party.name>
<parliamentary.service>
<title>Parliamentary Service</title>
<para>Elected to the Senate for South Australia 2004 (term began 1.7.2005) and 2010. </para>
</parliamentary.service>
<parliamentary.positions>
<title>Parliamentary Positions</title>
<para>Temporary Chair of Committees from 12.2.08 to 4.9.08.</para>
</parliamentary.positions>
<committee.service>
<title>Committee Service</title>
<para>Senate Standing: Library from 1.7.05 to 7.12.05; Scrutiny of Bills from 23.6.05 to 30.6.08; Senators' Interests from 1.7.05 to 11.2.08; Selection of Bills from 1.7.08 (Chair from 27.9.10 to 11.11.13); House from 26.10.10; Procedure from 12.11.13; Privileges from 12.2.15.</para>
<para>Senate Legislative and General Purpose Standing: Rural and Regional Affairs and Transport: Legislation and References Committees from 1.7.05 to 11.9.06; Rural and Regional Affairs and Transport from 11.9.06 to 11.2.08; Employment, Workplace Relations and Education from 11.9.06 to 11.2.08; Environment, Communications and the Arts from 12.2.08 (Chair from 12.2.08) to 14.5.09; Environment, Communications and the Arts: Legislation and References Committees from 14.5.09 to 27.9.10; Environment and Communications: Legislation Committee from 30.9.10 to 1.7.11; Foreign Affairs, Defence and Trade from 12.2.08 to 14.5.09; Foreign Affairs, Defence and Trade: Legislation Committee from 1.7.11 to 11.11.13 and from 6.3.14 and References Committee from 12.11.13; Economics from 17.3.08 to 30.6.08; Finance and Public Administration: References Committee from 1.7.11 to 11.11.13.</para>
<para>Senate Select: Fuel and Energy from 1.7.08 to 30.8.10; Electricity Prices from 23.8.12 to 1.11.12; National Broadband Network from 26.03.15 to 13.5.15.</para>
<para>
Joint Standing: Migration from 14.2.08 to 1.7.11; Foreign Affairs, Defence and Trade from 1.7.11.</para>
</committee.service>
<parliamentary.party.positions>
<title>Parliamentary Party Positions</title>
<para>Deputy Government Whip in the Senate from 1.7.08 to 27.9.10.  
</para>
<para>Chief Government Whip in the Senate from 27.9.10 to 18.9.13.</para>
<para>Chief Opposition Whip in the Senate from 18.10.13.</para>
</parliamentary.party.positions>
<party.positions>
<title>Party Positions</title>
<para>Delegate, ALP State Conventions (SA) from 1996.</para>
<para>Delegate, ALP National Conference 2004, 2009 and 2011.</para>
<para>Senior Vice-President, ALP (SA) 2004.</para>
<para>President, ALP (SA) 2005.</para>
</party.positions>
<personal>
<title>Personal</title>
<para>Born 3.8.1954, Adelaide, SA.</para>
</personal>
<quals.work.pre.parliament>
<title>Qualifications and Occupation before entering Federal Parliament</title>
<para>BA (Adel).</para>
<para>Clerk and administrator prior to 1993.</para>
<para>Union organiser 1993-2002.</para>
<para>Secretary, Australian Services Union (SA and NT) 2002-05.</para>
</quals.work.pre.parliament>
<honours>
<title>Honours</title>
<para>Awarded Centenary Medal 2003.</para>
</honours>
</biog.entry>