<biog.entry>
<name.id>E5V</name.id>
<name>PARRY, the Hon. Stephen Shane</name>
<current.mp>Yes</current.mp>
<mp.type>Senator</mp.type>
<description>Biography for PARRY, the Hon. Stephen Shane</description>
<doc.date>01/04/2015</doc.date>
<electorate.name>
</electorate.name>
<source>Parliamentary Library</source>
<state>TAS</state>
<party>LP</party>
<title>Biography for PARRY, the Hon. Stephen Shane</title>
<image>E5V.JPG</image>
<electorate.state.name>Senator for Tasmania</electorate.state.name>
<party.name>Liberal Party of Australia</party.name>
<parliamentary.service>
<title>Parliamentary Service</title>
<para>Elected to the Senate for Tasmania 2004 (term began 1.7.2005) and 2010.</para>
</parliamentary.service>
<parliamentary.positions>
<title>Parliamentary Positions</title>
<para>Temporary Chair of Committees from 26.6.08 to 15.6.09.</para>
<para>Deputy President of the Senate from 4.7.11 to 7.7.14.</para>
<para>Chairman of Committees from 4.7.11 to 7.7.14.</para>
<para>President of the Senate from 7.7.14.</para>
</parliamentary.positions>
<committee.service>
<title>Committee Service</title>
<para>Senate Standing: Selection of Bills from 12.9.06 to 4.7.11; Scrutiny of Bills from 23.3.07 to 11.2.08; Appropriations and Staffing from 9.5.07 to 1.7.14 and from 13.11.13 (Chair from 14.11.13); House from 9.5.07; Procedure from 20.6.07; Senators' Interests from 4.2.09 to 12.5.09; Publications from 12.3.09 to 11.11.13.</para>
<para>Senate Legislative and General Purpose Standing: Environment, Communications, Information Technology and the Arts from 11.9.06 to 12.2.07; Environment, Communications and the Arts from 12.2.08 to 24.11.08; Legal and Constitutional Affairs from 8.2.07 to 11.2.08; Legal and Constitutional Affairs: Legislation and References Committees from 11.3.10 to 1.7.11; Finance and Public Administration from 24.11.08 to 14.5.09; Finance and Public Administration: References Committee from 14.5.09 to 11.3.10.</para>
<para>Senate Select: Men's Health from 25.11.08 to 4.12.08; Cyber-Safety from 27.6.13 to 30.8.13.</para>
<para>Joint Statutory: Public Works from 11.8.05 to 17.10.07; Australian Commission for Law Enforcement Integrity from 23.3.07 to 1.7.14; Australian Crime Commission from 9.5.07 to 25.11.10; Law Enforcement from 25.11.10 to 1.7.14; Broadcasting of Parliamentary Proceedings from 9.5.07 to 11.3.08 and from 25.9.08 to 1.7.14.</para>
<para>Joint Standing: Migration from 1.7.05 to 17.10.07; Foreign Affairs, Defence and Trade from 1.7.11 to 1.7.14; National Capital and External Territories from 4.7.11 to 7.7.14.</para>
<para>Joint Select: Cyber-Safety from 1.7.11 to 24.6.13.</para>
</committee.service>
<conf.delegations.visits>
<title>Conferences, Delegations and Visits</title>
<para>Member, Parliamentary Delegation to Belgium, the Netherlands and Norway, April-May 2006.
</para>
<para>Member, ACC Delegation to Canada, USA, Italy, Austria, UK and the Netherlands, April-May 2009. 
</para>
<para>Member, Parliamentary Delegation to Singapore and Indonesia, July 2010.
</para>
<para>Member, Parliamentary Delegation to Timor-Leste, March 2012.</para>
<para>Member, Parliamentary Delegation to Laos, October 2012.</para>
<para>Member, Parliamentary Delegation to the Philippines, February 2013.</para>
<para>Leader, Parliamentary Delegation to the United Arab Emirates and Switzerland, March 2014.</para>
<para>Official visit to Singapore and Malaysia, March 2015. </para>
</conf.delegations.visits>
<parliamentary.party.positions>
<title>Parliamentary Party Positions</title>
<para>Deputy Government Whip in the Senate from 11.9.06 to 21.4.07.
</para>
<para>Chief Government Whip in the Senate from 21.4.07 to 3.12.07.
</para>
<para>Chief Opposition Whip in the Senate from 3.12.07 to 4.7.11.
</para>
<para>Manager of Opposition Business in the Senate from 16.2.09 to 19.7.10.</para>
</parliamentary.party.positions>
<party.positions>
<title>Party Positions</title>
<para>Member, Liberal Party from 1980.</para>
<para>President, Liberal Party Cradle Coast Branch 1999-2005.</para>
<para>Chair, Liberal Party Braddon Federal Electorate 2000-02.</para>
<para>Member, Liberal Party State Executive (Tas) 2000-02.</para>
<para>Federal Delegate, Liberal Party 2004-05.</para>
</party.positions>
<personal>
<title>Personal</title>
<para>Born 31.10.1960, Burnie, Tas.</para>
<para>Married.</para>
</personal>
<quals.work.pre.parliament>
<title>Qualifications and Occupation before entering Federal Parliament</title>
<para>Graduation Certificate, Tasmania Police Academy.</para>
<para>Certificate in Mortuary Science, Australian College of Funeral Service.</para>
<para>Master Funeral Director, Australian College of Funeral Service.</para>
<para>Police officer 1977-86; Detective 1983-86.</para>
<para>Funeral director 1986-2004; Embalmer 1995-2004.</para>
<para>Member, Rotary Club of Ulverstone West from 1987; President 1992-93.</para>
<para>Member, Surf Lifesaving Australia; Chief Instructor, Burnie 1981-83; Club Captain, Ulverstone 1991-93</para>
<para>National President, Australian Funeral Directors Association 2001-03.</para>
<para>National Chairman, Australian College of Funeral Service 1999-2000.</para>
<para>National Deputy Chairman, Australian Institute of Embalming 1996-97.</para>
<para>President, Burnie Chamber of Commerce and Industry 2000-04.</para>
<para>Director, Tasmanian Chamber of Commerce and Industry 2000-04.</para>
</quals.work.pre.parliament>
</biog.entry>