<biog.entry>
<name.id>E5X</name.id>
<name>POLLEY, Helen Beatrice</name>
<current.mp>Yes</current.mp>
<mp.type>Senator</mp.type>
<description>Biography for POLLEY, Helen Beatrice</description>
<doc.date>04/03/2015</doc.date>
<electorate.name>
</electorate.name>
<source>Parliamentary Library</source>
<state>TAS</state>
<party>ALP</party>
<title>Biography for POLLEY, Helen Beatrice</title>
<image>E5X.JPG</image>
<electorate.state.name>Senator for Tasmania</electorate.state.name>
<party.name>Australian Labor Party</party.name>
<parliamentary.service>
<title>Parliamentary Service</title>
<para>Elected to the Senate for Tasmania 2004 (term began 1.7.2005) and 2010.</para>
</parliamentary.service>
<parliamentary.positions>
<title>Parliamentary Positions</title>
<para>Temporary Chair of Committees from 28.9.10 to 11.11.13.</para>
</parliamentary.positions>
<committee.service>
<title>Committee Service</title>
<para>Senate Standing: Library from 1.7.05 to 7.12.05; Publications from 1.7.05 to 28.2.07; Procedure from 12.11.13 to 11.2.14; Scrutiny of Bills: Legislative Scrutiny from 12.11.13 (Chair from 11.2.14).</para>
<para>Senate Legislative and General Purpose Standing: Community Affairs: Legislation and References Committees from 1.7.05 to 11.9.06; Community Affairs from 11.9.06 to 30.6.08; Finance and Public Administration from 12.2.08 (Chair from 13.2.08) to 14.5.09; Finance and Public Administration: Legislation and References Committees from 14.5.09 to 11.11.13 (Chair, Legislation Committee from 14.5.09 to 11.11.13).</para>
<para>Senate Select: State Government Financial Management from 14.2.08 to 18.9.08.</para>
<para>Joint Statutory: Australian Crime Commission from 1.7.05 to 25.11.10; Law Enforcement from 25.11.10 to 5.8.13.</para>
<para>Joint Standing: Migration from 6.12.06 to 30.6.08; Electoral Matters from 30.9.10 to 5.8.13.</para>
</committee.service>
<parliamentary.party.positions>
<title>Parliamentary Party Positions</title>
<para>Deputy Government Whip in the Senate from 27.9.10 to 18.9.13.</para>
<para>Shadow Parliamentary Secretary for Aged Care from 18.10.13.</para>
</parliamentary.party.positions>
<party.positions>
<title>Party Positions</title>
<para>Delegate, ALP State Conference (Tas) from 1984.</para>
<para>President, ALP (Tas) 1992-95.</para>
<para>Delegate, ALP National Conference.</para>
<para>Member, ALP Administrative Committee (Tas).</para>
</party.positions>
<personal>
<title>Personal</title>
<para>Born 9.2.1957, Ulverstone, Tas.</para>
<para>Married.</para>
</personal>
<quals.work.pre.parliament>
<title>Qualifications and Occupation before entering Federal Parliament</title>
<para>Diploma in Business Administration, Launceston Business College.</para>
<para>Adviser to the State Premier (Tas), the Hon. JA Bacon, MHA 1998-2004.</para>
<para>Adviser to the State Premier (Tas), the Hon. PA Lennon, MHA 2004.</para>
</quals.work.pre.parliament>
</biog.entry>