<biog.entry>
<name.id>E5Z</name.id>
<name>SIEWERT, Rachel Mary</name>
<current.mp>Yes</current.mp>
<mp.type>Senator</mp.type>
<description>Biography for SIEWERT, Rachel Mary</description>
<doc.date>04/03/2015</doc.date>
<electorate.name>Senator for Western Australia</electorate.name>
<source>Parliamentary Library</source>
<state>WA</state>
<party>AG</party>
<title>Biography for SIEWERT, Rachel Mary</title>
<image>E5Z.JPG</image>
<electorate.state.name>Senator for Western Australia</electorate.state.name>
<party.name>Australian Greens</party.name>
<parliamentary.service>
<title>Parliamentary Service</title>
<para>Elected to the Senate for Western Australia 2004 (term began 1.7.2005) and 2010.</para>
</parliamentary.service>
<committee.service>
<title>Committee Service</title>
<para>Senate Standing: Selection of Bills from 9.8.05; Procedure from 1.7.08 to 3.2.09, from 15.6.10 to 19.6.12 and from 14.8.12; Scrutiny of Bills from 22.9.08; Senators' Interests from 25.10.10 to 5.7.11.</para>
<para>Senate Legislative and General Purpose Standing: Environment, Communications, Information Technology and the Arts: Legislation Committee from 5.10.05 to 11.9.06; Rural and Regional Affairs and Transport: References Committee from 7.11.05 to 11.9.06 and Legislation Committee from 14.5.09; Rural and Regional Affairs and Transport from 11.9.06 to 23.8.08; Community Affairs from 1.7.08 to 14.5.09; Community Affairs: Legislation and References Committees from 14.5.09 (Chair from 2.12.13); Finance and Public Administration: Legislation and References Committees from 14.5.09 to 5.7.11.</para>
<para>Senate Select: Regional and Remote Indigenous Communities from 20.3.08 to 24.9.10.</para>
<para>Joint Statutory: Native Title and the Aboriginal and Torres Strait Islander Land Account from 1.7.05 to 23.3.06; Corporations and Financial Services from 23.8.12 to 28.2.13.</para>
<para>Joint Standing: National Disability Insurance Scheme from 3.12.13.</para>
<para>Joint Select: Constitutional Recognition of Aboriginal and Torres Strait Islander Peoples from 29.11.12; DisabilityCare Australia from 18.6.13 to 5.8.13; Northern Australia from 10.12.13.</para>
</committee.service>
<conf.delegations.visits>
<title>Conferences, Delegations and Visits</title>
<para>Member, Parliamentary Delegation to New Zealand, April 2008.</para>
<para>Member, Parliamentary Delegation to Cambodia, July 2008.</para>
</conf.delegations.visits>
<parliamentary.party.positions>
<title>Parliamentary Party Positions</title>
<para>Australian Greens Whip from 9.8.05.</para>
<para>Australian Greens Portfolios: Family, Community and Disability Services, Fisheries and Marine, Ageing; Indigenous Affairs and Indigenous Health, Agriculture, the Kimberley and Northern Australia, Natural Resource Management from 1.7.11 to 1.7.12; Aboriginal and Torres Strait Islander Issues, Ageing, Agriculture, Family, Community and Disability Services, Fisheries and Marine, Native Title, Natural Resource Management, the Kimberley and Northern Australia from 1.7.12 to 11.11.13; Family, Community and Disability Services, Marine, Fisheries and Whaling, Ageing, Indigenous Affairs, Indigenous Health and Native Title, Agriculture, the Kimberley and Northern Australia, Natural Resource Management from 11.11.13 to 1.7.14; Aboriginal and Torres Strait Islander Issues, Agriculture and Rural Affairs, Family, Ageing, Community and Disability Services, Marine from 1.7.14 to 25.5.15; Family, Ageing, Community and Disability Services, Aboriginal and Torres Strait Islander Affairs, Agriculture and Rural Affairs, Marine from 25.5.15.</para>
</parliamentary.party.positions>
<party.positions>
<title>Party Positions</title>
<para>State Delegate (WA), National Greens Conference 2001-04.</para>
<para>Coconvener, The Greens (WA) 2002-04.</para>
</party.positions>
<other.positions>
<title>Other Positions</title>
<para>Ambassador, Deafness Forum.</para>
</other.positions>
<personal>
<title>Personal</title>
<para>Born 4.11.1961, Sydney, NSW.</para>
<para>Single.</para>
</personal>
<quals.work.pre.parliament>
<title>Qualifications and Occupation before entering Federal Parliament</title>
<para>BSc(Agric)(UWA).</para>
<para>Research officer, Department of Agriculture (WA) 1984-87.</para>
<para>Coordinator, Conservation Council of WA 1987-2004.</para>
</quals.work.pre.parliament>
<honours>
<title>Honours</title>
<para>Bessie Rischbieth Conservation Award 2003.</para>
<para>Leadership Award, Suicide Prevention Australia 2014.</para>
</honours>
<publications>
<title>Publications</title>
<para>Towards sustainability, WA: Conservation Council of WA, 1990.</para>
<para>Management Ramsar wetlands, WA: Conservation Council of WA, 1996.</para>
<para>To drain or not to drain, WA: Dee Margetts, MLC, 2005.</para>
</publications>
</biog.entry>