<biog.entry>
<name.id>E68</name.id>
<name>STERLE, Glenn</name>
<current.mp>Yes</current.mp>
<mp.type>Senator</mp.type>
<description>Biography for STERLE, Glenn</description>
<doc.date>04/03/2015</doc.date>
<electorate.name>
</electorate.name>
<source>Parliamentary Library</source>
<state>WA</state>
<party>ALP</party>
<title>Biography for STERLE, Glenn</title>
<image>E68.JPG</image>
<electorate.state.name>Senator for Western Australia</electorate.state.name>
<party.name>Australian Labor Party</party.name>
<parliamentary.service>
<title>Parliamentary Service</title>
<para>Elected to the Senate for Western Australia 2004 (term began 1.7.2005) and 2010.</para>
</parliamentary.service>
<parliamentary.positions>
<title>Parliamentary Positions</title>
<para>Temporary Chair of Committees from 12.11.13.</para>
</parliamentary.positions>
<committee.service>
<title>Committee Service</title>
<para>Senate Standing: Publications from 1.7.05 to 8.7.14; Regulations and Ordinances from 1.7.05 to 13.9.05; House from 26.10.10 to 11.11.13; Privileges from 26.10.10 to 7.2.12.</para>
<para>Senate Legislative and General Purpose Standing: Rural and Regional Affairs and Transport: Legislation and References Committees from 1.7.05 to 11.9.06 and from 14.5.09 (Chair from 2.12.13); Rural and Regional Affairs and Transport from 11.9.06 (Chair from 13.2.08) to 14.5.09; Education, Employment and Workplace Relations from 12.2.08 to 30.6.08.</para>
<para>Senate Select: Agricultural and Related Industries from 14.2.08 to 23.9.10; National Broadband Network from 1.7.08 to 17.6.10; Men's Health from 27.11.08 to 29.5.09; Australia's Food Processing Sector from 1.7.11 to 16.8.12.</para>
<para>Joint Statutory: Public Accounts and Audit from 26.10.10 to 7.2.12; Australian Commission for Law Enforcement Integrity from 1.7.14.</para>
<para>Joint Standing: Treaties from 1.7.05 to 30.6.08 and from 1.7.14; Electoral Matters from 6.12.06 to 14.2.08.</para>
<para>Joint Select: Australia's Immigration Detention Network from 1.7.11 to 30.3.12; Constitutional Recognition of Local Government from 1.11.12 to 7.3.13.</para>
</committee.service>
<party.positions>
<title>Party Positions</title>
<para>Member, ALP from 1991.</para>
<para>Delegate, ALP State Conference (WA) from 1999.</para>
<para>ALP Transport Policy Convener 2000.</para>
<para>Delegate, ALP National Conference 2002 and 2004.</para>
</party.positions>
<personal>
<title>Personal</title>
<para>Born 3.1.1960, Melbourne, Vic.</para>
<para>Married.</para>
</personal>
<quals.work.pre.parliament>
<title>Qualifications and Occupation before entering Federal Parliament</title>
<para>Furniture removalist, truck driver, owner operator 1977-91.</para>
<para>Organiser, Transport Workers' Union 1991-2005.</para>
<para>Branch Committee of Management, Transport Workers' Union 1991-2005.</para>
<para>Federal Councillor, Transport Workers' Union 1998-2005.</para>
</quals.work.pre.parliament>
<honours>
<title>Honours</title>
<para>Awarded Centenary Medal 2003.</para>
</honours>
</biog.entry>