<biog.entry>
<name.id>ECV</name.id>
<name>HAYES, Christopher (Chris) Patrick</name>
<current.mp>Yes</current.mp>
<mp.type>Member</mp.type>
<description>Biography for HAYES, Christopher (Chris) Patrick</description>
<doc.date>04/11/2014</doc.date>
<electorate.name>Fowler</electorate.name>
<source>Parliamentary Library</source>
<state>NSW</state>
<party>ALP</party>
<title>Biography for HAYES, Christopher (Chris) Patrick</title>
<image>ECV.JPG</image>
<electorate.state.name>Member for Fowler (NSW)</electorate.state.name>
<party.name>Australian Labor Party</party.name>
<parliamentary.service>
<title>Parliamentary Service</title>
<para>Elected to the House of Representatives for Werriwa, New South Wales, at by-election 19.3.2005 vice MW Latham (resigned). Re-elected 2007.</para>
<para>Re-elected following the 2009 electoral redistribution for Fowler, New South Wales, 2010 and 2013.</para>
</parliamentary.service>
<parliamentary.appointments>
<title>Parliamentary Appointments</title>
<para>Parliamentary Representative on the Council of the National Library of Australia from 26.5.14.</para>
</parliamentary.appointments>
<committee.service>
<title>Committee Service</title>
<para>House of Representatives Standing: Communications, Information Technology and the Arts from 10.5.05 to 17.10.07; Science and Innovation from 10.5.05 to 17.10.07; Publications from 16.6.05 to 14.5.13; Employment, Workplace Relations and Workforce Participation from 12.9.05 (Chair from 7.12.06) to 17.10.07; Employment and Workplace Relations from 19.2.08 to 11.2.10; House from 19.2.08; Selection from 30.9.10 to 6.7.11, from 14.8.12 to 10.9.12 and from 14.5.13; Procedure from 14.5.13 to 23.10.14; Appropriations and Administration from 4.12.13.</para>
<para>Joint Statutory: Australian Crime Commission from 12.9.05 to 25.11.10; Law Enforcement from 25.11.10 to 15.5.13 and from 16.7.14; Australian Commission for Law Enforcement Integrity from 18.2.08 to 16.7.14; Broadcasting of Parliamentary Proceedings from 18.2.08 to 5.8.13.</para>
</committee.service>
<parliamentary.party.positions>
<title>Parliamentary Party Positions</title>
<para>Government Whip from 3.12.07 to 5.7.11.</para>
<para>Chief Government Whip from 13.5.13 to 5.8.13.</para>
<para>Chief Opposition Whip from 14.10.13.</para>
</parliamentary.party.positions>
<party.positions>
<title>Party Positions</title>
<para>Member, ALP from 1975.</para>
</party.positions>
<personal>
<title>Personal</title>
<para>Born 17.7.1955, Sydney, NSW.</para>
<para>Married.</para>
</personal>
<quals.work.pre.parliament>
<title>Qualifications and Occupation before entering Federal Parliament</title>
<para>Diploma in Labour Relations and Law (Syd).</para>
<para>Personnel Administration Certificate (NSW TAFE).</para>
<para>Clerical officer, Metropolitan Water, Sewerage and Drainage Board 1972-78.</para>
<para>Industrial officer, Public Service Professional Officers' Association (NSW) 1978-86.</para>
<para>Industrial officer, Australian Workers' Union 1986-95; Assistant National Secretary 1995-97.</para>
<para>Senior adviser, Police Federation of Australia and New Zealand 1997-99.</para>
<para>Self-employed business adviser 1999-2005.</para>
</quals.work.pre.parliament>
<electorate>
<title>Electorate</title>
<para>Description: outer metropolitan.
</para>
<para>Location: south western outskirts of Sydney; it includes the suburbs of Ashcroft, Austral, Bonnyrigg, Bonnyrigg Heights, Busby, Cabramatta, Cabramatta West, Canley Heights, Canley Vale, Cartwright, Cecil Hills, Cecil Park, Edensor Park, Green Valley, Greenfield Park, Heckenberg, Hinchinbrook, Lansvale, Liverpool, Middleton Grange, Miller, Mount Pritchard, Prairiewood, Sadleir, St Johns Park, Wakeley and West Hoxton.
</para>
<para>Area: 69 sq km (approx.).
</para>
<para>Electors enrolled: 99 122 (at 7.9.13).</para>
<para>Industries: horticulture, mixed farming and market gardens, light manufacturing, retail and service industries.
</para>
<para>State electorates: Fowler includes the New South Wales Legislative Assembly electorate of Cabramatta, and parts of Fairfield, Liverpool and Mulgoa.</para>
</electorate>
</biog.entry>