<biog.entry>
<name.id>EM6</name.id>
<name>STONE, the Hon. Dr Sharman Nancy</name>
<current.mp>Yes</current.mp>
<mp.type>Member</mp.type>
<description>Biography for STONE, the Hon. Dr Sharman Nancy</description>
<doc.date>25/02/2015</doc.date>
<electorate.name>Murray</electorate.name>
<source>Parliamentary Library</source>
<state>VIC</state>
<party>LP</party>
<title>Biography for STONE, the Hon. Dr Sharman Nancy</title>
<image>EM6.JPG</image>
<electorate.state.name>Member for Murray (Vic)</electorate.state.name>
<party.name>Liberal Party of Australia</party.name>
<parliamentary.service>
<title>Parliamentary Service</title>
<para>Elected to the House of Representatives for Murray, Victoria, 1996, 1998, 2001, 2004, 2007, 2010 and 2013.</para>
</parliamentary.service>
<ministerial.appointments>
<title>Ministerial Appointments</title>
<para>Parliamentary Secretary to the Minister for the Environment and Heritage from 21.10.98 to 26.10.04.</para>
<para>Parliamentary Secretary to the Minister for Finance and Administration from 26.10.04 to 27.1.06.</para>
<para>Minister for Workforce Participation from 27.1.06 to 3.12.07.</para>
</ministerial.appointments>
<committee.service>
<title>Committee Service</title>
<para>House of Representatives Standing: Primary Industries, Resources and Rural and Regional Affairs from 29.5.96 to 31.8.98; Aboriginal and Torres Strait Islander Affairs from 4.6.97 to 31.8.98 and from 11.3.08 to 10.11.08; Indigenous Affairs from 4.12.13 (Chair from 11.2.14); Infrastructure, Transport, Regional Development and Local Government from 17.3.08 to 10.11.08; Education and Training from 3.2.10 to 19.7.10; Regional Australia from 16.11.10 to 25.8.11; Social Policy and Legal Affairs from 4.12.13.</para>
<para>Joint Statutory: Public Accounts from 29.5.96 to 1.1.98; Public Accounts and Audit from 1.1.98 to 31.8.98 and from 4.12.13 to 25.2.14.</para>
<para>Joint Standing: Migration from 10.11.08 to 3.2.10; Foreign Affairs, Defence and Trade from 4.12.13; Treaties from 25.2.14.</para>
</committee.service>
<parliamentary.party.positions>
<title>Parliamentary Party Positions</title>
<para>Member, Opposition Shadow Ministry from 6.12.07 to 14.9.10. Shadow Minister for the Environment, Heritage, the Arts and Indigenous Affairs from 6.12.07 to 22.9.08; Shadow Minister for Immigration and Citizenship from 22.9.08 to 8.12.09; Shadow Minister for Early Childhood Education and Childcare from 8.12.09 to 14.9.10; Shadow Minister for the Status of Women from 8.12.09 to 14.9.10.</para>
</parliamentary.party.positions>
<party.positions>
<title>Party Positions</title>
<para>President, Burwood Liberal Party Women's Section and member of various policy committees.</para>
</party.positions>
<other.positions>
<title>Other Positions</title>
<para>Government Representative on the Council for Aboriginal Reconciliation 1997-2000.</para>
</other.positions>
<personal>
<title>Personal</title>
<para>Born 23.4.1951, Pyramid Hill, Vic.</para>
</personal>
<quals.work.pre.parliament>
<title>Qualifications and Occupation before entering Federal Parliament</title>
<para>BA(Hons), PhD (Monash), MA (La Trobe), GradDipTertEd (Hawthorn CAE).</para>
<para>Member, Governing Council, La Trobe University of Northern Victoria 1987-93; Governing Council, La Trobe University 1991-93.
</para>
<para>Manager, International Development, University of Melbourne 1994-95.</para>
</quals.work.pre.parliament>
<electorate>
<title>Electorate</title>
<para>Description: rural.</para>
<para>Location: Northern Victoria; it includes the centres of Avenel, Boort, Bridgewater, Cobram, Echuca, Euroa, Kyabram, Mooroopna, Murchison, Nagambie, Nathalia, Numurkah, Rochester, Rushworth, Shepparton, Tatura, Violet Town, Wedderburn and Yarrawonga.</para>
<para>Area: 19 500 sq km (approx.).</para>
<para>Electors enrolled: 100 185 (at 7.9.13).</para>
<para>Industries: sheep, wheat, dairy, viticulture and fruit processing industries.</para>
<para>State electorates: Murray includes the Victorian Legislative Assembly electorate of Shepparton, and parts of Bendigo East, Euroa, Murray Valley, Ovens Valley and Swan Hill.</para>
</electorate>
</biog.entry>