<biog.entry>
<name.id>F49</name.id>
<name>BROWN, Carol Louise</name>
<current.mp>Yes</current.mp>
<mp.type>Senator</mp.type>
<description>Biography for BROWN, Carol Louise</description>
<doc.date>01/08/2014</doc.date>
<electorate.name>Senator for Tasmania</electorate.name>
<source>Parliamentary Library</source>
<state>TAS</state>
<party>ALP</party>
<title>Biography for BROWN, Carol Louise</title>
<image>F49.JPG</image>
<electorate.state.name>Senator for Tasmania</electorate.state.name>
<party.name>Australian Labor Party</party.name>
<parliamentary.service>
<title>Parliamentary Service</title>
<para>Chosen by the Parliament of Tasmania on 25.8.2005 under section 15 of the Constitution to represent that State in the Senate, vice SM Mackay (resigned)(term ended 30.6.2008). Elected 2007 (term began 1.7.2008) and 2013.</para>
</parliamentary.service>
<parliamentary.positions>
<title>Parliamentary Positions</title>
<para>Temporary Chair of Committees from 12.2.08 to 28.9.10.</para>
</parliamentary.positions>
<committee.service>
<title>Committee Service</title>
<para>Senate Standing: Regulations and Ordinances from 13.9.05 to 1.7.11; Publications from 14.2.08 (Chair from 20.3.08) to 11.11.13; Selection of Bills from 30.9.10 to 11.11.13; Scrutiny of Bills from 1.7.11 to 11.11.13; Senators' Interests from 6.3.14 to 1.7.14.</para>
<para>Senate Legislative and General Purpose Standing: Finance and Public Administration: Legislation and References Committees from 13.9.05 to 11.9.06; Finance and Public Administration from 11.9.06 to 30.6.08; Community Affairs: References Committee from 15.9.05 to 11.9.06, from 14.5.09 to 25.2.13 and from 12.11.13 and Legislation Committee from 14.5.09; Community Affairs from 11.9.06 to 14.5.09.</para>
<para>Joint Statutory: Australian Commission for Law Enforcement Integrity from 14.2.08 to 19.7.10; Broadcasting of Parliamentary Proceedings from 30.9.10 to 21.6.12; Human Rights from 1.7.14.</para>
<para>Joint Standing: Treaties from 12.9.05 to 11.2.08; Electoral Matters from 14.2.08; National Broadband Network from 23.3.11 to 21.6.12; National Capital and External Territories from 9.12.13.</para>
</committee.service>
<parliamentary.party.positions>
<title>Parliamentary Party Positions</title>
<para>Deputy Government Whip in the Senate from 27.9.10 to 18.9.13.</para>
<para>Shadow Parliamentary Secretary for Families and Payments from 18.10.13.</para>
</parliamentary.party.positions>
<party.positions>
<title>Party Positions</title>
<para>Acting State Secretary, ALP (Tas.) 2000.</para>
<para>Assistant Secretary for Education and Training, ALP (Tas.).</para>
</party.positions>
<other.positions>
<title>Other Positions</title>
<para>Member, Parliamentary Group on Population Development.</para>
<para>Deputy Convener, Parliamentary Friends of Parkinson's.</para>
<para>Chair, Parliamentary Friends of Arthritis.</para>
<para>Deputy Chair, Parliamentary Friends of Grandparents Raising Grandchildren.</para>
<para>Member, Parliamentary Antarctic Alliance.</para>
<para>Member, Emily's List.</para>
</other.positions>
<personal>
<title>Personal</title>
<para>Born 19.7.1963, Hobart, Tas.</para>
<para>De facto.</para>
</personal>
<quals.work.pre.parliament>
<title>Qualifications and Occupation before entering Federal Parliament</title>
<para>Administrative Officer, ALP 1984-96.</para>
<para>Adviser to Senator SM Mackay 1996-98.</para>
<para>Portfolio Services Manager, Dept of Premier and Cabinet (Tas.) 1998-2002.</para>
<para>Adviser/Office Manager, Office of the Minister for Primary Industries, Water and Environment (Tas.) 2002-04.</para>
<para>Adviser/Office Manager, Office of the Minister for Infrastructure, Energy and Resources (Tas.) 2004-05.</para>
</quals.work.pre.parliament>
</biog.entry>