<biog.entry>
<name.id>FU4</name.id>
<name>ROBB, the Hon. Andrew John, AO</name>
<current.mp>Yes</current.mp>
<mp.type>Member</mp.type>
<description>Biography for ROBB, the Hon. Andrew John, AO</description>
<doc.date>12/12/2013</doc.date>
<electorate.name>Member for Goldstein (Vic)</electorate.name>
<source>Parliamentary Library</source>
<state>VIC</state>
<party>LP</party>
<title>Biography for ROBB, the Hon. Andrew John, AO</title>
<image>FU4.JPG</image>
<electorate.state.name>Member for Goldstein (Vic)</electorate.state.name>
<party.name>Liberal Party of Australia</party.name>
<parliamentary.service>
<title>Parliamentary Service</title>
<para>Elected to the House of Representatives for Goldstein, Victoria, 2004, 2007, 2010 and 2013.</para>
</parliamentary.service>
<ministerial.appointments>
<title>Ministerial Appointments</title>
<para>Parliamentary Secretary to the Minister for Immigration and Multicultural Affairs from 27.1.06 to 30.1.07.</para>
<para>Minister for Vocational and Further Education from 30.1.07 to 3.12.07.</para>
<para>Minister for Trade and Investment from 18.9.13.</para>
</ministerial.appointments>
<committee.service>
<title>Committee Service</title>
<para>House of Representatives Standing: Aboriginal and Torres Strait Islander Affairs from 1.12.04 to 28.2.06; Economics, Finance and Public Administration from 1.12.04 to 9.2.06; Infrastructure, Transport, Regional Development and Local Government from 10.11.08 to 3.2.10.
</para>
<para>Joint Statutory: Intelligence and Security from 27.8.08 to 19.3.09.
</para>
<para>Joint Standing: Foreign Affairs, Defence and Trade from 11.3.08 to 25.9.08; Electoral Matters from 3.2.10 to 19.7.10.
</para>
</committee.service>
<parliamentary.party.positions>
<title>Parliamentary Party Positions</title>
<para>Member, Opposition Shadow Ministry from 6.12.07 to 18.9.13. Shadow Minister for Foreign Affairs from 6.12.07 to 22.9.08; Shadow Minister for Infrastructure and COAG and Shadow Minister Assisting the Leader on Emissions Trading Design from 22.9.08 to 8.12.09; Shadow Minister for Finance and Debt Reduction from 25.3.10 to 14.9.10; Shadow Minister for Finance, Deregulation and Debt Reduction from 14.9.10 to 18.9.13.</para>
<para>Chairman, Coalition Policy Development Committee from 8.12.09 to 18.9.13.</para>
</parliamentary.party.positions>
<party.positions>
<title>Party Positions</title>
<para>Member, Liberal Party Queanbeyan Branch 1988-97.</para>
<para>Deputy Federal Director, Liberal Party 1988-89.</para>
<para>Federal Director, Liberal Party 1990-97.</para>
<para>Member, Liberal Party Cremorne Point Branch 1997-2002.</para>
<para>Member, Liberal Party Fundraising Committee (NSW) 1997-2004.</para>
<para>Honorary Finance Director (Party Treasurer), Liberal Party (NSW) 2001-04.</para>
<para>Member, Liberal Party Kirribilli Branch from 2002-04.</para>
<para>Member, Liberal Party State Executive (NSW) 2001-04.</para>
<para>Honorary Chair, Liberal Party Millennium Fundraising Forum (NSW) 2004.</para>
<para>Member, Liberal Party Brighton Branch from 2004.</para>
</party.positions>
<other.positions>
<title>Other Positions</title>
<para>Director, Menzies Research Centre 1997-2004.</para>
<para>Board Member, Garvan Medical Research Foundation 1998-2004.</para>
<para>Member, YWCA Leadership Group 1998-2004.</para>
<para>Chairman, Australian Direct Marketing Association 2001-04.</para>
<para>Member, National Board of 'Big Brothers Big Sisters' mentoring program 2002-04</para>
<para>Member of Advisory Council, Strategic and Defence Studies Centre (ANU) 2003-04.</para>
</other.positions>
<personal>
<title>Personal</title>
<para>Born 20.8.1951, Melbourne, Vic.</para>
<para>Married.</para>
</personal>
<quals.work.pre.parliament>
<title>Qualifications and Occupation before entering Federal Parliament</title>
<para>BEc (Hons)(La Trobe), Dip AgricSc (Dookie Agricultural College).</para>
<para>Animal health officer, Vic. Dept of Agriculture 1972-74.</para>
<para>Agricultural economist, Vic. Dept of Agriculture 1974-79.</para>
<para>Part-time tutor, La Trobe University 1976-79.</para>
<para>Economist, National Farmers' Federation 1980.</para>
<para>Executive Director, Cattle Council of Australia 1981-84.</para>
<para>Executive Director, National Farmers' Federation 1985-88.</para>
<para>Deputy Federal Director, Liberal Party 1988-89.</para>
<para>Chief of Staff to the Leader of the Opposition, the Hon. AS Peacock 1989-90.</para>
<para>Federal Director, Liberal Party 1990-97.</para>
<para>Consultant, Ammirati Puritas Lintas 1997.</para>
<para>Senior Executive, PBL 1997-99.</para>
<para>Board member, Sinclair Knight Merz 1998-2001.</para>
<para>Chief Executive Officer, Acxiom Australia 1999-2001.</para>
<para>Chairman, Acxiom Australia 2001-04.</para>
<para>Business adviser 2001-04.</para>
</quals.work.pre.parliament>
<honours>
<title>Honours</title>
<para>Appointed Officer of the Order of Australia, January 2003.</para>
<para>Awarded Centenary Medal 2003.</para>
</honours>
<electorate>
<title>Electorate</title>
<para>Description: inner metropolitan.</para>
<para>Location: south eastern Melbourne; it includes the suburbs of Beaumaris, Black Rock, Brighton East, Caulfield South, Hampton, Hampton East and Sandringham, and parts of Bentleigh, Cheltenham, Elsternwick, Glen Huntly, Highett and Ormond.</para>
<para>Area: 50 sq km (approx.).</para>
<para>Electors enrolled: 100 583 (at 7.9.13).</para>
<para>Industries: light industrial and commercial activities.</para>
<para>State electorates: Goldstein includes parts of the Victorian Legislative Assembly electorates of Bentleigh, Brighton, Caulfield and Sandringham.</para>
</electorate>
</biog.entry>