<biog.entry>
<name.id>G0D</name.id>
<name>BERNARDI, Cory</name>
<current.mp>Yes</current.mp>
<mp.type>Senator</mp.type>
<description>Biography for BERNARDI, Cory</description>
<doc.date>31/03/2015</doc.date>
<electorate.name>
</electorate.name>
<source>Parliamentary Library</source>
<state>SA</state>
<party>LP</party>
<title>Biography for BERNARDI, Cory</title>
<image>G0D.JPG</image>
<electorate.state.name>Senator for South Australia</electorate.state.name>
<party.name>Liberal Party of Australia</party.name>
<parliamentary.service>
<title>Parliamentary Service</title>
<para>Chosen by the Parliament of South Australia on 4.5.2006 under section 15 of the Constitution to represent that State in the Senate, vice the Hon. RM Hill (resigned)(term ended 30.6.2008). Elected 2007 (term began 1.7.2008) and 2013.</para>
</parliamentary.service>
<parliamentary.positions>
<title>Parliamentary Positions</title>
<para>Temporary Chair of Committees from 11.3.09 to 2.2.10 and from 10.10.12.</para>
</parliamentary.positions>
<committee.service>
<title>Committee Service</title>
<para>Senate Standing: Publications from 12.3.08; Senators' Interests from 27.10.10; Scrutiny of Bills from 13.11.13.</para>
<para>Senate Legislative and General Purpose Standing: Economics from 11.9.06 to 11.2.08; Finance and Public Administration from 23.10.06 to 22.12.06 and from 10.3.09 to 14.5.09; Finance and Public Administration: Legislation and References Committees from 14.5.09 to 2.2.10, from 30.9.10 to 27.10.10 and from 13.11.13 (Chair of Legislation from 2.12.13).</para>
<para>Senate Select: Men's Health from 13.11.08 to 29.5.09; Abbott Government's Commission of Audit from 12.12.13 to 11.2.14; National Broadband Network from 1.7.14 to 3.3.15; Recent Allegations relating to Conditions and Circumstances at the Regional Processing Centre in Nauru from 26.03.15. </para>
<para>Joint Statutory: Corporations and Financial Services from 28.2.07 to 11.2.08; Public Accounts and Audit from 13.11.13.</para>
<para>Joint Select: Australia's Immigration Detention Network from 22.6.11 to 30.3.12.</para>
</committee.service>
<parliamentary.party.positions>
<title>Parliamentary Party Positions</title>
<para>Shadow Parliamentary Secretary for Families and Community Services from 6.12.07 to 22.9.08; Shadow Parliamentary Secretary for Disabilities, Carers and the Voluntary Sector from 22.9.08 to 19.2.09; Shadow Parliamentary Secretary Assisting the Leader of the Opposition from 8.12.09; Shadow Parliamentary Secretary for Infrastructure and Population Policy from 8.12.09 to 14.9.10; Shadow Parliamentary Secretary for Supporting Families from 14.9.10 to 19.9.12.</para>
</parliamentary.party.positions>
<party.positions>
<title>Party Positions</title>
<para>Vice-President, Liberal Party (SA) 1997.</para>
<para>Member, State Executive, Liberal Party (SA) 1997-2003.</para>
<para>Member, Liberal Party Finance Committee (SA) 1997-2000.</para>
<para>President, Liberal Party (SA) 1998-2000.</para>
<para>Member, Liberal Party Federal and State Campaign Committees 1998-2000.</para>
<para>Member, Liberal Party Federal Executive 1998-2000 and 2005-06.</para>
<para>Member, Liberal Party Appeals Tribunal (SA) 2004-06.</para>
<para>Member, Liberal Party Multicultural Committee (SA) 2004-08.</para>
<para>Federal Vice-President, Liberal Party of Australia 2005-06.</para>
</party.positions>
<other.positions>
<title>Other Positions</title>
<para>Member, Australian Rowing Team.</para>
<para>Board member, Australian Sports Commission.</para>
<para>Chair, Australian Sports Foundation Ltd.</para>
<para>Chair, National Review of Disability Sport. </para>
</other.positions>
<personal>
<title>Personal</title>
<para>Born 6.11.1969, Adelaide, SA.</para>
<para>Married.</para>
</personal>
<quals.work.pre.parliament>
<title>Qualifications and Occupation before entering Federal Parliament</title>
<para>Diploma in Financial Services (FPA).</para>
<para>Graduate Certificate in Business Management (Edinburgh Business School).</para>
<para>Self-employed hotelier 1992-96.</para>
<para>Investment adviser and fund manager 1996-2006. </para>
</quals.work.pre.parliament>
<publications>
<title>Publications</title>
<para>The money tree: securing your child's financial success, self-published, 2007.</para>
<para>Fit for life!, self-published, 2008.</para>
<para>As I see it: thoughts of a conservative, self-published, 2009.</para>
<para>No left turn: more thoughts of a conservative, self-published, 2011.</para>
<para>On the right track, self-published, 2012.</para>
<para>The conservative revolution, Ballarat, Vic.: Connor Court Publishing, 2013.</para>
</publications>
</biog.entry>