<biog.entry>
<name.id>GB6</name.id>
<name>COLLINS, the Hon. Jacinta Mary Ann</name>
<current.mp>Yes</current.mp>
<mp.type>Senator</mp.type>
<description>Biography for COLLINS, the Hon. Jacinta Mary Ann</description>
<doc.date>04/03/2015</doc.date>
<electorate.name>
</electorate.name>
<source>Parliamentary Library</source>
<state>VIC</state>
<party>ALP</party>
<title>Biography for COLLINS, the Hon. Jacinta Mary Ann</title>
<image>GB6.JPG</image>
<electorate.state.name>Senator for Victoria</electorate.state.name>
<party.name>Australian Labor Party</party.name>
<parliamentary.service>
<title>Parliamentary Service</title>
<para>Chosen by the Parliament of Victoria on 3.5.1995 under section 15 of the Constitution to represent that State in the Senate, vice AO Zakharov (deceased) (term ended 30.6.1999). Elected 1998 (term began 1.7.1999). Defeated at general elections 2004 (term ended 30.6.2005).</para>
<para>Chosen by the Parliament of Victoria on 8.5.2008 under section 15 of the Constitution to represent that State in the Senate, vice RF Ray (resigned) (term ended 30.6.2008).</para>
<para>Re-elected 2007 (term began 1.7.2008) and 2013.</para>
</parliamentary.service>
<parliamentary.positions>
<title>Parliamentary Positions</title>
<para>Temporary Chair of Committees from 3.9.97 to 9.11.98 and from 22.8.02 to 24.6.03.</para>
</parliamentary.positions>
<ministerial.appointments>
<title>Ministerial Appointments</title>
<para>Parliamentary Secretary for School Education and Workplace Relations from 14.9.10 to 1.7.13.</para>
<para>Minister for Mental Health and Ageing from 1.7.13 to 18.9.13.</para>
</ministerial.appointments>
<committee.service>
<title>Committee Service</title>
<para>Senate Standing: House from 30.5.95 to 29.4.96, from 19.6.97 to 15.9.03 and from 12.11.13; Publications from 30.5.95 to 9.11.98; Regulations and Ordinances from 30.5.95 to 29.4.96 and from 12.5.10 (Chair from 12.5.10) to 27.9.10; Senators' Interests from 30.5.95 to 29.4.96 and from 24.11.98 to 1.7.02; Privileges from 14.5.08 to 12.5.10 and from 12.11.13 (Chair from 2.12.13); Scrutiny of Bills from 14.5.08 to 13.5.10; Appropriations and Staffing from 13.3.12; Procedure from 13.3.12 to 11.11.13; Selection of Bills from 13.3.12 to 11.11.13.</para>
<para>Senate Legislative and General Purpose Standing: Community Affairs: Legislation and References Committees from 30.5.95 to 23.8.95 and from 19.9.95 to 29.4.96; Economics: References Committee from 2.5.96 (Chair from 9.5.96) to 9.11.98 and from 13.2.02 (Chair from 20.2.02) to 24.6.03 and Legislation Committee from 1.6.97 to 9.11.98 and from 13.2.02 to 24.6.03; Employment, Workplace Relations, Small Business and Education: References Committee from 24.11.98 (Chair from 26.11.98) to 11.2.02 and Legislation Committee from 24.11.98 to 11.2.02; Employment, Workplace Relations and Education: References Committee from 18.11.04 to 30.6.05; Education, Employment and Workplace Relations from 1.7.08 to 14.5.09; Education, Employment and Workplace Relations: Legislation Committee from 14.5.09 to 27.9.10 and References Committee from 14.5.09 to 9.9.09; Finance and Public Administration from 14.5.08 to 14.5.09; Finance and Public Administration: Legislation Committee from 14.5.09 to 27.9.10; Legal and Constitutional Affairs: Legislation and References Committees from 1.7.14 to 24.11.2014.</para>
<para>Senate Select: A Certain Maritime Incident from 14.2.02 to 23.10.02; Scrafton Evidence from 18.11.04 (Chair from 18.11.04) to 9.12.04; School Funding from 12.12.13.</para>
<para>Joint Standing: Treaties from 1.12.04 to 30.6.05.</para>
</committee.service>
<parliamentary.party.positions>
<title>Parliamentary Party Positions</title>
<para>Parliamentary Secretary representing the Shadow Ministers for Industrial Relations and Employment, Training and Population in the Senate from 20.10.98 to 22.11.01.


 
</para>
<para>Member, Opposition Shadow Ministry from 23.6.03 to 22.10.04. Shadow Minister for Children and Youth from 2.7.03 to 22.10.04.
</para>
<para>Manager of Government Business in the Senate from 5.3.12 to 5.8.13.</para>
<para>Deputy Leader of the Government in the Senate from 26.6.13 to 18.9.13.</para>
<para>Deputy Leader of the Opposition in the Senate from 18.9.13 to 14.10.13.
</para>
<para>Shadow Cabinet Secretary and Shadow Parliamentary Secretary to the Leader of the Opposition from 18.10.13.</para>
</parliamentary.party.positions>
<party.positions>
<title>Party Positions</title>
<para>Member, ALP from 1987.</para>
<para>Member, ALP Administrative Committee 1989-91.</para>
<para>Member, ALP Status of Women Committee 1989-93.</para>
<para>Member, ALP Social Justice Policy Committee 1989-92.</para>
<para>Delegate, ALP National Conference.</para>
</party.positions>
<other.positions>
<title>Other Positions</title>
<para>Delegate, ACTU Congress from 1983.</para>
<para>Member, ACTU Council from 1993.</para>
<para>Member, ACTU Women's, Social Welfare and Occupational Health and Safety Committees.</para>
</other.positions>
<personal>
<title>Personal</title>
<para>Born 4.9.1962, Altona, Vic.</para>
<para>Married.</para>
</personal>
<quals.work.pre.parliament>
<title>Qualifications and Occupation before entering Federal Parliament</title>
<para>BA (Monash), BSocWk (La Trobe).</para>
<para>Social Welfare Officer and Research Officer, Shop, Distributive and Allied Employees' Association 1980-90.</para>
<para>National Industrial Officer, Shop, Distributive and Allied Employees' Association 1991-95.</para>
<para>Policy consultant. </para>
</quals.work.pre.parliament>
</biog.entry>