<biog.entry>
<name.id>GT4</name.id>
<name>TRUSS, the Hon. Warren Errol</name>
<current.mp>Yes</current.mp>
<mp.type>Member</mp.type>
<description>Biography for TRUSS, the Hon. Warren Errol</description>
<doc.date>01/11/2013</doc.date>
<electorate.name>Member for Wide Bay (Qld)</electorate.name>
<source>Parliamentary Library</source>
<state>QLD</state>
<party>NP</party>
<title>Biography for TRUSS, the Hon. Warren Errol</title>
<image>GT4.JPG</image>
<electorate.state.name>Member for Wide Bay (Qld)</electorate.state.name>
<party.name>Nationals</party.name>
<parliamentary.service>
<title>Parliamentary Service</title>
<para>Elected to the House of Representatives for Wide Bay, Queensland, 1990, 1993, 1996, 1998, 2001, 2004, 2007, 2010 and 2013.</para>
</parliamentary.service>
<parliamentary.positions>
<title>Parliamentary Positions</title>
<para>Deputy Chair of Committees from 12.9.91 to 21.2.94.</para>
<para>Member, Speaker's Panel from 21.2.94 to 31.1.95 and from 1.5.96 to 20.10.97.</para>
</parliamentary.positions>
<ministerial.appointments>
<title>Ministerial Appointments</title>
<para>Minister for Customs and Consumer Affairs from 9.10.97 to 21.10.98.</para>
<para>Minister for Community Services from 21.10.98 to 20.7.99.</para>
<para>Minister for Agriculture, Fisheries and Forestry from 20.7.99 to 6.7.05.</para>
<para>Minister for Transport and Regional Services from 6.7.05 to 29.9.06.</para>
<para>Minister for Trade from 29.9.06 to 3.12.07.</para>
<para>Deputy Prime Minister from 18.9.13.</para>
<para>Minister for Infrastructure and Regional Development from 18.9.13.</para>
</ministerial.appointments>
<committee.service>
<title>Committee Service</title>
<para>House of Representatives Standing: Library from 16.5.90 to 8.2.93; Procedure from 16.5.90 to 8.2.93 and from 29.5.96 to 30.10.97; Environment, Recreation and the Arts from 16.5.90 (Chair from 30.5.96) to 22.10.97; Long Term Strategies from 26.5.93 to 29.1.96.</para>
<para>Joint Statutory: National Crime Authority from 18.6.96 to 23.10.97.</para>
<para>Joint Standing: Treaties from 17.6.96 to 23.10.97; Foreign Affairs, Defence and Trade from 3.2.10 to 22.2.10.</para>
</committee.service>
<parliamentary.party.positions>
<title>Parliamentary Party Positions</title>
<para>Member, Opposition Shadow Ministry from 13.12.94 to 11.3.96 and from 6.12.07 to 18.9.13. Shadow Minister for Consumer Affairs from 13.12.94 to 11.3.96; Shadow Minister for Infrastructure and Transport and Local Government from 6.12.07 to 22.9.08; Shadow Minister for Trade, Transport, Regional Development and Local Government from 22.9.08 to 25.3.10; Shadow Minister for Trade, Transport and Local Government from 25.3.10 to 14.9.10; Shadow Minister for Infrastructure and Transport from 14.9.10 to 18.9.13.</para>
<para>Deputy Leader of the House from 5.10.97 to 21.10.98.</para>
<para>Federal Parliamentary Deputy Leader, The Nationals from 6.7.05 to 3.12.07.</para>
<para>Federal Parliamentary Leader, The Nationals from 3.12.07.</para>
</parliamentary.party.positions>
<party.positions>
<title>Party Positions</title>
<para>Member, NPA Central Council (Qld) 1981-2008.</para>
<para>President, NPA Kumbia Branch 1974-87.</para>
<para>Vice-President, NPA Barambah State Electorate Council 1978-88.</para>
<para>President, NPA Wide Bay Divisional Council 1984-90.</para>
</party.positions>
<personal>
<title>Personal</title>
<para>Born 8.10.1948 at Kingaroy, Qld.</para>
<para>Married.</para>
</personal>
<quals.work.pre.parliament>
<title>Qualifications and Occupation before entering Federal Parliament</title>
<para>Farmer.</para>
<para>President, Australian Council of Rural Youth 1973-74.</para>
<para>Member, Queensland Graingrowers' Association State Council 1979-90.</para>
<para>Chair, Sugar Coast Burnett Regional Tourism Board 1985-89.</para>
<para>Deputy Chair, Bulk Grains Queensland 1985-90.</para>
</quals.work.pre.parliament>
<local.gov.service>
<title>Local Government Service</title>
<para>Member, Kingaroy Shire Council 1976-90.</para>
<para>Chair, Kingaroy Shire Council 1983-90.</para>
<para>President, Burnett District Local Government Association 1989-90.</para>
<para>President, South Burnett Local Government Association 1984-85 and 1989-90.</para>
</local.gov.service>
<electorate>
<title>Electorate</title>
<para>Description: rural.</para>
<para>Location: southern eastern Queensland coast and hinterland; it includes the centres of Gympie, Maryborough, Murgon and Noosa Heads.  It also includes Fraser Island.
</para>
<para>Area: 14 573 sq km (approx.).
</para>
<para>Electors enrolled: 95 172 (at 7.9.13).</para>
<para>Industries: tourism, timber, dairying, grain, grazing, sugar, tropical fruit orchards and railway rolling stock.
</para>
<para>State electorates: Wide Bay includes the Queensland Legislative Assembly electorate of Gympie, and parts of Callide, Hervey Bay, Maryborough, Nicklin and Noosa.</para>
</electorate>
</biog.entry>