<biog.entry>
<name.id>H6X</name.id>
<name>BIRMINGHAM, the Hon. Simon John</name>
<current.mp>Yes</current.mp>
<mp.type>Senator</mp.type>
<description>Biography for BIRMINGHAM, the Hon. Simon John</description>
<doc.date>29/01/2015</doc.date>
<electorate.name>
</electorate.name>
<source>Parliamentary Library</source>
<state>SA</state>
<party>LP</party>
<title>Biography for BIRMINGHAM, the Hon. Simon John</title>
<image>H6X.jpg</image>
<electorate.state.name>Senator for South Australia</electorate.state.name>
<party.name>Liberal Party of Australia</party.name>
<parliamentary.service>
<title>Parliamentary Service</title>
<para>Chosen by the Parliament of South Australia on 3.5.2007 under section 15 of the Constitution to represent that State in the Senate, vice JM Ferris (deceased)(term ended 30.6.2008). Elected 2007 (term began 1.7.2008) and 2013.</para>
</parliamentary.service>
<ministerial.appointments>
<title>Ministerial Appointments</title>
<para>Parliamentary Secretary to the Minister for Environment from 18.9.13 to 23.12.14.</para>
<para>Assistant Minister for Education and Training from 23.12.14. </para>
</ministerial.appointments>
<committee.service>
<title>Committee Service</title>
<para>Senate Legislative and General Purpose Standing: Employment, Workplace Relations and Education from 9.5.07 to 20.6.07; Environment, Communications, Information Technology and the Arts from 9.5.07 to 11.2.08; Environment, Communications and the Arts from 12.2.08 to 14.5.09; Environment, Communications and the Arts: Legislation and References Committees from 14.5.09 to 2.2.10; Environment and Communications: Legislation and References Committees from 15.8.12 to 11.11.13.</para>
<para>Senate Select: National Broadband Network from 26.6.08 to 17.6.10.</para>
<para>Joint Standing: Treaties from 20.6.07 to 12.9.12; Electoral Matters from 14.2.08 to 5.8.13; National Broadband Network from 3.3.11 to 5.8.13.</para>
<para>Joint Select: Australia's Clean Energy Future Legislation from 14.9.11 to 7.10.11; Broadcasting Legislation from 14.3.13 to 24.6.13.</para>
</committee.service>
<parliamentary.party.positions>
<title>Parliamentary Party Positions</title>
<para>Shadow Parliamentary Secretary for the Murray Darling Basin from 8.12.09 to 18.9.13; Shadow Parliamentary Secretary for Climate Action from 8.12.09 to 14.9.10; Shadow Parliamentary Secretary for Environment from 14.9.10 to 18.9.13.</para>
</parliamentary.party.positions>
<party.positions>
<title>Party Positions</title>
<para>President, Adelaide University Liberal Club 1993-94.</para>
<para>Member, State Executive, Young Liberal Movement (SA) 1993-99; Patron, South Australian Young Liberal Movement (SA) 2005-07.</para>
<para>Delegate, Liberal Party Federal Council 1999 and 2007.</para>
<para>Member, Liberal Party State Executive (SA) 1998-2000, 2003-04 and 2005-07.</para>
<para>Policy Coordinator, Liberal Party (SA) 1998-2000.</para>
<para>Vice-President, Liberal Party (SA) 2003-04.</para>
<para>Senior Vice-President, Liberal Party (SA) 2005-07.</para>
</party.positions>
<personal>
<title>Personal</title>
<para>Born 14.6.1974, Adelaide, SA.</para>
<para>Married.</para>
</personal>
<quals.work.pre.parliament>
<title>Qualifications and Occupation before entering Federal Parliament</title>
<para>MBA (Adel).</para>
<para>Electorate officer to Senator the Hon. Robert Hill 1995-97.</para>
<para>Adviser to the Minister for Tourism, Employment and Youth (SA) 1997-2000.</para>
<para>National Public Affairs Manager, Australian Hotels Association 2000-01.</para>
<para>Chief of Staff, Minister for Tourism and Innovation (SA) 2001-02.</para>
<para>Director, Winemakers' Federation of Australia 2002-07.</para>
</quals.work.pre.parliament>
</biog.entry>