<biog.entry>
<name.id>HK5</name.id>
<name>ANDREWS, the Hon. Kevin James</name>
<current.mp>Yes</current.mp>
<mp.type>Member</mp.type>
<description>Biography for ANDREWS, the Hon. Kevin James</description>
<doc.date>05/01/2015</doc.date>
<electorate.name>Menzies</electorate.name>
<source>Parliamentary Library</source>
<state>VIC</state>
<party>LP</party>
<title>Biography for ANDREWS, the Hon. Kevin James</title>
<image>HK5.jpg</image>
<electorate.state.name>Member for Menzies (Vic)</electorate.state.name>
<party.name>Liberal Party of Australia</party.name>
<parliamentary.service>
<title>Parliamentary Service</title>
<para>Elected to the House of Representatives for Menzies, Victoria, at by-election 11.5.1991, vice the Hon. NA Brown, QC (resigned).</para>
<para>Re-elected 1993, 1996, 1998, 2001, 2004, 2007, 2010 and 2013.</para>
</parliamentary.service>
<parliamentary.positions>
<title>Parliamentary Positions</title>
<para>Member, Speaker's Panel from 4.3.98 to 8.10.01 and from 18.2.08 to 23.2.10.</para>
</parliamentary.positions>
<ministerial.appointments>
<title>Ministerial Appointments</title>
<para>Minister for Ageing from 26.11.01 to 7.10.03.</para>
<para>Minister for Employment and Workplace Relations from 7.10.03 to 30.1.07.</para>
<para>Minister Assisting the Prime Minister for the Public Service from 7.10.03 to 30.1.07.</para>
<para>Minister for Immigration and Citizenship from 30.1.07 to 3.12.07.</para>
<para>Minister for Social Services from 18.9.13 to 23.12.14.</para>
<para>Minister for Defence from 23.12.14.</para>
</ministerial.appointments>
<committee.service>
<title>Committee Service</title>
<para>House of Representatives Standing: Long Term Strategies from 21.6.91 to 8.2.93; Legal and Constitutional Affairs from 19.12.91 to 8.2.93 and from 30.5.96 (Chair from 30.5.96) to 8.10.01 and from 11.3.08 to 3.2.10; Privileges from 25.6.92 to 8.10.01; Members' Interests from 14.10.96 to 8.10.01; Family and Community Affairs from 8.12.98 to 8.10.01; Family, Community, Housing and Youth from 3.2.10 to 19.7.10; Health and Ageing from 11.3.08 to 10.11.08; Economics from 10.11.08 to 3.2.10; Aboriginal and Torres Strait Islander Affairs from 3.2.10 to 19.7.10.</para>
<para>Joint Statutory: Public Accounts and Audit from 8.12.98 to 11.2.02.</para>
<para>Joint Standing: Treaties from 11.3.08 to 10.11.08.</para>
<para>Joint Select: Certain Family Law Issues from 26.5.93 to 28.11.95; Intelligence Services from 28.6.01 to 27.8.01.</para>
</committee.service>
<parliamentary.party.positions>
<title>Parliamentary Party Positions</title>
<para>Parliamentary Secretary to the Leader of the Opposition from 7.8.92 to 7.4.93; Shadow Minister for Schools, Vocational Education and Training from 7.4.93 to 26.5.94; Parliamentary Secretary to the Deputy Leader of the Opposition from 26.5.94 to 11.3.96.
</para>
<para>Member, Opposition Shadow Ministry from 8.12.09 to 18.9.13. Shadow Minister for Families, Housing and Human Services from 8.12.09 to 18.9.13.  
</para>
</parliamentary.party.positions>
<party.positions>
<title>Party Positions</title>
<para>Chairman, Coalition's Federalism Taskforce from 6.4.08 to 16.9.08.</para>
<para>Chairman, Coalition Policy Review Committee and Chairman, Coalition Policy Coordination Committee from 14.10.08 to 8.12.09.</para>
<para>Deputy Chairman, Coalition Policy Development Committee from 8.12.09.</para>
</party.positions>
<personal>
<title>Personal</title>
<para>Born 9.11.1955, Sale, Vic.</para>
<para>Married.</para>
</personal>
<quals.work.pre.parliament>
<title>Qualifications and Occupation before entering Federal Parliament</title>
<para>BA, LLB (Melb), LLM (Monash).</para>
<para>Research solicitor, Law Institute of Victoria 1980-81.</para>
<para>Co-ordinator, Continuing Legal Education, Law Institute of Victoria 1981-83.</para>
<para>Associate to the Hon. Sir James Gobbo, Supreme Court of Victoria 1983-85.</para>
<para>Barrister-at-law, Victoria 1985-91.</para>
</quals.work.pre.parliament>
<publications>
<title>Publications</title>
<para>Rights and Freedoms in Australia (chapter, ed. J Wallace and T Pagone), Sydney: Federation Press, 1990.</para>
<para>Trends in Biomedical Regulation (chapter, ed. H Caton), Sydney: Butterworths, 1990.</para>
<para>Issues in Biomedical Ethics (chapter, ed. Dr CJ Vas and EJ de Souza), Delhi: Macmillan, 1990.</para>
<para>The Heart of Liberalism: the Albury Papers (co-editor with K Aldred and P Filing), Mitcham, Vic: The editors, 1994.</para>
<para>Changing Australia: social, cultural and economic trends shaping the nation (co-author with M Curtis), Sydney: Federation Press, 1998.</para>
</publications>
<electorate>
<title>Electorate</title>
<para>Description: outer metropolitan.</para>
<para>Location: eastern Melbourne; it includes the suburbs of Bulleen, Croydon Hills, Doncaster, Doncaster East, Donvale, Park Orchards, Templestowe, Templestowe Lower, Warrandyte, Warrandyte South, and parts of Croydon North, Ringwood North, Warranwood and Wonga Park.</para>
<para>Area: 125 sq km (approx.).</para>
<para>Electors enrolled: 98 647 (at 7.9.13).</para>
<para>Industries: retail and service industries.</para>
<para>State electorates: Menzies includes the Victorian Legislative Assembly electorate of Bulleen, and parts of Croydon, Evelyn, Ringwood and Warrandyte.</para>
</electorate>
</biog.entry>