<biog.entry>
<name.id>HLL</name.id>
<name>BUSHBY, David Christopher</name>
<current.mp>Yes</current.mp>
<mp.type>Senator</mp.type>
<description>Biography for BUSHBY, David Christopher</description>
<doc.date>04/03/2015</doc.date>
<electorate.name>
</electorate.name>
<source>Parliamentary Library</source>
<state>TAS</state>
<party>LP</party>
<title>Biography for BUSHBY, David Christopher</title>
<image>HLL.jpg</image>
<electorate.state.name>Senator for Tasmania</electorate.state.name>
<party.name>Liberal Party of Australia</party.name>
<parliamentary.service>
<title>Parliamentary Service</title>
<para>Chosen by the Parliament of Tasmania on 30.8.2007 under section 15 of the Constitution to represent that State in the Senate, vice the Hon. PH Calvert (resigned)(term ended 30.6.2008). Elected 2007 (term began 1.7.2008) and 2013.</para>
</parliamentary.service>
<committee.service>
<title>Committee Service</title>
<para>Senate Standing: Selection of Bills from 4.2.09 to 9.3.10 and from 9.5.12 (Chair from 13.11.13); House from 13.11.13; Procedure from 13.11.13; Publications from 13.11.13; Senators' Interests from 13.11.13.</para>
<para>Senate Legislative and General Purpose Standing: Finance and Public Administration from 10.9.07 to 11.2.08; Economics from 12.2.08 to 14.5.09; Economics: References Committee from 14.5.09 (Chair from 7.7.11 to 11.11.13) to 1.7.14 and Legislation Committee from 2.2.10 (Chair from 13.11.13 to 1.7.14).</para>
<para>Senate Select: State Government Financial Management from 14.2.08 to 18.9.08; Fuel and Energy from 26.6.08 to 30.8.10; Scrutiny of New Taxes from 30.9.10 to 1.11.11; Cyber-Safety from 27.6.13 to 30.8.13; Abbott Government's Commission of Audit from 12.12.13 to 19.6.14.</para>
<para>Joint Statutory: Public Accounts and Audit from 26.8.08 to 2.2.10; Corporations and Financial Services from 2.12.13 to 1.7.14; Intelligence and Security from 16.7.14.</para>
<para>Joint Standing: Treaties from 14.2.08 to 30.6.08.</para>
<para>Joint Select: Cyber-Safety from 18.3.10 to 24.6.13; Constitutional Recognition of Local Government from 28.11.12 to 5.8.13.</para>
</committee.service>
<parliamentary.party.positions>
<title>Parliamentary Party Positions</title>
<para>Deputy Opposition Whip in the Senate from 4.2.09 to 18.9.13.</para>
<para>Deputy Government Whip in the Senate from 18.9.13 to 30.6.14.</para>
<para>Chief Government Whip in the Senate from 1.7.14.</para>
</parliamentary.party.positions>
<party.positions>
<title>Party Positions</title>
<para>Member, Federal Council, Liberal Party (Tas) 1997-2001.</para>
<para>State Campaign Director, Liberal Party (Tas) 1998-2000.</para>
<para>Honorary General Secretary, Liberal Party (Tas) 1998-2000.</para>
<para>Honorary State Treasurer, Liberal Party (Tas) 1997-98 and 2001-02.</para>
<para>President, Howrah Branch, Liberal Party (Tas) 2002-03 and from 2005.</para>
<para>Member, State Executive, Liberal Party (Tas) 1996-2000, 2001-02 and 2005-07.</para>
<para>Chair, Franklin Electorate Committee, Liberal Party (Tas) 2005-07.</para>
<para>Vice-President, Liberal Party (Tas) 2005-07.</para>
</party.positions>
<personal>
<title>Personal</title>
<para>Born 17.7.1965, Launceston, Tas.</para>
<para>Married.</para>
<para>BEc, LLB (Tas).</para>
<para>GradDipBus (Shipping)(Australian Maritime College).</para>
<para>Commercial and maritime lawyer 1992-95 and 1997-98.</para>
<para>Policy analyst 1995-97.</para>
<para>Political adviser 1998-2001.</para>
<para>Lawyer and company director 2001-07.  </para>
</personal>
</biog.entry>