<biog.entry>
<name.id>HVO</name.id>
<name>NEUMANN, the Hon. Shayne Kenneth</name>
<current.mp>Yes</current.mp>
<mp.type>Member</mp.type>
<description>Biography for NEUMANN, the Hon. Shayne Kenneth</description>
<doc.date>23/06/2014</doc.date>
<electorate.name>Member for Blair (Qld)</electorate.name>
<source>Parliamentary Library</source>
<state>QLD</state>
<party>ALP</party>
<title>Biography for NEUMANN, the Hon. Shayne Kenneth</title>
<image>HVO.JPG</image>
<electorate.state.name>Member for Blair (Qld)</electorate.state.name>
<party.name>Australian Labor Party</party.name>
<parliamentary.service>
<title>Parliamentary Service</title>
<para>Elected to the House of Representatives for Blair, Queensland, 2007, 2010 and 2013. </para>
</parliamentary.service>
<ministerial.appointments>
<title>Ministerial Appointments</title>
<para>Parliamentary Secretary to the Attorney-General from 25.3.13 to 18.9.13.</para>
<para>Parliamentary Secretary for Health and Ageing from 25.3.13 to 18.9.13.</para>
</ministerial.appointments>
<committee.service>
<title>Committee Service</title>
<para>House of Representatives Standing: Legal and Constitutional Affairs from 19.2.08 to 19.7.10; Petitions from 19.2.08 to 17.6.09; Employment and Workplace Relations from 17.6.09 to 11.2.10; Health and Ageing from 11.2.10 to 19.7.10; Aboriginal and Torres Strait Islander Affairs from 25.10.10 to 14.5.13; Indigenous Affairs from 4.12.13; Social Policy and Legal Affairs from 25.10.10 to 14.5.13.</para>
<para>Joint Statutory: Public Accounts and Audit from 18.2.08 to 19.7.10 and from 6.2.13 to 14.5.13.</para>
<para>Joint Select: Gambling Reform from 21.10.10 to 13.2.13; Constitutional Recognition of Aboriginal and Torres Strait Islander Peoples from 4.12.13.</para>
</committee.service>
<parliamentary.party.positions>
<title>Parliamentary Party Positions</title>
<para>Member, Opposition Shadow Ministry from 14.10.13. Shadow Minister for Indigenous Affairs and Shadow Minister for Ageing from 18.10.13.</para>
</parliamentary.party.positions>
<party.positions>
<title>Party Positions</title>
<para>Member, ALP from 1983.</para>
<para>President, ALP Raceview Flinders Branch from 1990.</para>
<para>President, Ipswich State Electoral Council 1995-2008; Campaign Director 1998-2007.</para>
<para>Delegate, ALP National Conference 2004-07.</para>
<para>Delegate, ALP State Conference (Qld) 2000-08.</para>
<para>Member, ALP State Rules Committee (Qld) 2002-08.</para>
<para>Member, ALP Administrative Committee 2005-08. </para>
</party.positions>
<personal>
<title>Personal</title>
<para>Born 26.8.1961, Ipswich, Qld.</para>
<para>Married. </para>
</personal>
<quals.work.pre.parliament>
<title>Qualifications and Occupation before entering Federal Parliament</title>
<para>BA, LLB (Qld).</para>
<para>Lawyer 1985-2007. </para>
</quals.work.pre.parliament>
<electorate>
<title>Electorate</title>
<para>Description: rural.</para>
<para>Location: south-east Queensland, west of Brisbane; it includes most of the city of Ipswich, and the towns of Kilcoy, Toogoolawah, Esk, Cominya, Lowood, Fernvale, Minden, Marburg, Rosewood, and Walloon.
</para>
<para>Area: 6409 sq km (approx.).
</para>
<para>Electors enrolled: 88 656 (at 7.9.13).
</para>
<para>Industries: dairy and beef cattle farming, small crop production, commercial, construction and infrastructure industries, tourism and defence.
</para>
<para>StState electorates: Blair includes the Queensland Legislative Assembly electorates of Ipswich, and parts of Bundamba, Ipswich West, Lockyer, Moggill and Nanango.</para>
</electorate>
</biog.entry>