<biog.entry>
<name.id>HVP</name.id>
<name>PERRETT, Graham Douglas</name>
<current.mp>Yes</current.mp>
<mp.type>Member</mp.type>
<description>Biography for PERRETT, Graham Douglas</description>
<doc.date>26/06/2014</doc.date>
<electorate.name>Member for Moreton (Qld)</electorate.name>
<source>Parliamentary Library</source>
<state>QLD</state>
<party>ALP</party>
<title>Biography for PERRETT, Graham Douglas</title>
<image>HVP.jpg</image>
<electorate.state.name>Member for Moreton (Qld)</electorate.state.name>
<party.name>Australian Labor Party</party.name>
<parliamentary.service>
<title>Parliamentary Service</title>
<para>Elected to the House of Representatives for Moreton, Queensland, 2007, 2010 and 2013. </para>
</parliamentary.service>
<committee.service>
<title>Committee Service</title>
<para>House of Representatives Standing: Legal and Constitutional Affairs from 19.2.08 to 19.7.10; Primary Industries and Resources from 19.2.08 to 19.7.10; Employment and Workplace Relations from 24.6.09 to 19.7.10; Aboriginal and Torres Strait Islander Affairs from 25.10.10 to 5.8.13; Indigenous Affairs from 4.12.13; Social Policy and Legal Affairs from 25.10.10; Education and Employment from 13.2.13 to 5.8.13; Selection from 14.5.13 to 5.8.13; Privileges and Members' Interests from 4.12.13.</para>
<para>Joint Statutory: Public Works from 4.12.13.</para>
<para>Joint Standing: Parliamentary Library from 19.2.08 to 19.7.10; Human Rights from 6.2.13 to 5.8.13.</para>
<para>Joint Select: Cyber-Safety from 18.3.10 to 24.6.13; Christmas Island Tragedy from 22.3.11 to 29.6.11.</para>
</committee.service>
<parliamentary.party.positions>
<title>Parliamentary Party Positions</title>
<para>Government Whip from 13.5.13 to 5.8.13.</para>
<para>Shadow Parliamentary Secretary to the Attorney-General from 1.7.14.</para>
</parliamentary.party.positions>
<party.positions>
<title>Party Positions</title>
<para>Secretary, Bardon-Rainworth Branch, ALP 1997-2002.</para>
<para>Proxy Delegate, ALP State Conference (Qld) 2004-06.</para>
<para>Delegate, ALP National Conference 2004 and 2007.</para>
<para>Member, ALP Administrative Committee 2004-07.</para>
<para>President, ALP Salisbury Branch 2005-07. </para>
</party.positions>
<personal>
<title>Personal</title>
<para>Born 5.1.1966, St George, Qld.</para>
<para>Married. </para>
</personal>
<quals.work.pre.parliament>
<title>Qualifications and Occupation before entering Federal Parliament</title>
<para>BA(Hons) (Qld), LLB (QUT).</para>
<para>DipT (Brisbane College of Advanced Education).</para>
<para>Secondary school teacher 1986-97.</para>
<para>Solicitor 1997-2000.</para>
<para>Organiser, Queensland Independent Education Union (QIEU) 2000-04.</para>
<para>Senior policy adviser, Queensland State Government 2005-07.</para>
<para>Policy adviser 2007.</para>
</quals.work.pre.parliament>
<electorate>
<title>Electorate</title>
<para>Description: inner metropolitan.</para>
<para>Location: southern Brisbane; it includes the suburbs of Acacia Ridge, Archerfield, Chelmer, Coopers Plains, Corinda, Fairfield, Graceville, Kuraby, Macgregor, Moorooka, Nathan, Oxley, Robertson, Rocklea, Runcorn, Salisbury, Sherwood, Sunnybank, Sunnybank Hills, Tennyson, Willawong, Yeerongpilly and Yeronga and parts of Algester, Annerley, Eight Mile Plains and Tarragindi.
</para>
<para>Area: 111 sq km (approx.).
</para>
<para>Electors enrolled: 94 271 (at 7.9.13).</para>
<para>Industries: light industrial and commercial activities.
</para>
<para>State electorates: Moreton includes parts of the Queensland Legislative Assembly electorates of Algester, Inala, Indooroopilly, Mount Ommaney, South Brisbane, Stretton, Sunnybank and Yeerongpilly.</para>
</electorate>
</biog.entry>