<biog.entry>
<name.id>HW9</name.id>
<name>CHAMPION, Nicholas (Nick) David</name>
<current.mp>Yes</current.mp>
<mp.type>Member</mp.type>
<description>Biography for CHAMPION, Nicholas (Nick) David</description>
<doc.date>26/06/2014</doc.date>
<electorate.name>Member for Wakefield (SA)</electorate.name>
<source>Parliamentary Library</source>
<state>SA</state>
<party>ALP</party>
<title>Biography for CHAMPION, Nicholas (Nick) David</title>
<image>HW9.jpg</image>
<electorate.state.name>Member for Wakefield (SA)</electorate.state.name>
<party.name>Australian Labor Party</party.name>
<parliamentary.service>
<title>Parliamentary Service</title>
<para>Elected to the House of Representatives for Wakefield, South Australia, 2007, 2010 and 2013.</para>
</parliamentary.service>
<committee.service>
<title>Committee Service</title>
<para>House of Representatives Standing: Industry, Science and Innovation from 19.2.08 to 19.7.10; Primary Industries and Resources from 19.2.08 to 19.7.10; Infrastructure and Communications from 14.3.12 to 5.8.13. 
</para>
<para>Joint Statutory: Australian Crime Commission from 18.2.08 to 19.7.10; Public Works from 18.2.08 to 19.7.10.
</para>
<para>Joint Standing: Foreign Affairs, Defence and Trade from 25.10.10; Parliamentary Library from 25.10.10 to 5.8.13.
</para>
<para>Joint Select: Gambling Reform from 21.10.10 to 14.3.12; Parliamentary Budget Office from 23.11.10 to 23.3.11; Christmas Island Tragedy from 22.3.11 to 29.6.11. 
</para>
</committee.service>
<conf.delegations.visits>
<title>Conferences, Delegations and Visits</title>
<para>Member, Parliamentary Delegation to France and Romania, October 2011.</para>
<para>Member, Parliamentary Delegation to Timor-Leste and Indonesia, November 2011.</para>
</conf.delegations.visits>
<parliamentary.party.positions>
<title>Parliamentary Party Positions</title>
<para>Shadow Parliamentary Secretary for Health from 1.7.14.</para>
</parliamentary.party.positions>
<party.positions>
<title>Party Positions</title>
<para>President, ALP (SA) 2005-06.  
</para>
<para>Caucus Secretary, Federal Parliamentary Labor Party 2010-11.</para>
</party.positions>
<personal>
<title>Personal</title>
<para>Born 27.2.1972, Elizabeth, SA.</para>
<para>Married.</para>
</personal>
<quals.work.pre.parliament>
<title>Qualifications and Occupation before entering Federal Parliament</title>
<para>BA, GradDip in Communication (SA).</para>
<para>Occupational health and safety officer, training officer and organiser, Shop Distributive and Allied Employees' Association.</para>
<para>Sport and Recreation Policy Adviser to the Hon. M Wright, MHA (SA). </para>
</quals.work.pre.parliament>
<electorate>
<title>Electorate</title>
<para>Description: rural.</para>
<para>Location: north and east of Adelaide; it includes the centres of Balaklava, Clare, Craigmore, Elizabeth, Freeling, Gawler, Kapunda, Mallala, Munno Parra, Riverton, Tarlee, Virginia and Williamstown, and parts of Salisbury and Port Wakefield.</para>
<para>Area: 6407 sq km (approx.).</para>
<para>Electors enrolled: 103 455 (at 7.9.13).</para>
<para>Industries: commercial, retail and technology-based industry, defence, Edinburgh RAAF Base, automotive manufacturing, cereal crops, sheep, cattle, market gardens and viticulture.</para>
<para>State electorates: Wakefield includes the South Australian Legislative Assembly electorates of Light and Napier, and parts of Frome, Goyder, Little Para, Ramsay, Schubert, Stuart and Taylor.</para>
</electorate>
</biog.entry>