<biog.entry>
<name.id>HWA</name.id>
<name>RISHWORTH, the Hon. Amanda Louise</name>
<current.mp>Yes</current.mp>
<mp.type>Member</mp.type>
<description>Biography for RISHWORTH, the Hon. Amanda Louise</description>
<doc.date>25/11/2014</doc.date>
<electorate.name>Member for Kingston (SA)</electorate.name>
<source>Parliamentary Library</source>
<state>SA</state>
<party>ALP</party>
<title>Biography for RISHWORTH, the Hon. Amanda Louise</title>
<image>HWA.jpg</image>
<electorate.state.name>Member for Kingston (SA)</electorate.state.name>
<party.name>Australian Labor Party</party.name>
<parliamentary.service>
<title>Parliamentary Service</title>
<para>Elected to the House of Representatives for Kingston, South Australia, 2007, 2010 and 2013. </para>
</parliamentary.service>
<parliamentary.positions>
<title>Parliamentary Positions</title>
<para>Member, Speaker's Panel from 13.3.12 to 14.5.13.</para>
</parliamentary.positions>
<ministerial.appointments>
<title>Ministerial Appointments</title>
<para>Parliamentary Secretary for Sustainability and Urban Water from 25.3.13 to 18.9.13.</para>
<para>Parliamentary Secretary for Disabilities and Carers from 25.3.13 to 18.9.13.</para>
</ministerial.appointments>
<committee.service>
<title>Committee Service</title>
<para>House of Representatives Standing: Communications from 19.2.08 to 19.7.10; Health and Ageing from 19.2.08 to 19.7.10; Health from 4.12.13; Industry, Science and Innovation from 19.2.08 to 19.7.10; Education and Employment from 25.10.10 (Chair from 28.10.10) to 14.5.13.</para>
<para>Joint Standing: Electoral Matters from 25.10.10 to 14.5.13; National Broadband Network from 21.11.11 to 14.8.12; National Disability Insurance Scheme from 4.12.13.</para>
<para>Joint Select: Cyber-Safety from 25.10.10 to 24.6.13.</para>
</committee.service>
<parliamentary.party.positions>
<title>Parliamentary Party Positions</title>
<para>Shadow Parliamentary Secretary for Health from 18.10.13 to 1.7.14.</para>
<para>Member, Opposition Shadow Ministry from 1.7.14. Shadow Assistant Minister for Education and Shadow Assistant Minister for Higher Education from 1.7.14.</para>
</parliamentary.party.positions>
<party.positions>
<title>Party Positions</title>
<para>President, National Young Labor 2000.</para>
<para>Delegate, ALP National Conference 2002, 2004 and 2007.</para>
<para>Member, ALP State Executive (SA) from 2005. </para>
</party.positions>
<personal>
<title>Personal</title>
<para>Born 10.7.1978, Adelaide, SA.</para>
<para>Married.</para>
</personal>
<quals.work.pre.parliament>
<title>Qualifications and Occupation before entering Federal Parliament</title>
<para>BPsych (Flinders), MPsych(Clin) (Adel).</para>
<para>Retail assistant 1994-99.</para>
<para>Swimming instructor 1995-99.</para>
<para>Research assistant 1998-99.</para>
<para>Union representative 2000-05.</para>
<para>Psychologist 2005-07.</para>
<para>Occupational health and safety trainer 2006-07. </para>
</quals.work.pre.parliament>
<electorate>
<title>Electorate</title>
<para>Description: outer metropolitan.</para>
<para>Location: south-western Adelaide; it includes the suburbs of Aldinga Beach, Christie Downs, Christies Beach, Hackham, Hallett Cove, Huntfield Heights, Lonsdale, Maslin Beach, Moana, Morphett Vale, Old Noarlunga, Onkaparinga Hills, Port Noarlunga, Reynella, Seaford, Sellicks Beach, Sheidow Park, Port Willunga, Trott Park and Woodcroft, and parts of Happy Valley.</para>
<para>Area: 171 sq km (approx.).</para>
<para>Electors enrolled: 98 775 (at 7.9.13).</para>
<para>Industries: construction, automotive components manufacturing, desalination, major retailing and various small industries including brickworks, optical lenses, clothing and engineering.</para>
<para>State electorates: Kingston includes the South Australian House of Assembly electorate of Reynell, and parts of Bright, Finniss, Fisher, Kaurna, Mawson and Mitchell.</para>
</electorate>
</biog.entry>