<biog.entry>
<name.id>HWB</name.id>
<name>ZAPPIA, Antonio (Tony)</name>
<current.mp>Yes</current.mp>
<mp.type>Member</mp.type>
<description>Biography for ZAPPIA, Antonio (Tony)</description>
<doc.date>12/12/2013</doc.date>
<electorate.name>Member for Makin (SA)</electorate.name>
<source>Parliamentary Library</source>
<state>SA</state>
<party>ALP</party>
<title>Biography for ZAPPIA, Antonio (Tony)</title>
<image>HWB.JPG</image>
<electorate.state.name>Member for Makin (SA)</electorate.state.name>
<party.name>Australian Labor Party</party.name>
<parliamentary.service>
<title>Parliamentary Service</title>
<para>Elected to the House of Representatives for Makin, South Australia, 2007, 2010 and 2013. </para>
</parliamentary.service>
<committee.service>
<title>Committee Service</title>
<para>House of Representatives Standing: Climate Change, Water, Environment and the Arts from 19.2.08 to 19.7.10; Climate Change, Environment and the Arts from 25.10.10 to 5.8.13; Environment from 4.12.13; Education and Training from 19.2.08 to 19.7.10; Agriculture and Industry from 4.12.13.</para>
<para>Joint Statutory: Australian Commission for Law Enforcement Integrity from 25.10.10.</para>
<para>Joint Standing: Migration from 18.2.08; Human Rights from 13.2.13 to 5.8.13.</para>
<para>Joint Select: Cyber-Safety from 25.10.10 to 24.6.13; Constitutional Recognition of Local Government from 26.11.12 to 13.3.13; Broadcasting Legislation from 14.3.13 to 24.6.13.</para>
</committee.service>
<parliamentary.party.positions>
<title>Parliamentary Party Positions</title>
<para>Shadow Parliamentary Secretary for Manufacturing from 18.10.13.</para>
</parliamentary.party.positions>
<personal>
<title>Personal</title>
<para>Born 13.6.1952, Italy.</para>
<para>Married. </para>
</personal>
<quals.work.pre.parliament>
<title>Qualifications and Occupation before entering Federal Parliament</title>
<para>Bank officer 1969-76.</para>
<para>Research assistant to Senator the Hon. JL Cavanagh 1976-81.</para>
<para>Fitness centre manager 1981-2007.</para>
</quals.work.pre.parliament>
<local.gov.service>
<title>Local Government Service</title>
<para>Councillor, City of Salisbury; Mayor 1997-2007.</para>
</local.gov.service>
<electorate>
<title>Electorate</title>
<para>Description: outer metropolitan.</para>
<para>Location: north-eastern Adelaide; it includes the suburbs of Banksia Park, Fairview Park, Golden Grove, Greenwith, Gulfview Heights, Ingle Farm, Mawson Lakes, Modbury, Para Hills, Para Vista, Pooraka, Redwood Park, Ridgehaven, Salisbury East, Salisbury Heights, St Agnes, Surrey Downs, Tea Tree Gully, Valley View, Vista, Walkley Heights, Wynn Vale and Yatala Vale, and parts of Gepps Cross and Hope Valley.</para>
<para>Area: 130 sq km (approx.).</para>
<para>Electors enrolled: 102 817 (at 7.9.13).</para>
<para>Industries: light manufacturing, commercial and retail industry, wineries, horse studs, hobby farming, poultry, brick making and tourism.</para>
<para>State electorates: Makin includes the South Australian House of Assembly electorates of Playford and Wright, and parts of Florey, Little Para, Newland, Port Adelaide and Ramsay.</para>
</electorate>
</biog.entry>