<biog.entry>
<name.id>HWE</name.id>
<name>SIMPKINS, Luke Xavier Linton</name>
<current.mp>Yes</current.mp>
<mp.type>Member</mp.type>
<description>Biography for SIMPKINS, Luke Xavier Linton</description>
<doc.date>05/06/2015</doc.date>
<electorate.name>Cowan</electorate.name>
<source>Parliamentary Library</source>
<state>WA</state>
<party>LP</party>
<title>Biography for SIMPKINS, Luke Xavier Linton</title>
<image>HWE.jpg</image>
<electorate.state.name>Member for Cowan (WA)</electorate.state.name>
<party.name>Liberal Party of Australia</party.name>
<parliamentary.service>
<title>Parliamentary Service</title>
<para>Elected to the House of Representatives for Cowan, Western Australia, 2007, 2010 and 2013. </para>
</parliamentary.service>
<committee.service>
<title>Committee Service</title>
<para>House of Representatives Standing: Petitions from 11.3.08 to 30.11.09; Family, Community, Housing and Youth from 30.11.09 to 19.7.10.</para>
<para>Joint Statutory: Australian Commission for Law Enforcement Integrity from 25.10.10 to 5.8.13.</para>
<para>Joint Standing: Treaties from 11.3.08 to 19.7.10; National Capital and External Territories from 25.10.10 (Chair from 12.12.13); Foreign Affairs, Defence and Trade from 4.12.13 to 22.9.14.</para>
</committee.service>
<party.positions>
<title>Party Positions</title>
<para>Member, Liberal Party Cowan Division from 2003. </para>
</party.positions>
<personal>
<title>Personal</title>
<para>Born 8.6.1964, Sydney, NSW.</para>
</personal>
<quals.work.pre.parliament>
<title>Qualifications and Occupation before entering Federal Parliament</title>
<para>BA (NSW).</para>
<para>Graduate Certificate in Security Management (Edith Cowan).</para>
<para>Federal policeman 1986-87.</para>
<para>Army officer 1988-2002 (see Military service below).</para>
<para>Security consultant 2003-04 and 2007.</para>
<para>Ministerial adviser 2005-06. </para>
</quals.work.pre.parliament>
<military.service>
<title>Military Service</title>
<para>Cadet, Royal Military College 1988-89.</para>
<para>Officer, Royal Australian Corps of Military Police 1989-2002. </para>
</military.service>
<electorate>
<title>Electorate</title>
<para>Description: outer metropolitan.</para>
<para>Location: north of Perth; it includes the suburbs of Alexander Heights, Ashby, Ballajura, Cullacabardee, Darch, Girrawheen, Gnangara, Greenwood, Hocking, Jandabup, Kingsley, Koondoola, Landsdale, Madeley, Malaga, Marangaroo, Pearsall, Sinagra, Tapping, Wangara, Wanneroo, Warwick and Woodvale, and parts of Banksia Grove and Mariginiup.</para>
<para>Area: 180 sq km (approx.).</para>
<para>Electors enrolled: 95 477 (at 7.9.13).</para>
<para>Industries: retail and service industries, with some light industry, market gardens and vineyards.</para>
<para>State electorates: Cowan includes the Western Australian Legislative Assembly electorate of Kingsley, and parts of Butler, Girrawheen, Mirrabooka, Wanneroo and West Swan.</para>
</electorate>
</biog.entry>