<biog.entry>
<name.id>HWG</name.id>
<name>DREYFUS, the Hon. Mark Alfred, QC</name>
<current.mp>Yes</current.mp>
<mp.type>Member</mp.type>
<description>Biography for DREYFUS, the Hon. Mark Alfred, QC</description>
<doc.date>05/06/2015</doc.date>
<electorate.name>Member for Isaacs (Vic)</electorate.name>
<source>Parliamentary Library</source>
<state>VIC</state>
<party>ALP</party>
<title>Biography for DREYFUS, the Hon. Mark Alfred, QC</title>
<image>HWG.JPG</image>
<electorate.state.name>Member for Isaacs (Vic)</electorate.state.name>
<party.name>Australian Labor Party</party.name>
<parliamentary.service>
<title>Parliamentary Service</title>
<para>Elected to the House of Representatives for Isaacs, Victoria, 2007, 2010 and 2013.</para>
</parliamentary.service>
<ministerial.appointments>
<title>Ministerial Appointments</title>
<para>Cabinet Secretary from 14.9.10 to 4.2.13.
</para>
<para>Parliamentary Secretary for Climate Change and Energy Efficiency from 14.9.10 to 4.2.13.
</para>
<para>Parliamentary Secretary for Industry and Innovation from 14.12.11 to 4.2.13.
</para>
<para>Attorney-General from 4.2.13 to 18.9.13.
</para>
<para>Minister for Emergency Management from 4.2.13 to 18.9.13.</para>
<para>Special Minister of State from 25.3.13 to 18.9.13.</para>
<para>Minister for the Public Service and Integrity from 25.3.13 to 18.9.13.</para>
</ministerial.appointments>
<committee.service>
<title>Committee Service</title>
<para>House of Representatives Standing: Climate Change, Water, Environment and the Arts from 19.2.08 to 19.7.10; Legal and Constitutional Affairs from 19.2.08 (Chair from 13.3.08) to 19.7.10; Environment from 4.12.13; Social Policy and Legal Affairs from 4.12.13.
</para>
<para>Joint Statutory: Intelligence and Security from 12.3.08 to 19.7.10 and from 26.11.14. </para>
</committee.service>
<parliamentary.party.positions>
<title>Parliamentary Party Positions</title>
<para>Member, Opposition Shadow Ministry from 14.10.13. Shadow Attorney-General and Shadow Minister for the Arts from 18.10.13.</para>
<para>Deputy Manager of Opposition Business in the House from 18.10.13.</para>
</parliamentary.party.positions>
<party.positions>
<title>Party Positions</title>
<para>Member, ALP from 1979.</para>
<para>President, ALP Collingwood Branch 1985.</para>
<para>Chair, ALP Panel of Review (Vic.) 1998.</para>
<para>Chair, ALP National Policy Committee 2008-09. </para>
</party.positions>
<personal>
<title>Personal</title>
<para>Born 3.10.1956, Perth, WA.</para>
<para>Married. </para>
</personal>
<quals.work.pre.parliament>
<title>Qualifications and Occupation before entering Federal Parliament</title>
<para>BA, LLB (Melb).</para>
<para>Field officer, Northern Land Council, Darwin 1979-81.</para>
<para>Research Fellow, National Research Institute of Gerontology and Geriatric Medicine 1982.</para>
<para>Solicitor 1982-85.</para>
<para>Ministerial adviser to the State Attorney-General, State Minister for Planning and State Minister for Corrections (Vic.) 1985-87.</para>
<para>Barrister 1987-2007.</para>
<para>Appointed Queen's Counsel 1999. </para>
</quals.work.pre.parliament>
<electorate>
<title>Electorate</title>
<para>Description: outer metropolitan.</para>
<para>Location: south-eastern Melbourne; it includes the suburbs of Aspendale, Aspendale Gardens, Bonbeach, Braeside, Carrum, Chelsea, Chelsea Heights, Dandenong South, Edithvale, Keysborough, Mordialloc, Parkdale, Patterson Lakes and Waterways, and parts of Carrum Downs, Lyndhurst, Mentone, Noble Park and Skye.</para>
<para>Area: 166 sq km (approx.).</para>
<para>Electors enrolled: 97 897 (at 7.9.13).</para>
<para>Industries: light manufacturing.</para>
<para>State electorates: Isaacs includes parts of the Victorian Legislative Assembly electorates of Carrum, Dandenong, Keysborough, Mordialloc and Sandringham.</para>
</electorate>
</biog.entry>