<biog.entry>
<name.id>HWL</name.id>
<name>CLARE, the Hon. Jason Dean</name>
<current.mp>Yes</current.mp>
<mp.type>Member</mp.type>
<description>Biography for CLARE, the Hon. Jason Dean</description>
<doc.date>08/12/2014</doc.date>
<electorate.name>Member for Blaxland (NSW)</electorate.name>
<source>Parliamentary Library</source>
<state>NSW</state>
<party>ALP</party>
<title>Biography for CLARE, the Hon. Jason Dean</title>
<image>HWL.jpg</image>
<electorate.state.name>Member for Blaxland (NSW)</electorate.state.name>
<party.name>Australian Labor Party</party.name>
<parliamentary.service>
<title>Parliamentary Service</title>
<para>Elected to the House of Representatives for Blaxland, New South Wales, 2007, 2010 and 2013.</para>
</parliamentary.service>
<ministerial.appointments>
<title>Ministerial Appointments</title>
<para>Parliamentary Secretary for Employment from 9.6.09 to 14.9.10.
</para>
<para>Minister for Defence Materiel from 14.9.10 to 14.12.11 and from 5.3.12 to 4.2.13.
</para>
<para>Minister for Home Affairs from 14.12.11 to 18.9.13.
</para>
<para>Minister for Justice from 14.12.11 to 18.9.13.
</para>
<para>Cabinet Secretary from 4.2.13 to 1.7.13.</para>
</ministerial.appointments>
<committee.service>
<title>Committee Service</title>
<para>House of Representatives Standing: Education and Training from 19.2.08 to 15.6.09; Infrastructure, Transport, Regional Development and Local Government from 19.2.08 to 15.6.09. </para>
<para>Joint Statutory: Australian Commission for Law Enforcement Integrity from 18.2.08 to 15.6.09; Intelligence and Security from 26.12.14. </para>
</committee.service>
<parliamentary.party.positions>
<title>Parliamentary Party Positions</title>
<para>Member, Opposition Shadow Ministry from 14.10.13. Shadow Minister for Communications from 18.10.13.</para>
</parliamentary.party.positions>
<party.positions>
<title>Party Positions</title>
<para>Member, ALP from 1991.</para>
<para>Secretary, ALP Cabramatta Branch 1992-2001. </para>
</party.positions>
<personal>
<title>Personal</title>
<para>Born 22.3.1972, Sydney, NSW.</para>
<para>Single. </para>
</personal>
<quals.work.pre.parliament>
<title>Qualifications and Occupation before entering Federal Parliament</title>
<para>BA(Hons), LLB (UNSW).</para>
<para>Policy Adviser to the Minister for Police and Leader of the House (NSW), the Hon. PFP Whelan, MLA 1995-99.</para>
<para>Senior Policy Adviser to the Premier of NSW, the Hon. RJ Carr, MLA 1999-2003.</para>
<para>Manager, Corporate Relations, Transurban 2003-07. </para>
</quals.work.pre.parliament>
<electorate>
<title>Electorate</title>
<para>Description: inner metropolitan.
</para>
<para>Location: south western Sydney; it includes the suburbs of Bass Hill, Birrong, Carramar, Chester Hill, Condell Park, Fairfield East, Georges Hall, Guildford West, Old Guildford, Lansdowne, Potts Hill, Regents Park, Sefton, Villawood, Woodpark, Yagoona, Yennora, and parts of Auburn, Bankstown, Berala, Fairfield, Granville, Guildford, Merrylands, Smithfield and South Granville.
</para>
<para>Area: 62 sq km (approx.).
</para>
<para>Electors enrolled: 100 261 (at 7.9.13).
</para>
<para>Industries: railway workshops, aircraft repairs, transport and storage industries.
</para>
<para>State electorates: Blaxland includes parts of the New South Wales Legislative Assembly electorates of Auburn, Bankstown, East Hills, Fairfield and Granville.</para>
</electorate>
</biog.entry>