<biog.entry>
<name.id>HWN</name.id>
<name>COULTON, Mark Maclean</name>
<current.mp>Yes</current.mp>
<mp.type>Member</mp.type>
<description>Biography for COULTON, Mark Maclean</description>
<doc.date>25/02/2015</doc.date>
<electorate.name>Parkes</electorate.name>
<source>Parliamentary Library</source>
<state>NSW</state>
<party>NP</party>
<title>Biography for COULTON, Mark Maclean</title>
<image>HWN.JPG</image>
<electorate.state.name>Member for Parkes (NSW)</electorate.state.name>
<party.name>Nationals</party.name>
<parliamentary.service>
<title>Parliamentary Service</title>
<para>Elected to the House of Representatives for Parkes, New South Wales, 2007, 2010 and 2013.</para>
</parliamentary.service>
<committee.service>
<title>Committee Service</title>
<para>House of Representatives Standing: Health and Ageing from 11.3.08 to 3.2.10 and from 25.10.10 to 5.8.13; Publications from 11.3.08 to 19.7.10 and from 4.12.13 (Chair from 4.12.13); Selection from 30.9.10 to 9.2.12 and from 13.3.12; Appropriations and Administration from 4.12.13.</para>
<para>Joint Statutory: Broadcasting of Parliamentary Proceedings from 25.10.10.</para>
<para>Joint Standing: Foreign Affairs, Defence and Trade from 22.2.10 to 19.7.10.</para>
<para>Joint Select: Constitutional Recognition of Local Government from 26.11.12 to 13.3.13.</para>
</committee.service>
<parliamentary.party.positions>
<title>Parliamentary Party Positions</title>
<para>Party Whip, The Nationals from 14.9.10.</para>
<para>Shadow Parliamentary Secretary for Ageing and the Voluntary Sector from 6.12.07 to 22.9.08; Shadow Parliamentary Secretary for Water and Conservation from 20.1.09 to 8.12.09; Shadow Parliamentary Secretary for Regional Development and Emerging Trade Markets from 8.12.09 to 14.9.10.</para>
</parliamentary.party.positions>
<personal>
<title>Personal</title>
<para>Born 3.2.1958, Sydney, NSW.</para>
<para>Married. </para>
</personal>
<quals.work.pre.parliament>
<title>Qualifications and Occupation before entering Federal Parliament</title>
<para>Farmer and grazier. </para>
</quals.work.pre.parliament>
<local.gov.service>
<title>Local Government Service</title>
<para>Mayor, Gwydir Shire Council 2004-07. </para>
</local.gov.service>
<electorate>
<title>Electorate</title>
<para>Description: rural.
</para>
<para>Location: north-west of New South Wales; it includes the towns of Bingara, Bourke, Brewarrina, Cobar, Condobolin, Coonabarabran, Coonamble, Dubbo, Gilgandra, Gulgong, Lake Cargelligo, Lightning Ridge, Moree, Mudgee, Mungindi, Narrabri, Narromine, Nyngan, Walgett, Warialda, Warren and Wellington.
</para>
<para>Area: 256 643 sq km (approx.).
</para>
<para>Electors enrolled: 101 936 (at 7.9.13).</para>
<para>Industries: Wool, beef, pork, wheat, cotton, oil seed crops, lucerne, fruit, vegetables, dairy cattle, horse, sheep and cattle studs, comprehensive agricultural support services, coal and opal mining, timber, wine growing, light engineering and construction industries.
</para>
<para>State electorates: Parkes includes the New South Wales Legislative Assembly electorate of Dubbo, and parts of Barwon, Bathurst, Northern Tablelands, Tamworth and Upper Hunter.</para>
</electorate>
</biog.entry>