<biog.entry>
<name.id>HWP</name.id>
<name>MARINO, Nola Bethwyn</name>
<current.mp>Yes</current.mp>
<mp.type>Member</mp.type>
<description>Biography for MARINO, Nola Bethwyn</description>
<doc.date>12/12/2013</doc.date>
<electorate.name>Member for Forrest (WA)</electorate.name>
<source>Parliamentary Library</source>
<state>WA</state>
<party>LP</party>
<title>Biography for MARINO, Nola Bethwyn</title>
<image>HWP.jpg</image>
<electorate.state.name>Member for Forrest (WA)</electorate.state.name>
<party.name>Liberal Party of Australia</party.name>
<parliamentary.service>
<title>Parliamentary Service</title>
<para>Elected to the House of Representatives for Forrest, Western Australia, 2007, 2010 and 2013. </para>
</parliamentary.service>
<committee.service>
<title>Committee Service</title>
<para>House of Representatives Standing: House from 11.3.08 to 19.7.10; Climate Change, Water, Environment and the Arts from 10.11.08 to 19.7.10; Climate Change, Environment and the Arts from 25.10.10 to 5.8.13; Environment from 4.12.13; Communications from 4.6.09 to 19.7.10; Infrastructure and Communications from 4.12.13; Selection from 30.9.10 to 22.3.11 and from 23.5.11 to 25.5.11; Appropriations and Administration from 25.10.10 to 5.8.13.</para>
<para>Joint Select: Cyber-Safety from 28.3.11 to 24.6.13; DisabilityCare Australia from 19.6.13 to 5.8.13.</para>
</committee.service>
<parliamentary.party.positions>
<title>Parliamentary Party Positions</title>
<para>Deputy Opposition Whip from 12.2.08 to 5.8.13.</para>
<para>Government Whip from 18.9.13.</para>
</parliamentary.party.positions>
<party.positions>
<title>Party Positions</title>
<para>Vice-President and President, Liberal Party Harvey Branch 1991-95 and 2006. </para>
</party.positions>
<other.positions>
<title>Other Positions</title>
<para>Convener, IPU Australia-South and Central Asia Parliamentary Network.</para>
</other.positions>
<personal>
<title>Personal</title>
<para>Born 18.2.1954, Harvey, WA.</para>
<para>Married. </para>
</personal>
<quals.work.pre.parliament>
<title>Qualifications and Occupation before entering Federal Parliament</title>
<para>Administration and secretarial duties 1971-72.</para>
<para>Small business owner from 1972. </para>
</quals.work.pre.parliament>
<honours>
<title>Honours</title>
<para>ABC Regional Rural Woman of the Year  (WA South West Region) 1996.</para>
<para>Premiers Australia Day Active Citizenship Award (WA) 2004. </para>
</honours>
<electorate>
<title>Electorate</title>
<para>Description: rural.</para>
<para>Location: south west Western Australia; it includes the centres of Augusta, Australind, Bunbury, Busselton, Capel, Collie, Donnybrook, Dunsborough, Eaton, Harvey, Margaret River, Nannup and Yallingup.
</para>
<para>Area: 12 781 sq km (approx.).

</para>
<para>Electors enrolled: 96 933 (at 7.9.13).</para>
<para>Industries: agriculture (beef and dairy cattle, sheep, fruit and vegetables, wine, flowers), forestry, mining (coal and mineral sands), fisheries, manufacturing, commerce and tourism.</para>
<para>State electorates: Forrest includes the Western Australian Legislative Assembly electorates of Bunbury, Collie-Preston and Vasse, and parts of Murray-Wellington and Warren-Blackwood.</para>
</electorate>
</biog.entry>