<biog.entry>
<name.id>HWQ</name.id>
<name>MARLES, the Hon. Richard Donald</name>
<current.mp>Yes</current.mp>
<mp.type>Member</mp.type>
<description>Biography for MARLES, the Hon. Richard Donald</description>
<doc.date>05/08/2014</doc.date>
<electorate.name>Member for Corio (Vic)</electorate.name>
<source>Parliamentary Library</source>
<state>VIC</state>
<party>ALP</party>
<title>Biography for MARLES, the Hon. Richard Donald</title>
<image>HWQ.JPG</image>
<electorate.state.name>Member for Corio (Vic)</electorate.state.name>
<party.name>Australian Labor Party</party.name>
<parliamentary.service>
<title>Parliamentary Service</title>
<para>Elected to the House of Representatives for Corio, Victoria, 2007, 2010 and 2013.</para>
</parliamentary.service>
<ministerial.appointments>
<title>Ministerial Appointments</title>
<para>Parliamentary Secretary for Innovation and Industry from 9.6.09 to 14.9.10.</para>
<para>Parliamentary Secretary for Pacific Island Affairs from 14.9.10 to 22.3.13.</para>
<para>Parliamentary Secretary for Foreign Affairs from 5.3.12 to 22.3.13.</para>
<para>Minister for Trade from 1.7.13 to 18.9.13.</para>
</ministerial.appointments>
<committee.service>
<title>Committee Service</title>
<para>House of Representatives Standing: Aboriginal and Torres Strait Islander Affairs from 19.2.08 (Chair from 13.3.08) to 15.6.09; Economics from 19.2.08 to 15.6.09; Employment and Workplace Relations from 19.2.08 to 15.6.09.</para>
<para>Joint Standing: Foreign Affairs, Defence and Trade from 14.5.13; Treaties from 14.5.13 (Chair from 14.5.13) to 5.8.13.</para>
<para>Joint Select: DisabilityCare Australia from 19.6.13 to 5.8.13.</para>
</committee.service>
<parliamentary.party.positions>
<title>Parliamentary Party Positions</title>
<para>Member, Opposition Shadow Ministry from 14.10.13. Shadow Minister for Immigration and Border Protection from 18.10.13.</para>
</parliamentary.party.positions>
<party.positions>
<title>Party Positions</title>
<para>Delegate, ALP National Conference, 2004, 2007, 2009 and 2011.</para>
<para>Member, ALP International Projects 2006-09.</para>
</party.positions>
<personal>
<title>Personal</title>
<para>Born 13.7.1967, Melbourne, Vic.</para>
<para>Married. </para>
</personal>
<quals.work.pre.parliament>
<title>Qualifications and Occupation before entering Federal Parliament</title>
<para>BSc, LLB(Hons) (Melb).</para>
<para>Solicitor 1993-94.</para>
<para>Federal Legal Officer, Transport Workers' Union of Australia (TWU) 1994-98; Federal Assistant Secretary 1998-2000.</para>
<para>Assistant Secretary, Australian Council of Trade Unions (ACTU) 2000-07. </para>
</quals.work.pre.parliament>
<electorate>
<title>Electorate</title>
<para>Description: provincial.</para>
<para>Location: south-west of Melbourne; it includes the city of Geelong and the centres of Avalon, Bell Park, Bell Post Hill, Breakwater, Corio, Curlewis, Drysdale, Hamlyn Heights, Herne Hill, Lara, Lovely Banks, Manifold Heights, Moolap, Newcomb, Norlane, North Shore, Portarlington, Rippleside, St Albans Park, St Leonards and Whittington, and parts of Anakie, Batesford, Clifton Springs, Fyansford, Leopold, Newtown and Thomson.</para>
<para>Area: 989 sq km (approx.).
</para>
<para>Electors enrolled: 101 210 (at 7.9.13).</para>
<para>Industries: stevedoring, vehicle manufacturing plant, meat processing, aluminium smelter, petroleum refinery, woollen mills, saltworks, poultry and mussel farming, fishing, wood chipping, wool scouring, fertiliser refining, tourism, tannery, carpet, clothing, shoes, chemical production and aeronautical services.</para>
<para>State electorates: Corio includes the Victorian Legislative Assembly electorate of Lara, and parts of Bellarine and Geelong.</para>
</electorate>
</biog.entry>