<biog.entry>
<name.id>HWR</name.id>
<name>PARKE, the Hon. Melissa</name>
<current.mp>Yes</current.mp>
<mp.type>Member</mp.type>
<description>Biography for PARKE, the Hon. Melissa</description>
<doc.date>05/06/2015</doc.date>
<electorate.name>Fremantle (WA)</electorate.name>
<source>Parliamentary Library</source>
<state>WA</state>
<party>ALP</party>
<title>Biography for PARKE, the Hon. Melissa</title>
<image>HWR.JPG</image>
<electorate.state.name>Member for Fremantle (WA)</electorate.state.name>
<party.name>Australian Labor Party</party.name>
<parliamentary.service>
<title>Parliamentary Service</title>
<para>Elected to the House of Representatives for Fremantle, Western Australia, 2007, 2010 and 2013. </para>
</parliamentary.service>
<ministerial.appointments>
<title>Ministerial Appointments</title>
<para>Parliamentary Secretary for Mental Health from 4.2.13 to 1.7.13.</para>
<para>Parliamentary Secretary for Homelessness and Social Housing from 4.2.13 to 1.7.13.</para>
<para>Minister for International Development from 1.7.13 to 18.9.13.</para>
</ministerial.appointments>
<committee.service>
<title>Committee Service</title>
<para>House of Representatives Standing: Health from 4.12.13 to 18.3.14.
</para>
<para>Joint Statutory: Australian Commission for Law Enforcement Integrity from 18.2.08 (Chair from 26.8.08) to 6.2.13; Human Rights from 14.3.12 to 13.2.13.</para>
<para>Joint Standing: Foreign Affairs, Defence and Trade from 18.2.08 to 5.2.13 and from 3.9.14 to 10.2.15; Treaties from 18.2.08 to 6.2.13 and from 4.12.13.</para>
</committee.service>
<parliamentary.party.positions>
<title>Parliamentary Party Positions</title>
<para>Member, Opposition Shadow Ministry from 14.10.13 to 19.2.14. Shadow Assistant Minister for Health from 18.10.13 to 19.2.14.</para>
</parliamentary.party.positions>
<party.positions>
<title>Party Positions</title>
<para>Member, ALP from 1995.</para>
<para>Member and Chair, International Party Development Committee, ALP National Executive 2008-10. </para>
</party.positions>
<personal>
<title>Personal</title>
<para>Born 11.8.1966, Bunbury, WA.</para>
</personal>
<quals.work.pre.parliament>
<title>Qualifications and Occupation before entering Federal Parliament</title>
<para>BBus (Curtin), LLB (UNSW), LLM (Murdoch).</para>
<para>GradDipLegalPrac (Sydney University of Technology).</para>
<para>Solicitor, private law firms 1992-94.</para>
<para>Solicitor in Charge, Bunbury Community Legal Centre 1994-97.</para>
<para>Lecturer, School of Law, Murdoch University 1999.</para>
<para>Senior International Lawyer, United Nations (Kosovo, Gaza, Lebanon, Cyprus, New York) 1999-2007.</para>
</quals.work.pre.parliament>
<electorate>
<title>Electorate</title>
<para>Description: inner metropolitan.</para>
<para>Location: south-west of Perth; it includes the city of Fremantle and the suburbs of Attadale, Atwell, Aubin Grove, Banjup, Beaconsfield, Beeliar, Bibra Lake, Bicton, Cockburn Central, Coogee, Coolbellup, Hamilton Hill, Hammond Park, Henderson, Hilton, Jandakot, Kardinya, Munster, North Lake, Palmyra, Samson, South Lake, Spearwood, Success, Wattleup, White Gum Valley, Willagee and Yangebup. It also includes Rottnest Island.
</para>
<para>Area: 199 sq km (approx.).
</para>
<para>Electors enrolled: 100 902 (at 7.9.13).</para>
<para>Industries: smallgoods, ship building, market gardens, brewing, hospitality, tourism and fishing.
</para>
<para>State electorates: Fremantle includes the Western Australian Legislative Assembly electorates of Cockburn and Fremantle, and parts of Alfred Cove, Bateman, Cottesloe, Jandakot and Willagee.</para>
</electorate>
</biog.entry>