<biog.entry>
<name.id>HWS</name.id>
<name>RAMSEY, Rowan Eric</name>
<current.mp>Yes</current.mp>
<mp.type>Member</mp.type>
<description>Biography for RAMSEY, Rowan Eric</description>
<doc.date>25/02/2015</doc.date>
<electorate.name>Grey</electorate.name>
<source>Parliamentary Library</source>
<state>SA</state>
<party>LP</party>
<title>Biography for RAMSEY, Rowan Eric</title>
<image>HWS.jpg</image>
<electorate.state.name>Member for Grey (SA)</electorate.state.name>
<party.name>Liberal Party of Australia</party.name>
<parliamentary.service>
<title>Parliamentary Service</title>
<para>Elected to the House of Representatives for Grey, South Australia, 2007, 2010 and 2013.</para>
</parliamentary.service>
<parliamentary.positions>
<title>Parliamentary Positions</title>
<para>Member, Speaker's Panel from 9.3.10.</para>
</parliamentary.positions>
<committee.service>
<title>Committee Service</title>
<para>House of Representatives Standing: Industry, Science and Innovation from 11.3.08 to 19.7.10; Employment and Workplace Relations from 10.11.08 to 19.7.10; Education and Employment from 25.10.10 to 5.8.13; Agriculture and Industry from 4.12.13 (Chair from 9.12.14); Indigenous Affairs from 4.12.13.</para>
<para>Joint Standing: Migration from 25.10.10 to 5.8.13.</para>
</committee.service>
<party.positions>
<title>Party Positions</title>
<para>Delegate, Liberal Party State Council (SA) from 1998.</para>
<para>President, Liberal Party Grey Federal Electoral Council 2000-04.</para>
<para>President, Liberal Party Giles State Electoral Council from 2005.</para>
<para>President, Liberal Party Kimba Branch 1999-2004. </para>
</party.positions>
<personal>
<title>Personal</title>
<para>Born 4.8.1956, Kimba, SA.</para>
<para>Married. </para>
</personal>
<quals.work.pre.parliament>
<title>Qualifications and Occupation before entering Federal Parliament</title>
<para>Farmer.</para>
<para>Chair, Kimba District Hospital 1988-95.</para>
<para>Chair, Eyre Peninsula Hospitals Association 1992-95.</para>
<para>Chair, Eyre Peninsula Agricultural Research Foundation. </para>
</quals.work.pre.parliament>
<electorate>
<title>Electorate</title>
<para>Description: rural.</para>
<para>Location: a large electorate covering most of rural South Australia apart from south-east corner; it includes the centres of Burra, Ceduna, Coober Pedy, Eudunda, Kadina, Maitland, Orroroo, Peterborough, Port Augusta, Port Lincoln, Port Pirie, Roxby Downs and Whyalla.</para>
<para>Area: 904 881 sq km (approx.).</para>
<para>Electors enrolled: 100 758 (at 7.9.13).</para>
<para>Industries: lead smelting, steel industry, tourism, fishing, oil, gas, opals, jade, iron ore, uranium, wheat, cattle, wool, forestry, salt and slate.</para>
<para>State electorates: Grey includes the South Australian House of Assembly electorates of Flinders and Giles, and parts of Frome, Goyder and Stuart.
</para>
</electorate>
</biog.entry>