<biog.entry>
<name.id>HWT</name.id>
<name>ROBERT, the Hon. Stuart Rowland</name>
<current.mp>Yes</current.mp>
<mp.type>Member</mp.type>
<description>Biography for ROBERT, the Hon. Stuart Rowland</description>
<doc.date>12/12/2013</doc.date>
<electorate.name>Member for Fadden (Qld)</electorate.name>
<source>Parliamentary Library</source>
<state>QLD</state>
<party>LP</party>
<title>Biography for ROBERT, the Hon. Stuart Rowland</title>
<image>HWT.jpg</image>
<electorate.state.name>Member for Fadden (Qld)</electorate.state.name>
<party.name>Liberal Party of Australia</party.name>
<parliamentary.service>
<title>Parliamentary Service</title>
<para>Elected to the House of Representatives for Fadden, Queensland, 2007, 2010 and 2013. </para>
</parliamentary.service>
<ministerial.appointments>
<title>Ministerial Appointments</title>
<para>Assistant Minister for Defence from 18.9.13.</para>
</ministerial.appointments>
<committee.service>
<title>Committee Service</title>
<para>Joint Statutory: Corporations and Financial Services from 11.3.08 to 19.7.10; Public Accounts and Audit from 11.3.08 to 3.2.10.</para>
<para>Joint Standing: Foreign Affairs, Defence and Trade from 11.3.08 to 5.8.13. </para>
</committee.service>
<parliamentary.party.positions>
<title>Parliamentary Party Positions</title>
<para>Shadow Parliamentary Secretary for Defence from 8.12.09 to 14.9.10.</para>
<para>Member, Opposition Shadow Ministry from 14.9.10 to 18.9.13. Shadow Minister for Defence, Science, Technology and Personnel from 14.9.10 to 18.9.13.</para>
</parliamentary.party.positions>
<party.positions>
<title>Party Positions</title>
<para>Secretary, Liberal Party Fadden Federal Electorate Council 2005-08.</para>
<para>Chair, Liberal Party Labrador-Parkwood Branch 2007-08.</para>
</party.positions>
<personal>
<title>Personal</title>
<para>Born 11.12.1970, Cranbourne, Vic.</para>
<para>Married. </para>
</personal>
<quals.work.pre.parliament>
<title>Qualifications and Occupation before entering Federal Parliament</title>
<para>BA(Hons) (UNSW - ADFA), MBA (Central Queensland), MIT (QUT).</para>
<para>Graduate Diploma in Information Analysis.</para>
<para>Army officer.</para>
<para>Chief Executive Officer, GMT Recruitment 1999-2007.</para>
</quals.work.pre.parliament>
<local.gov.service>
<title>Local Government Service</title>
<para>Member, Gold Coast City Council Finance Board.</para>
</local.gov.service>
<publications>
<title>Publications</title>
<para>The trial of Lt Gen Tamura - a question of command responsibility, self-published, 1992.</para>
<para>Hope - The Watoto Journey, self-published, 2006. </para>
</publications>
<military.service>
<title>Military Service</title>
<para>Army officer 1988-99.
</para>
<para>Deployed to Bougainville 1998 with the Peace Monitoring Group.
</para>
<para>Australian Service Medal (Bougainville Clasp).
</para>
<para>Australian Defence Medal.</para>
</military.service>
<electorate>
<title>Electorate</title>
<para>Description: outer metropolitan.</para>
<para>Location: south east Queensland; it includes the suburbs of Alberton, Arundel, Biggera Waters, Coombabah, Coomera, Gaven, Gilberton, Helensvale, Hollywell, Hope Island, Jacobs Well, Labrador, Molendinar, Norwell, Paradise Point, Parkwood, Runaway Bay, Stapylton, Steiglitz, Woongoolba and parts of Ormeau, Oxenford, Pacific Pines, Pimpama and Southport. It also includes South Stradbroke Island.</para>
<para>Area: 395 sq km (approx.).</para>
<para>Electors enrolled: 91 759 (at 7.9.13).</para>
<para>Industries: tourism, market gardens, sugar cane farming, and light industry including boat building.</para>
<para>State electorates: Fadden includes the Queensland Legislative Assembly electorate of Broadwater, and parts of Albert, Coomera, Gaven and Southport.</para>
</electorate>
</biog.entry>