<biog.entry>
<name.id>HX4</name.id>
<name>KATTER, the Hon. Robert (Bob) Carl</name>
<current.mp>Yes</current.mp>
<mp.type>Member</mp.type>
<description>Biography for KATTER, the Hon. Robert (Bob) Carl</description>
<doc.date>17/04/2015</doc.date>
<electorate.name>Member for Kennedy (Qld)</electorate.name>
<source>Parliamentary Library</source>
<state>QLD</state>
<party>KAP</party>
<title>Biography for KATTER, the Hon. Robert (Bob) Carl</title>
<image>HX4.jpg</image>
<electorate.state.name>Member for Kennedy (Qld)</electorate.state.name>
<party.name>Katter's Australian Party</party.name>
<parliamentary.service>
<title>Parliamentary Service</title>
<para>State: elected to the Queensland Legislative Assembly for Flinders from 7.12.1974. Retired 25.8.1992.</para>
<para>Federal: elected to the House of Representatives for Kennedy, Queensland, 1993, 1996, 1998, 2001, 2004, 2007, 2010 and 2013 (National Party of Australia to 8.7.01; Independent from 8.7.01 to 27.9.11; Katter's Australian Party from 27.9.11).</para>
</parliamentary.service>
<ministerial.appointments>
<title>Ministerial Appointments</title>
<para>State: Minister for Northern Development and Aboriginal and Islander Affairs (Qld) from November 1983 to December 1987.</para>
<para>Minister for Northern Development, Community Services and Ethnic Affairs (Qld)  from December 1987 to January 1989.</para>
<para>Minister for Community Services and Ethnic Affairs (Qld) from January 1989 to August 1989.</para>
<para>Minister for Mines and Energy (Qld) from September 1989 to December 1989.</para>
<para>Minister for Northern and Regional Development (Qld) from September 1989 to December 1989.</para>
</ministerial.appointments>
<committee.service>
<title>Committee Service</title>
<para>House of Representatives Standing: Aboriginal and Torres Strait Islander Affairs from 29.5.96 to 7.8.01 and from 11.3.08 to 23.11.09; Primary Industries, Resources and Rural and Regional Affairs from 29.9.97 to 31.8.98; Primary Industries and Regional Services from 8.12.98 to 7.8.01; Employment, Education and Workplace Relations from 8.12.98 to 1.6.00; Industry and Resources from 2.12.04 to 17.10.07.</para>
</committee.service>
<party.positions>
<title>Party Positions</title>
<para>Branch President, Young Nationals.</para>
<para>Delegate, State Conference 1968-73.</para>
<para>Delegate, Central Council.</para>
<para>Chair, National Party Water Resources Committee (Qld).</para>
</party.positions>
<personal>
<title>Personal</title>
<para>Born 22.5.1945, Cloncurry, Qld.</para>
<para>Married.</para>
</personal>
<quals.work.pre.parliament>
<title>Qualifications and Occupation before entering Federal Parliament</title>
<para>MLA, Queensland (see Parliamentary service above).</para>
<para>Labourer; insurance, small mining and cattle interests.</para>
</quals.work.pre.parliament>
<military.service>
<title>Military Service</title>
<para>Second Lieutenant, CMF.</para>
</military.service>
<electorate>
<title>Electorate</title>
<para>Description: rural.</para>
<para>Location: central Queensland; it includes the centres of Atherton, Babinda, Camooweal, Charters Towers, Cloncurry, Georgetown, Gordonvale, Hughenden, Ingham, Innisfail, Mareeba, Mount Isa, Normanton and Tully.
</para>
<para>Area: 568 993 sq km (approx.).
</para>
<para>Electors enrolled: 96 393 (at 7.9.13).
</para>
<para>Industries: mainly primary production including grains, beef cattle, cotton, coal mining, gemstones, sheep, sugar, agricultural services, copper, gold, silver, tin, lead, zinc, uranium, fishing, marble, tobacco, fruit and vegetables, peanuts, dairy products and tourism.</para>
<para>State electorates: Kennedy includes parts of the Queensland Legislative Assembly electorates of Barron River, Burdekin, Cook, Dalrymple, Hinchinbrook, Mount Isa, Mulgrave and Thuringowa.</para>
</electorate>
</biog.entry>