<biog.entry>
<name.id>HYM</name.id>
<name>IRONS, Stephen (Steve) James</name>
<current.mp>Yes</current.mp>
<mp.type>Member</mp.type>
<description>Biography for IRONS, Stephen (Steve) James</description>
<doc.date>25/02/2015</doc.date>
<electorate.name>Swan</electorate.name>
<source>Parliamentary Library</source>
<state>WA</state>
<party>LP</party>
<title>Biography for IRONS, Stephen (Steve) James</title>
<image>HYM.jpg</image>
<electorate.state.name>Member for Swan (WA)</electorate.state.name>
<party.name>Liberal Party of Australia</party.name>
<parliamentary.service>
<title>Parliamentary Service</title>
<para>Elected to the House of Representatives for Swan, Western Australia, 2007, 2010 and 2013. </para>
</parliamentary.service>
<parliamentary.positions>
<title>Parliamentary Positions</title>
<para>Member, Speaker's Panel from 12.2.15. </para>
</parliamentary.positions>
<committee.service>
<title>Committee Service</title>
<para>House of Representatives Standing: Communications from 11.3.08 to 4.6.09; Education and Training from 11.3.08 to 19.7.10; Publications from 11.3.08 to 5.8.13; Health and Ageing from 10.11.08 to 5.8.13; Health from 4.12.13 (Chair from 11.2.14); Procedure from 25.10.10 to 5.8.13.</para>
<para>Joint Standing: Parliamentary Library from 4.12.13; National Disability Insurance Scheme from 19.3.14.</para>
<para>Joint Select: Constitutional Recognition of Local Government from 26.11.12 to 13.3.13. </para>
<para>Joint Statutory: Australian Commission for Law Enforcement Integrity from 12.2.15. </para>
</committee.service>
<party.positions>
<title>Party Positions</title>
<para>Vice-President, Liberal Party Swan Division.</para>
<para>President, Liberal Party South Perth Branch. </para>
</party.positions>
<personal>
<title>Personal</title>
<para>Born 1.9.1958, Melbourne, Vic.</para>
</personal>
<quals.work.pre.parliament>
<title>Qualifications and Occupation before entering Federal Parliament</title>
<para>Company director.</para>
<para>Road operator.</para>
<para>Apprentice electrician. </para>
</quals.work.pre.parliament>
<electorate>
<title>Electorate</title>
<para>Description: inner metropolitan.
</para>
<para>Location: south-eastern Perth; it includes the suburbs of Ascot, Beckenham, Belmont, Bentley, Burswood, Cannington, Carlisle, Cloverdale, Como, East Cannington, East Victoria Park, Ferndale, Karawara, Kensington, Kewdale, Langford, Lathlain, Lynward, Manning, Queens Park, Redcliffe, Rivervale, Salter Point, St James, South Perth, Victoria Park, Waterford, Welshpool and Wilson. 
</para>
<para>Area: 126 sq km (approx.).
</para>
<para>Electors enrolled: 95 234 (at 7.9.13).</para>
<para>Industries: light industry, commercial and retail trade, transport including trucking, railway marshalling yards and Perth international and domestic airport terminals.
</para>
<para>State electorates: Swan includes the Western Australian Legislative Assembly electorates of South Perth and Victoria Park, and parts of Belmont, Cannington, Forrestfield and Riverton.</para>
</electorate>
</biog.entry>