<biog.entry>
<name.id>HZB</name.id>
<name>BILYK, Catryna Louise</name>
<current.mp>Yes</current.mp>
<mp.type>Senator</mp.type>
<description>Biography for BILYK, Catryna Louise</description>
<doc.date>08/12/2014</doc.date>
<electorate.name>
</electorate.name>
<source>Parliamentary Library</source>
<state>TAS</state>
<party>ALP</party>
<title>Biography for BILYK, Catryna Louise</title>
<image>HZB.JPG</image>
<electorate.state.name>Senator for Tasmania</electorate.state.name>
<party.name>Australian Labor Party</party.name>
<parliamentary.service>
<title>Parliamentary Service</title>
<para>Elected to the Senate for Tasmania 2007 (term began 1.7.2008) and 2013.</para>
</parliamentary.service>
<committee.service>
<title>Committee Service</title>
<para>Senate Standing: Library from 1.7.08 to 11.11.13; Senators' Interests from 1.7.08 (Chair from 14.11.13); Privileges from 30.9.10 to 1.7.11; Selection of Bills from 12.11.13; Publications from 8.7.14 (Deputy Chair from 17.7.14).</para>
<para>Senate Legislative and General Purpose Standing: Community Affairs from 1.7.08 to 14.5.09; Community Affairs: References Committee from 1.7.14; Education, Employment and Workplace Relations from 16.3.09 to 14.5.09; Education, Employment and Workplace Relations: Legislation Committee from 14.5.09 to 11.11.13 and References Committee from 9.9.09 to 5.7.11; Environment and Communications: Legislation and References Committees from 5.7.11 to 11.11.13; Legal and Constitutional Affairs: Legislation and References Committees from 1.7.14.</para>
<para>Senate Select: Cyber-Safety from 27.6.13 (Chair from 28.6.13) to 30.8.13; National Broadband Network from 1.7.14.</para>
<para>Joint Statutory: Australian Commission for Law Enforcement Integrity from 1.7.14 (Deputy Chair from 17.7.14).</para>
<para>Joint Standing: Migration from 1.7.08 to 5.7.11; Parliamentary Library from 1.7.08 to 5.8.13.</para>
<para>Joint Select: Gambling Reform from 30.9.10 to 27.2.12; Cyber-Safety from 1.7.11 (Chair from 7.7.11) to 24.6.13.
</para>
</committee.service>
<parliamentary.party.positions>
<title>Parliamentary Party Positions</title>
<para>Deputy Opposition Whip in the Senate from 18.10.13.</para>
</parliamentary.party.positions>
<party.positions>
<title>Party Positions</title>
<para>Local ALP Branch Secretary 1994-2007; Local ALP Branch President from 2007.</para>
<para>Member, ALP National Executive 1994-98.</para>
<para>Member, ALP State Administrative Committee (Tas.) 1996-2012.</para>
<para>ALP National Vice-President 2002-04.</para>
<para>Past member, ALP National Social and Community Policy Committee.</para>
<para>Past member, ALP National Security and Trade Policy Committee.</para>
<para>Past National Secretary and Tasmanian Convener, National Labor Women's Network.</para>
</party.positions>
<personal>
<title>Personal</title>
<para>Born 7.2.1959, Hobart, Tas.</para>
<para>Married.</para>
</personal>
<quals.work.pre.parliament>
<title>Qualifications and Occupation before entering Federal Parliament</title>
<para>Mental health researcher/clerical 1976-78.</para>
<para>Medical administration and receptionist 1978-80.</para>
<para>Accounts clerk 1981-83.</para>
<para>Early childhood educator 1983-92.</para>
<para>Industrial officer and trainer, Australian Services Union 1992-2002.</para>
<para>Adviser to the Hon. Dr DM Crean, MLC (Tas.) 2002-04.</para>
<para>Adviser to the Hon. KJ Bacon, MHA (Tas.) 2004-05.</para>
<para>Electorate officer and adviser to the Hon. DE Llewellyn, MHA (Tas.) 2005-07.</para>
</quals.work.pre.parliament>
</biog.entry>