<biog.entry>
<name.id>I07</name.id>
<name>LUDLAM, Scott</name>
<current.mp>Yes</current.mp>
<mp.type>Member</mp.type>
<description>Biography for LUDLAM, Scott</description>
<doc.date>06/05/2015</doc.date>
<electorate.name>
</electorate.name>
<source>Parliamentary Library</source>
<state>WA</state>
<party>AG</party>
<title>Biography for LUDLAM, Scott</title>
<image>I07.JPG</image>
<electorate.state.name>Senator for Western Australia</electorate.state.name>
<party.name>Australian Greens</party.name>
<parliamentary.service>
<title>Parliamentary Service</title>
<para>Elected to the Senate for Western Australia 2007 (term began 1.7.2008) and 2014.</para>
</parliamentary.service>
<parliamentary.positions>
<title>Parliamentary Positions</title>
<para>Temporary Chair of Committees from 13.5.10 to 7.7.14.</para>
</parliamentary.positions>
<committee.service>
<title>Committee Service</title>
<para>Senate Standing: Privileges from 13.10.11; Procedure from 19.6.12 to 14.8.12.</para>
<para>Senate Legislative and General Purpose Standing: Environment, Communications and the Arts from 1.7.08 to 14.5.09; Environment, Communications and the Arts: Legislation and References Committees from 14.5.09 to 27.9.10; Environment and Communications: Legislation and References Committees from 30.9.10 to 5.7.11; Foreign Affairs, Defence and Trade from 4.9.08 to 14.5.09; Foreign Affairs, Defence and Trade: Legislation and References Committees from 14.5.09 to 11.11.13 and from 7.7.14; Legal and Constitutional Affairs: Legislation and References Committees from 14.5.09 to 5.7.11.</para>
<para>Senate Select: National Broadband Network from 10.2.09 to 17.6.10 and from 14.11.13; Reform of the Australian Federation from 21.6.10 to 30.6.11; Abbott Government's Budget Cuts from 3.12.14.</para>
<para>Joint Standing: Treaties from 4.9.08 to 7.7.14; Foreign Affairs, Defence and Trade from 26.11.08 to 5.8.13; National Broadband Network from 21.3.11 to 5.8.13.</para>
<para>Joint Select: Cyber-Safety from 17.3.10 to 24.6.13; Broadcasting Legislation from 14.3.13 to 24.6.13.</para>
</committee.service>
<conf.delegations.visits>
<title>Conferences, Delegations and Visits</title>
<para>Member, Parliamentary Delegation to Timor-Leste, August 2009.</para>
<para>Member, Parliamentary Delegation to China and Hong Kong, November 2009.</para>
</conf.delegations.visits>
<parliamentary.party.positions>
<title>Parliamentary Party Positions</title>
<para>Co-Deputy Leader of the Australian Greens from 6.5.15.</para>
<para>Australian Greens portfolios: Broadband, Communications and Digital Economy, Housing, Nuclear, Mining (Western Australia), Transport, Infrastructure, Waste and Sustainable Cities, Burma, Assisting on Defence from 1.7.11 to 1.7.12; Broadband, Communications and the Digital Economy, Burma, Heritage, Housing, Infrastructure, Mining (WA), Nuclear, Sustainable Cities, Assisting on Defence, Assisting on National Security from 1.7.12 to 11.11.13; Broadband, Communications and the Digital Economy, Housing, Nuclear, Infrastructure, Heritage and Sustainable Cities, Assisting Defence Materiel, Assisting on Resources and Energy from 11.11.13 to 1.7.14; Broadband, Communications and the Digital Economy, Defence, Housing and Sustainable Cities, Nuclear from 1.7.14. to 25.5.15; Foreign Affairs, Broadband, Communications and Digital Economy, Housing and Sustainable Cities, Nuclear from 25.5.15.</para>
</parliamentary.party.positions>
<personal>
<title>Personal</title>
<para>Born 10.1.1970, Palmerston North, New Zealand.</para>
</personal>
<quals.work.pre.parliament>
<title>Qualifications and Occupation before entering Federal Parliament</title>
<para>BA Design (Curtin University), GradDip Policy Studies (Murdoch).</para>
<para>Graphic designer.</para>
<para>Research officer.</para>
<para>Electorate officer to Senator RM Siewert.</para>
</quals.work.pre.parliament>
</biog.entry>