<biog.entry>
<name.id>I0M</name.id>
<name>CASH, the Hon. Michaelia Clare</name>
<current.mp>Yes</current.mp>
<mp.type>Senator</mp.type>
<description>Biography for CASH, the Hon. Michaelia Clare</description>
<doc.date>05/01/2015</doc.date>
<electorate.name>
</electorate.name>
<source>Parliamentary Library</source>
<state>WA</state>
<party>LP</party>
<title>Biography for CASH, the Hon. Michaelia Clare</title>
<image>I0M.JPG</image>
<electorate.state.name>Senator for Western Australia</electorate.state.name>
<party.name>Liberal Party of Australia</party.name>
<parliamentary.service>
<title>Parliamentary Service</title>
<para>Elected to the Senate for Western Australia 2007 (term began 1.7.2008) and 2013.</para>
</parliamentary.service>
<parliamentary.positions>
<title>Parliamentary Positions</title>
<para>Temporary Chair of Committees from 2.2.10 to 28.9.10.</para>
</parliamentary.positions>
<ministerial.appointments>
<title>Ministerial Appointments</title>
<para>Assistant Minister for Immigration and Border Protection from 18.9.13.
</para>
<para>Minister Assisting the Prime Minister for Women from 18.9.13.</para>
</ministerial.appointments>
<committee.service>
<title>Committee Service</title>
<para>Senate Standing: Regulations and Ordinances from 2.2.10 to 7.2.13.</para>
<para>Senate Legislative and General Purpose Standing: Education, Employment and Workplace Relations from 1.7.08 to 14.5.09; Education, Employment and Workplace Relations: Legislation Committee from 14.5.09 (Deputy Chair from 2.2.10) to 23.8.11 and References Committees from 14.5.09 (Chair from 2.2.10) to 23.8.11.</para>
<para>Senate Select: Men's Health from 3.2.09 to 12.5.09; Climate Policy from 17.3.09 to 15.6.09.</para>
<para>Joint Statutory: Australian Commission for Law Enforcement Integrity from 16.3.12 to 5.8.13.</para>
<para>Joint Standing: Treaties from 1.7.08 to 7.7.11; Migration from 1.7.11 to 5.8.13.</para>
<para>Joint Select: Christmas Island Tragedy from 3.3.11 to 29.6.11; Australia's Immigration Detention Network from 22.6.11 to 30.3.12.</para>
</committee.service>
<parliamentary.party.positions>
<title>Parliamentary Party Positions</title>
<para>Shadow Parliamentary Secretary for Immigration from 14.9.10 to 18.9.13; Shadow Parliamentary Secretary for the Status of Women from 14.9.10 to 18.9.13.</para>
<para>Deputy Manager of Opposition Business in the Senate from 19.9.12 to 5.8.13.
</para>
</parliamentary.party.positions>
<party.positions>
<title>Party Positions</title>
<para>Member, Liberal Party (WA) from 1988.</para>
<para>Member, Curtin University Liberal Executive 1988-90. </para>
<para>Member, Young Liberal Movement (WA) Executive from 1990 (State Council Delegate, Policy Vice-President and Secretary).</para>
<para>State Councillor, Liberal Party (WA) 2000-07.</para>
<para>Vice-President, Liberal Party (WA) Moore Division 2000-01.</para>
<para>Secretary, Liberal Party (WA) Moore Division 2002-04.</para>
<para>President, Liberal Party (WA) Whitfords Branch 2003-08.</para>
<para>President, Liberal Party (WA) Moore Division 2004-07.</para>
<para>Member, Liberal Party (WA) State Executive 2004-07.</para>
</party.positions>
<personal>
<title>Personal</title>
<para>Born 19.7.1970, Subiaco, WA.</para>
<para>Married.</para>
</personal>
<quals.work.pre.parliament>
<title>Qualifications and Occupation before entering Federal Parliament</title>
<para>LLB(Hons) (London).</para>
<para>BA (Curtin University of Technology).</para>
<para>Graduate Diploma in Legal Practice (University of Western Australia).</para>
<para>Solicitor (Senior Associate), Freehills 1999-2008.</para>
</quals.work.pre.parliament>
</biog.entry>