<biog.entry>
<name.id>I0O</name.id>
<name>FEENEY, the Hon. David Ian</name>
<current.mp>Yes</current.mp>
<mp.type>Member</mp.type>
<description>Biography for FEENEY, the Hon. David Ian</description>
<doc.date>26/06/2014</doc.date>
<electorate.name>Member for Batman (Vic)</electorate.name>
<source>Parliamentary Library</source>
<state>VIC</state>
<party>ALP</party>
<title>Biography for FEENEY, the Hon. David Ian</title>
<image>I0O.JPG</image>
<electorate.state.name>Member for Batman (Vic)</electorate.state.name>
<party.name>Australian Labor Party</party.name>
<parliamentary.service>
<title>Parliamentary Service</title>
<para>Elected to the Senate for Victoria 2007 (term began 1.7.2008). Resigned 12.8.2013.</para>
<para>Elected to the House of Representatives for Batman, Victoria, 2013.</para>
</parliamentary.service>
<ministerial.appointments>
<title>Ministerial Appointments</title>
<para>Parliamentary Secretary for Defence from 14.9.10 to 18.9.13.</para>
</ministerial.appointments>
<committee.service>
<title>Committee Service</title>
<para>Senate Standing: Publications from 1.7.08 to 27.9.10; Privileges from 12.5.10 to 27.9.10.</para>
<para>Senate Legislative and General Purpose Standing: Foreign Affairs, Defence and Trade from 1.7.08 to 14.5.09; Legal and Constitutional Affairs from 1.7.08 to 14.5.09; Legal and Constitutional Affairs: Legislation and References Committees from 14.5.09 to 27.9.10.</para>
<para>Senate Select: Climate Policy from 18.3.09 to 15.6.09.</para>
<para>Joint Statutory: Public Accounts and Audit from 1.7.08 to 19.7.10.</para>
<para>Joint Standing: Electoral Matters from 15.9.09 to 26.10.10; Foreign Affairs, Defence and Trade from 4.12.13.</para>
</committee.service>
<parliamentary.party.positions>
<title>Parliamentary Party Positions</title>
<para>Member, Opposition Shadow Ministry from 14.10.13. Shadow Minister for Justice and Shadow Assistant Minister for Defence from 18.10.13; Shadow Minister for Veterans? Affairs and Shadow Minister for the Centenary of ANZAC from 1.7.14.</para>
</parliamentary.party.positions>
<party.positions>
<title>Party Positions</title>
<para>Member, ALP Administrative Committee (Vic.) 1994-2002.</para>
<para>Caucus Secretary, Federal Parliamentary Labor Party 2008-10.</para>
</party.positions>
<personal>
<title>Personal</title>
<para>Born 5.3.1970, Adelaide, SA.</para>
<para>Married.</para>
</personal>
<quals.work.pre.parliament>
<title>Qualifications and Occupation before entering Federal Parliament</title>
<para>MPPM (Monash).</para>
<para>Federal Industrial Officer, Transport Workers' Union 1994-98.</para>
<para>ALP State Secretary and Campaign Director (Vic.) 1999-2002.</para>
<para>Director of Strategy, Office of the Premier of Victoria, the Hon. SP Bracks, MLA 2003-04.</para>
<para>ALP Campaign Director (SA) 2005-06.</para>
<para>ALP Assistant National Secretary 2005-08.</para>
</quals.work.pre.parliament>
<electorate>
<title>Electorate</title>
<para>Description: inner metropolitan.</para>
<para>Location: north eastern Melbourne; it includes the suburbs of Alphington, Clifton Hill, Fairfield, Kingsbury, Northcote, Preston, Reservoir and Thornbury, and parts of Bundoora, Coburg North, Macleod and Thomastown.</para>
<para>Area: 66 sq km (approx.).</para>
<para>Electors enrolled: 103 239 (at 7.9.13).</para>
<para>Industries: retail, light engineering, textiles, clothing and footwear.</para>
<para>State electorates: Batman includes the Victorian Legislative Assembly electorates of Northcote and Preston, and parts of Richmond and Thomastown.</para>
</electorate>
</biog.entry>