<biog.entry>
<name.id>I0Q</name.id>
<name>RYAN, the Hon. Scott Michael</name>
<current.mp>Yes</current.mp>
<mp.type>Senator</mp.type>
<description>Biography for RYAN, the Hon. Scott Michael</description>
<doc.date>05/01/2015</doc.date>
<electorate.name>
</electorate.name>
<source>Parliamentary Library</source>
<state>VIC</state>
<party>LP</party>
<title>Biography for RYAN, the Hon. Scott Michael</title>
<image>I0Q.JPG</image>
<electorate.state.name>Senator for Victoria</electorate.state.name>
<party.name>Liberal Party of Australia</party.name>
<parliamentary.service>
<title>Parliamentary Service</title>
<para>Elected to the Senate for Victoria 2007 (term began 1.7.2008) and 2013.</para>
</parliamentary.service>
<parliamentary.positions>
<title>Parliamentary Positions</title>
<para>Temporary Chair of Committees from 15.6.09 to 28.9.10.</para>
</parliamentary.positions>
<ministerial.appointments>
<title>Ministerial Appointments</title>
<para>Parliamentary Secretary to the Minister for Education from 18.9.13 to 23.12.14.</para>
<para>Parliamentary Secretary to the Minister for Education and Training from 23.12.14.</para>
</ministerial.appointments>
<committee.service>
<title>Committee Service</title>
<para>Senate Standing: Regulations and Ordinances from 18.11.10 to 11.11.13.</para>
<para>Senate Legislative and General Purpose Standing: Finance and Public Administration from 1.7.08 to 14.5.09; Finance and Public Administration: References Committee from 14.5.09 (Chair from 1.2.10) to 27.9.10 and from 1.7.11 to 11.11.13 and Legislation Committee from 14.5.09 (Deputy Chair from 5.2.10) to 27.9.10 and from 7.7.11 to 11.11.13.</para>
<para>Senate Select: Reform of the Australian Federation from 11.5.10 to 30.6.11; Australia's Food Processing Sector from 16.6.11 to 16.8.12.</para>
<para>Joint Standing: Electoral Matters from 24.6.09 to 5.8.13.</para>
</committee.service>
<parliamentary.party.positions>
<title>Parliamentary Party Positions</title>
<para>Shadow Parliamentary Secretary for Small Business and Fair Competition from 14.9.10 to 18.9.13.</para>
</parliamentary.party.positions>
<party.positions>
<title>Party Positions</title>
<para>Delegate, State Council.
</para>
<para>Delegate, Federal Council 2007.</para>
<para>Member, Liberal Party Futures Committee 2007-10.</para>
<para>Honorary Life Member and President (1994), Melbourne University Liberal Club.</para>
<para>Patron and Honorary Life Member, Australian Liberal Students' Federation. 
</para>
<para>Member, Liberal Party (Vic.) from 1990.</para>
<para>Member, Administrative Committee 2005-07; Vice-President (Metropolitan Male) 2006-07.</para>
<para>Chair, Constitutional Committee 2004-08.</para>
</party.positions>
<personal>
<title>Personal</title>
<para>Born 12.5.1973, Brisbane, Qld.</para>
<para>Married.</para>
</personal>
<quals.work.pre.parliament>
<title>Qualifications and Occupation before entering Federal Parliament</title>
<para>BA (Hons)(Melb.).</para>
<para>Tutor, Dept of Political Science, University of Melbourne 1998-99.</para>
<para>Dept of Industry, Tourism and Resources 1999.</para>
<para>Office of the Leader of the Opposition (Vic.) 2000-02.</para>
<para>GlaxoSmithKline Australia 2002-07.</para>
<para>Consultant 2007-08.</para>
<para>Research Fellow, Institute of Public Affairs 2007-08.</para>
</quals.work.pre.parliament>
</biog.entry>