<biog.entry>
<name.id>I0U</name.id>
<name>HANSON-YOUNG, Sarah Coral</name>
<current.mp>Yes</current.mp>
<mp.type>Senator</mp.type>
<description>Biography for HANSON-YOUNG, Sarah Coral</description>
<doc.date>25/05/2015</doc.date>
<electorate.name>Senator for South Australia</electorate.name>
<source>Parliamentary Library</source>
<state>SA</state>
<party>AG</party>
<title>Biography for HANSON-YOUNG, Sarah Coral</title>
<image>I0U.JPG</image>
<electorate.state.name>Senator for South Australia</electorate.state.name>
<party.name>Australian Greens</party.name>
<parliamentary.service>
<title>Parliamentary Service</title>
<para>Elected to the Senate for South Australia 2007 (term began 1.7.2008) and 2013.</para>
</parliamentary.service>
<committee.service>
<title>Committee Service</title>
<para>Senate Standing: Senator's Interests from 12.11.13.</para>
<para>Senate Legislative and General Purpose Standing: Legal and Constitutional Affairs from 1.7.08 to 14.5.09; Finance and Public Administration from 16.9.08 to 14.5.09; Education, Employment and Workplace Relations: Legislation and References Committees from 14.5.09 to 5.7.11.</para>
<para>Joint Statutory: Corporations and Financial Services from 11.10.11 to 27.2.12.</para>
<para>Joint Standing: Migration from 27.8.08; Foreign Affairs, Defence and Trade from 4.12.08 to 5.8.13; National Capital and External Territories from 2.12.13.</para>
<para>Joint Select: Christmas Island Tragedy from 3.3.11 to 29.6.11; Australia's Immigration Detention Network from 16.6.11 to 30.3.12; Recent Allegations relating to Conditions and Circumstances at the Regional Processing Centre in Nauru from 26.03.15. </para>
</committee.service>
<parliamentary.party.positions>
<title>Parliamentary Party Positions</title>
<para>Australian Greens Party Room Chair from 1.7.11.</para>
<para>Australian Greens Portfolios: Immigration and Citizenship, Consumer Affairs, Water and the Murray-Darling Basin, Human Rights, Gay, Lesbian, Bisexual, Transgender and Intersex Issues, Youth, Childhood Education and Care, Tibet from 1.7.11 to 1.7.12; Consumer Affairs, Human Rights, Immigration and Citizenship, Gay, Lesbian, Bisexual, Transgender and Intersex Issues, Murray Darling Basin, Tibet, Water from 1.7.12 to 11.11.13; Immigration and Citizenship, Consumer Affairs, Water and the Murray Darling Basin, Human Rights, Gay, Lesbian, Bisexual, Transgender and Intersex Issues, Youth, Early Childhood Education and Care from 11.11.13 to 1.7.14; Early Childhood Education and Care, Immigration and Citizenship, Lesbian, Bisexual, Transgender and Intersex Issues and Marriage Equality from 1.7.14 to 25.5.15; Immigration and Citizenship, Early Childhood Education and Care; Youth from 25.5.15.</para>
</parliamentary.party.positions>
<party.positions>
<title>Party Positions</title>
<para>Delegate, Australian Greens State Council (SA).</para>
<para>Delegate, Australian Greens National Council and Conference 2005-08.</para>
<para>Convener, Young Greens 2005-07.</para>
<para>State Secretary, Australian Greens (SA) 2006.</para>
<para>Communications and media officer, Australian Greens (SA) 2006.</para>
</party.positions>
<personal>
<title>Personal</title>
<para>Born 23.12.1981, Melbourne, Vic.</para>
<para>Married.</para>
</personal>
<quals.work.pre.parliament>
<title>Qualifications and Occupation before entering Federal Parliament</title>
<para>BSocSci (Adel).</para>
<para>Customer service, Adelaide Central Markets 2000-03.</para>
<para>Environment Officer, Students' Association of the University of Adelaide 2001-02.</para>
<para>President, Students' Association of the University of Adelaide 2003.</para>
<para>Bank teller, BankSA 2004.</para>
<para>Campaign manager (SA/NT), Amnesty International 2004-08.</para>
<para>Freelance writer and columnist from 2007.</para>
</quals.work.pre.parliament>
</biog.entry>