<biog.entry>
<name.id>IJ4</name.id>
<name>SNOWDON, the Hon. Warren Edward</name>
<current.mp>Yes</current.mp>
<mp.type>Member</mp.type>
<description>Biography for SNOWDON, the Hon. Warren Edward</description>
<doc.date>12/12/2013</doc.date>
<electorate.name>Member for Lingiari (NT)</electorate.name>
<source>Parliamentary Library</source>
<state>NT</state>
<party>ALP</party>
<title>Biography for SNOWDON, the Hon. Warren Edward</title>
<image>IJ4.jpg</image>
<electorate.state.name>Member for Lingiari (NT)</electorate.state.name>
<party.name>Australian Labor Party</party.name>
<parliamentary.service>
<title>Parliamentary Service</title>
<para>Elected to the House of Representatives for the Northern Territory, 1987, 1990 and 1993. Defeated at general elections 1996. Re-elected 1998.</para>
<para>Re-elected following the 2000 electoral redistribution for Lingiari, Northern Territory, 2001, 2004, 2007, 2010 and 2013.</para>
</parliamentary.service>
<ministerial.appointments>
<title>Ministerial Appointments</title>
<para>Parliamentary Secretary to the Minister for Transport and Communications from 4.4.90 to 27.5.92.
</para>
<para>Parliamentary Secretary to the Minister for Employment, Education and Training from 27.5.92 to 11.3.96.
</para>
<para>Parliamentary Secretary to the Minister for Environment, Sport and Territories from 14.4.93 to 23.12.93 and from 25.3.94 to 11.3.96.
</para>
<para>Parliamentary Secretary (Territories) from 23.12.93 to 25.3.94.
</para>
<para>Minister for Defence Science and Personnel from 3.12.07 to 9.6.09 and from 14.9.10 to 18.9.13.
</para>
<para>Minister  for Indigenous Health, Rural and Regional Health and Regional Services Delivery from 9.6.09 to 14.9.10.
</para>
<para>Minister for Veterans' Affairs from 14.9.10 to 18.9.13.
</para>
<para>Minister for Indigenous Health from 14.9.10 to 18.9.13.
</para>
<para>Minister Assisting the Prime Minister on the Centenary of ANZAC from 3.3.11 to 18.9.13.
</para>
</ministerial.appointments>
<committee.service>
<title>Committee Service</title>
<para>House of Representatives Standing: Aboriginal Affairs from 8.10.87 to 4.5.92 (Chair from 6.4.89 to 19.2.90); Aboriginal and Torres Strait Islander Affairs from 4.5.92 to 8.2.93 and from 8.12.98 to 17.10.07; Indigenous Affairs from 4.12.13; Selection from 16.2.88 to 19.2.90; Privileges from 16.5.90 to 8.2.93 and from 10.5.07 to 17.10.07.</para>
<para>Joint Statutory: Native Title and the Aboriginal and Torres Strait Islander Land Fund from 8.12.98 to 31.8.04.</para>
<para>Joint Standing: Electoral Matters from 21.11.89 to 19.2.90; Foreign Affairs, Defence and Trade from 8.12.98 to 17.10.07; National Capital and External Territories from 8.12.98 to 17.10.07 and from 4.12.13.</para>
<para>Joint Select: Northern Australia from 9.12.13.</para>
</committee.service>
<parliamentary.party.positions>
<title>Parliamentary Party Positions</title>
<para>Shadow Parliamentary Secretary to the Shadow Minister for Regional and Urban Development, Transport and Infrastructure (Northern Australia and the Territories) from 25.11.01 to 23.8.02; Shadow Parliamentary Secretary to the Shadow Minister for Regional Development, Transport, Infrastructure and Tourism (Northern Australia and the Territories) from 23.8.02 to 2.7.03; Shadow Parliamentary Secretary to the Shadow Minister for Urban and Regional Development, Transport and Infrastructure (Northern Australia) from 2.7.03 to 8.12.03; Shadow Parliamentary Secretary to the Shadow Minister for Urban and Regional Development, Transport and Infrastructure (Northern Australia and Reconciliation) from 8.12.03 to 26.10.04; Shadow Parliamentary Secretary for Northern Australia and Indigenous Affairs from 26.10.04 to 3.12.07; Shadow Parliamentary Secretary for External Affairs from 18.10.13; Shadow Parliamentary Secretary for Indigenous Affairs from 18.10.13; Shadow Parliamentary Secretary for Northern Australia from 18.10.13.</para>
</parliamentary.party.positions>
<personal>
<title>Personal</title>
<para>Born 20.3.1950, Canberra, ACT.</para>
</personal>
<quals.work.pre.parliament>
<title>Qualifications and Occupation before entering Federal Parliament</title>
<para>BA (ANU), DipEd (Murdoch).</para>
<para>Senior Project Officer, Central Land Council, Alice Springs 1983-87.</para>
<para>Founding President, Central Australian Regional Trades and Labour Council.</para>
<para>Assistant Secretary, Northern Territory Trades and Labour Council.</para>
<para>Teacher, Commonwealth Teaching Service and Northern Territory Teaching Service 1976-78 and 1981-83.</para>
<para>Researcher, Australian National University 1978-81.</para>
<para>Consultant 1996-98.</para>
</quals.work.pre.parliament>
<publications>
<title>Publications</title>
<para>A Certain Heritage (with Dr HC Coombs and Dr Brandl), Canberra: Centre for Research and Environmental Studies, ANU, 1983.</para>
</publications>
<electorate>
<title>Electorate</title>
<para>Description: rural.</para>
<para>Location: Northern Territory except Darwin; it includes the towns of Alice Springs, Jabiru, Nhulunbuy, Tennant Creek and Yulara, the major Aboriginal communities of Yuendumu, Nguiu (Bathurst Island), Milikapiti (Melville Island), Galiwinku, Wadeye (Port Keats), Lajamanu, Hermannsburg, Angurugu, Yirrkala, Maningrida, Milingimbi, Oenpelli, Warrabri, Bamyili and Ngurkurr. It also includes the Cocos (Keeling) and Christmas Islands.</para>
<para>Area: 1 352 371 sq km (approx.), the second largest electorate in Australia.</para>
<para>Electors enrolled: 65 916 (at 7.9.13).</para>
<para>Industries: cattle, tourism, horticulture, fishing, light industry, bauxite, copper, gold and uranium mining.</para>
<para>Territory electorates: Lingiari includes the Northern Territory Legislative Assembly electorates of Arafura, Araluen, Arnhem, Barkly, Braitling, Daly, Goyder, Greatorex, Katherine, Namatjira, Nhulunbuy, Stuart and parts of Drysdale and Nelson.</para>
</electorate>
</biog.entry>