<biog.entry>
<name.id>ING</name.id>
<name>GALLAGHER, Katy</name>
<current.mp>Yes</current.mp>
<mp.type>Senator</mp.type>
<description>Biography for GALLAGHER, Katherine (Katy) Ruth</description>
<doc.date>16/04/2015</doc.date>
<electorate.name>
</electorate.name>
<source>Parliamentary Library</source>
<state>ACT</state>
<party>ALP</party>
<title>Biography for GALLAGHER, Katherine (Katy) Ruth</title>
<image>ING.jpg</image>
<electorate.state.name>Senator for Australian Capital Territory</electorate.state.name>
<party.name>Australian Labor Party</party.name>
<parliamentary.service>
<title>Parliamentary Service</title>
<para>Australian Capital Territory: elected to the Australian Capital Territory Legislative Assembly 2001. Resigned 11.12.2014.
</para>
<para>Federal: chosen by the Legislative Assembly of the Australian Capital Territory on 25.3.2015, under section 44 of the Commonwealth Electoral Act 1918 to represent the Australian Capital Territory in the Senate, vice Senator Kate Lundy (resigned). (Territory Senators serve for the same term as the House of Representatives).</para>
</parliamentary.service>
<ministerial.appointments>
<title>Ministerial Appointments</title>
<para>State: Chief Minister (ACT) from 16.5.11 to 11.12.14.</para>
<para>Deputy Chief Minister (ACT) from 20.4.06 to 15.05.11.</para>
<para>Treasurer (ACT) from 11.11.08 to 30.06.11.</para>
<para>Minister for Health (ACT) from 20.04.06 to 11.12.14. </para>
<para>Minister for Regional Development (ACT) from 9.11.12 to 11.12.14.</para>
<para>Minister for Higher Education (ACT) from 9.11.12 to 11.12.14.</para>
<para>Minister for Territory and Municipal Services (ACT) from 23.11.11 to 8.11.12.</para>
<para>Minister for Community Services (ACT) from 11.11.08 to 9.11.09.</para>
<para>Minister for Women (ACT) from 23.12.02 to 9.11.09.</para>
<para>Minister for Education, Youth and Family Services (ACT) from 23.12.02 to 26.05.04 and Minister for Education and Training (ACT) from 26.05.04 to 20.4.06.
</para>
<para>Minister for Children, Youth and Family Support (ACT) from 26.05.04 to 20.04.06; Minister for Children and Young People (ACT) from 18.04.07 to 5.11.08. 
</para>
<para>Minister for Disability and Community Services ACT) from 20.04.06 to 5.11.08.</para>
<para>Minister for Industrial Relations (ACT) from 23.12.02 to 20.04.06 and from 10.11.09 to 23.11.11.</para>
<para>Minister for Disability and Community Services (ACT) from 20.04.06 to 5.11.08.</para>
</ministerial.appointments>
<committee.service>
<title>Committee Service</title>
<para>Senate Legislative and General Purpose Standing: Finance and Public Administration Legislation and References from 26.03.15.</para>
<para>Senate Standing: Scrutiny of Bills from 26.03.15.</para>
<para>Joint Standing: National Capital and External Territories from 26.03.15.</para>
<para>Joint Statutory: Public Accounts and Audit from 26.03.15.</para>
</committee.service>
<personal>
<title>Personal</title>
<para>Born 18.3.1970, Canberra, ACT.</para>
</personal>
<quals.work.pre.parliament>
<title>Qualifications and Occupation before entering Federal Parliament</title>
<para>BA (ANU).</para>
<para>Member of ACT Legislative Assembly, 2001-14; Chief Minister from 2011-14.</para>
<para>Organiser, Community and Public Sector Union, 1998-2001. </para>
<para>Community Worker, 1993-98. </para>
</quals.work.pre.parliament>
</biog.entry>