<biog.entry>
<name.id>ING</name.id>
<name>GALLAGHER, Katy</name>
<current.mp>Yes</current.mp>
<mp.type>Senator</mp.type>
<description>Biography for GALLAGHER, Katherine (Katy) Ruth</description>
<doc.date>02/04/2015</doc.date>
<electorate.name>
</electorate.name>
<source>Parliamentary Library</source>
<state>ACT</state>
<party>ALP</party>
<title>Biography for GALLAGHER, Katherine (Katy) Ruth</title>
<image>ING.png</image>
<electorate.state.name>Senator for Australian Capital Territory</electorate.state.name>
<party.name>Australian Labor Party</party.name>
<parliamentary.service>
<title>Parliamentary Service</title>
<para>Australian Capital Territory: elected to the Australian Capital Territory Legislative Assembly 2001. Resigned 11.12.2014.
</para>
<para>Federal: chosen by the Legislative Assembly of the Australian Capital Territory on 25.3.2015, under section 44 of the Commonwealth Electoral Act 1918 to represent the Australian Capital Territory in the Senate, vice Senator Kate Lundy (resigned). (Territory Senators serve for the same term as the House of Representatives).</para>
</parliamentary.service>
<committee.service>
<title>Committee Service</title>
<para>Senate Legislative and General Purpose Standing: Finance and Public Administration Legislation and References from 26.03.15.</para>
<para>Senate Standing: Scrutiny of Bills from 26.03.15.</para>
<para>Joint Standing: National Capital and External Territories from 26.03.15.</para>
<para>Joint Statutory: Public Accounts and Audit from 26.03.15.</para>
</committee.service>
</biog.entry>