<biog.entry>
<name.id>ING</name.id>
<name>GALLAGHER, Katy, Sen</name>
<current.mp>Yes</current.mp>
<mp.type>Senator</mp.type>
<description>Senator for Australian Capital Territory</description>
<doc.date>27/03/2015</doc.date>
<electorate.name>
</electorate.name>
<source>Parliamentary Library</source>
<state>ACT</state>
<party>ALP</party>
<title>Senator for Australian Capital Territory</title>
<image>
</image>
<electorate.state.name>Australian Capital Territory</electorate.state.name>
<party.name>Australian Labor Party</party.name>
<committee.service>
<title>Committee Service</title>
<para>Senate Legislative and General Purpose Standing: Finance and Public Administration Legislation and References from 26.03.15.</para>
<para>Senate Standing: Scrutiny of Bills from 26.03.15.</para>
<para>Joint Standing: National Capital and External Territories from 26.03.15.</para>
<para>Joint Statutory: Public Accounts and Audit from 26.03.15.</para>
</committee.service>
</biog.entry>