<biog.entry>
<name.id>IPZ</name.id>
<name>CHESTER, the Hon. Darren Jeffrey</name>
<current.mp>Yes</current.mp>
<mp.type>Member</mp.type>
<description>Biography for CHESTER, the Hon. Darren Jeffrey</description>
<doc.date>12/12/2013</doc.date>
<electorate.name>Member for Gippsland (Vic)</electorate.name>
<source>Parliamentary Library</source>
<state>VIC</state>
<party>NP</party>
<title>Biography for CHESTER, the Hon. Darren Jeffrey</title>
<image>IPZ.JPG</image>
<electorate.state.name>Member for Gippsland (Vic)</electorate.state.name>
<party.name>Nationals</party.name>
<parliamentary.service>
<title>Parliamentary Service</title>
<para>Elected to the House of Representatives for Gippsland, Victoria at by-election 28.6.2008, vice the Hon. PJ McGauran (resigned). Re-elected 2010 and 2013.</para>
</parliamentary.service>
<ministerial.appointments>
<title>Ministerial Appointments</title>
<para>Parliamentary Secretary to the Minister for Defence from 18.9.13.</para>
</ministerial.appointments>
<committee.service>
<title>Committee Service</title>
<para>House of Representatives Standing: Petitions from 26.8.08 to 5.8.13.</para>
<para>Joint Statutory: Australian Commission for Law Enforcement Integrity from 26.8.08 to 19.7.10.</para>
</committee.service>
<parliamentary.party.positions>
<title>Parliamentary Party Positions</title>
<para>Shadow Parliamentary Secretary for Roads and Regional Transport from 14.9.10 to 18.9.13.</para>
</parliamentary.party.positions>
<party.positions>
<title>Party Positions</title>
<para>State Councillor (Vic.), The Nationals 2002-04.</para>
</party.positions>
<personal>
<title>Personal</title>
<para>Born 13.9.1967, Sale, Vic.</para>
<para>Married.</para>
</personal>
<quals.work.pre.parliament>
<title>Qualifications and Occupation before entering Federal Parliament</title>
<para>Newspaper and television journalist 1986-98.</para>
<para>Self-employed marketing consultant 1998-2002.</para>
<para>Executive Officer, Champions of the Bush 2002-04.</para>
<para>Chief of Staff, PJ Ryan, MLA (Vic.) 2004-08.</para>
</quals.work.pre.parliament>
<electorate>
<title>Electorate</title>
<para>Description: rural.</para>
<para>Location: eastern Victoria; it includes the towns of Bairnsdale, Churchill, Heyfield, Lakes Entrance, Maffra, Morwell, Orbost, Rosedale, Sale, Stratford, Traralgon and Yarram.</para>
<para>Area: 33 054 sq km (approx.).</para>
<para>Electors enrolled: 99 573 (at 7.9.13).</para>
<para>Industries: beef, dairy, sheep and vegetable farming, cropping, sawmilling and forestry, fishing, tourism, oil, gas and electricity, correctional and defence services, including the RAAF Base at East Sale.</para>
<para>State electorates: Gippsland includes the Victorian Legislative Assembly electorate of Gippsland East, and parts of Gippsland South and Morwell.</para>
</electorate>
</biog.entry>