<biog.entry>
<name.id>J7Q</name.id>
<name>BACK, Dr Christopher John</name>
<current.mp>Yes</current.mp>
<mp.type>Senator</mp.type>
<description>Biography for BACK, Dr Christopher John</description>
<doc.date>05/06/2015</doc.date>
<electorate.name>
</electorate.name>
<source>Parliamentary Library</source>
<state>WA</state>
<party>LP</party>
<title>Biography for BACK, Dr Christopher John</title>
<image>J7Q.JPG</image>
<electorate.state.name>Senator for Western Australia</electorate.state.name>
<party.name>Liberal Party of Australia</party.name>
<parliamentary.service>
<title>Parliamentary Service</title>
<para>Chosen by the Parliament of Western Australia on 11.3.2009 under section 15 of the Constitution to represent that State in the Senate, vice the Hon. CM Ellison (resigned)(term ended 30.6.2011). Elected 2010 (term began 1.7.2011).</para>
</parliamentary.service>
<parliamentary.positions>
<title>Parliamentary Positions</title>
<para>Temporary Chair of Committees from 7.7.11 to 10.5.12 and from 7.7.14.</para>
</parliamentary.positions>
<committee.service>
<title>Committee Service</title>
<para>Senate Standing: Regulations and Ordinances from 12.3.09 to 2.2.10; Publications from 13.11.13; Appropriations and Staffing from 1.7.14; Library from 1.7.14.</para>
<para>Senate Legislative and General Purpose Standing: Education, Employment and Workplace Relations from 12.3.09 to 14.5.09; Education, Employment and Workplace Relations: References Committee from 14.5.09 (Chair from 25.10.10) to 11.11.13 and Legislation Committee from 2.2.10 to 11.11.13; Education and Employment: Legislation Committee (Chair from 11.2.14) from 13.11.13 to 1.7.14 and References Committees from 13.11.13 to 1.7.14; Foreign Affairs, Defence and Trade: Legislation Committee from 1.7.14 (Chair from 1.7.14) and References Committees from 1.7.14.</para>
<para>Senate Select: Reform of the Australian Federation from 11.5.10 to 30.6.11; School Funding from 11.2.14; Wind Turbines from 27.11.14.</para>
<para>Joint Standing: National Capital and External Territories from 11.2.14; Treaties from 11.2.14; Migration from 1.7.14; Parliamentary Library from 1.7.14.</para>
<para>Joint Select: Gambling Reform from 25.10.10 to 10.5.12.</para>
</committee.service>
<parliamentary.party.positions>
<title>Parliamentary Party Positions</title>
<para>Deputy Opposition Whip in the Senate from 8.5.12 to 18.9.13.</para>
<para>Deputy Government Whip in the Senate from 18.9.13 to 30.6.14.</para>
</parliamentary.party.positions>
<party.positions>
<title>Party Positions</title>
<para>Member, Liberal Party WA State Council 2007-09.</para>
<para>Member, Liberal Party Tangney Division Executive 2006-09.</para>
<para>Member, Liberal Party Mt Pleasant Branch Executive 2006-09.</para>
<para>Member, Liberal Party State Council (WA) 2007-09.</para>
</party.positions>
<personal>
<title>Personal</title>
<para>Born 11.2.1950, Perth, WA.</para>
<para>Married.</para>
</personal>
<quals.work.pre.parliament>
<title>Qualifications and Occupation before entering Federal Parliament</title>
<para>BVSc (Qld).</para>
<para>Curtin University and University of California Faculty 1976-84.</para>
<para>Chief Executive Officer, Rottnest Island Authority 1988-95.</para>
<para>Chief Executive Officer, Bush Fires Board of Western Australia 1995-97.</para>
<para>Managing director, fuel industry retail and distribution 1997-2000.</para>
<para>Business executive, oil and gas industry 2000-08.</para>
</quals.work.pre.parliament>
<military.service>
<title>Military Service</title>
<para>RAAF Queensland University Squadron 1968-71.  </para>
</military.service>
</biog.entry>