<biog.entry>
<name.id>KA5</name.id>
<name>MILNE, Christine Anne</name>
<current.mp>Yes</current.mp>
<mp.type>Senator</mp.type>
<description>Biography for MILNE, Christine Anne</description>
<doc.date>25/05/2015</doc.date>
<electorate.name>Senator for Tasmania</electorate.name>
<source>Parliamentary Library</source>
<state>TAS</state>
<party>AG</party>
<title>Biography for MILNE, Christine Anne</title>
<image>KA5.JPG</image>
<electorate.state.name>Senator for Tasmania</electorate.state.name>
<party.name>Australian Greens</party.name>
<parliamentary.service>
<title>Parliamentary Service</title>
<para>State: Elected to the Tasmanian House of Assembly for Lyons 1989. Defeated 1998.</para>
<para>Federal: Elected to the Senate for Tasmania 2004 (term began 1.7.2005) and 2010.</para>
</parliamentary.service>
<committee.service>
<title>Committee Service</title>
<para>Senate Legislative and General Purpose Standing: Rural and Regional Affairs and Transport: Legislation Committee from 1.7.05 to 11.9.06 and References Committee from 14.5.09 to 11.9.12; Rural and Regional Affairs and Transport from 23.8.08 to 14.5.09.</para>
<para>Senate Select: Agricultural and Related Industries from 14.2.08 to 26.11.09; Climate Policy from 17.3.09 to 15.6.09; Electricity Prices from 23.8.12 to 1.11.12.</para>
<para>Joint Statutory: Corporations and Financial Services from 4.7.11 to 7.7.11; Public Accounts and Audit from 4.7.11 to 7.7.11; Australian Commission for Law Enforcement Integrity from 20.9.12 to 5.8.13.</para>
<para>Joint Select: Parliamentary Budget Office from 23.11.10 to 23.3.11.</para>
</committee.service>
<parliamentary.party.positions>
<title>Parliamentary Party Positions</title>
<para>Federal: Deputy Leader of the Australian Greens from 10.11.08 to 13.4.12.</para>
<para>Leader of the Australian Greens from 13.4.12 to 6.5.15.</para>
<para>State: Parliamentary Leader of the Greens (Tas) 1993-98 (first female leader of a political party in Tasmania).</para>
<para>Australian Greens Portfolios: Climate Change, Resources and Energy, Trade, Finance and Administration, Competition Policy and Small Business, Art, Food Security and Regional Australia from 1.7.11 to 1.7.12; Arts, Climate Change, Defence and National Security, Finance and Administration, Food Security, Foreign Affairs, Forests (Tasmania), Prime Minister and Cabinet, Regional Australia, Resources and Energy, Treasury, Whaling and Antarctica from 1.7.12 to 11.11.13; Prime Minister and Cabinet, Treasury and Finance, Foreign Affairs and Defence, Climate Change, Resources and Energy, Arts, Food Security and Regional Australia, Forests (Tasmania), and Antarctica from 11.11.13 to 1.7.14; Arts, Climate Change, Foreign Affairs, Prime Minister and Cabinet, Treasury from 1.7.14 to 25.5.15.</para>
</parliamentary.party.positions>
<other.positions>
<title>Other Positions</title>
<para>Regional Councillor (Oceania), World Conservation Union (IUCN) from 2000; Vice-President 2005.</para>
</other.positions>
<personal>
<title>Personal</title>
<para>Born 14.5.1953, Latrobe, Tas.</para>
</personal>
<quals.work.pre.parliament>
<title>Qualifications and Occupation before entering Federal Parliament</title>
<para>BA(Hons), CertEduc (Tas).</para>
<para>Secondary school teacher 1975-84.</para>
<para>Environmental activist from 1980: Leader, Wesley Vale Pulp Mill campaign 1988-89; participated in Franklin River blockade 1983 and Tarkine wilderness protest 1995.</para>
<para>Research officer, Australian Bicentennial Historical Records Search 1987-88.</para>
<para>Member, Tasmanian House of Assembly 1989-98 (see Parliamentary service above).</para>
<para>Adviser to Senator RJ Brown 2000-04.</para>
</quals.work.pre.parliament>
<honours>
<title>Honours</title>
<para>Women 88, Australian Bicentennial Award 1988.</para>
<para>Global 500, United Nations Environment Programme 1990.</para>
</honours>
</biog.entry>