<biog.entry>
<name.id>LKU</name.id>
<name>O'DWYER, Kelly Megan</name>
<current.mp>Yes</current.mp>
<mp.type>Member</mp.type>
<description>Biography for O'DWYER, Kelly Megan</description>
<doc.date>25/02/2015</doc.date>
<electorate.name>Higgins</electorate.name>
<source>Parliamentary Library</source>
<state>VIC</state>
<party>LP</party>
<title>Biography for O'DWYER, Kelly Megan</title>
<image>lku.jpg</image>
<electorate.state.name>Member for Higgins (Vic)</electorate.state.name>
<party.name>Liberal Party of Australia</party.name>
<parliamentary.service>
<title>Parliamentary Service</title>
<para>Elected to the House of Representatives for Higgins, Victoria, at by-election 5.12.2009, vice the Hon. PH Costello (resigned). Re-elected 2010 and 2013.</para>
</parliamentary.service>
<ministerial.appointments>
<title>Ministerial Appointments</title>
<para>Parliamentary Secretary to the Treasurer from 23.12.14.</para>
</ministerial.appointments>
<committee.service>
<title>Committee Service</title>
<para>House of Representatives Standing: Employment and Workplace Relations from 10.2.10 to 19.7.10; Legal and Constitutional Affairs from 10.2.10 to 19.7.10; Economics from 25.10.10 (Chair from 3.3.14) to 12.2.15.</para>
<para>Joint Select: Parliamentary Budget Office from 23.11.10 to 23.3.11.</para>
</committee.service>
<party.positions>
<title>Party Positions</title>
<para>Member, Administrative Committee, Liberal Party (Vic.) 2003.</para>
<para>Chairman, Liberal Party Training Programs (Vic.) 2003.</para>
<para>Member, Liberal Party Constitutional Committee (Vic.) 2007-09.</para>
</party.positions>
<other.positions>
<title>Other Positions</title>
<para>Co-founder and Chairman, Parliamentary Friendship Group of Women in Science, Maths and Engineering from 2012.</para>
<para>Chairman, Australia-United States Parliamentary Friendship Group from 2014.</para>
<para>Convener, Australia-Americas Network.</para>
</other.positions>
<personal>
<title>Personal</title>
<para>Born 31.3.1977, Box Hill, Vic.
</para>
<para>Married.</para>
</personal>
<quals.work.pre.parliament>
<title>Qualifications and Occupation before entering Federal Parliament</title>
<para>BA, LLB (Hons)(Melb).
</para>
<para>Lawyer, Freehills 2001-04.
</para>
<para>Adviser to the Federal Treasurer, the Hon. PH Costello, MP 2004-05; Senior Adviser 2005-07.
</para>
<para>Executive, National Australia Bank 2007-09.
</para>
</quals.work.pre.parliament>
<electorate>
<title>Electorate</title>
<para>Description: inner metropolitan.
</para>
<para>Location: south-eastern Melbourne; it includes the suburbs of Armadale, Ashburton, Kooyong, Malvern, Malvern East, Prahran and Toorak, and parts of Carnegie, Glen Iris, Hughesdale, Murrumbeena, South Yarra and Windsor.</para>
<para>Area: 40 sq km (approx.).</para>
<para>Electors enrolled: 98 404 (at 7.9.13).</para>
<para>Industries: retail and service industries.
</para>
<para>State electorates: Higgins includes the Victorian Legislative Assembly electorate of Malvern, and parts of Burwood, Hawthorn, Oakleigh and Prahran.</para>
</electorate>
</biog.entry>