<biog.entry>
<name.id>LL6</name.id>
<name>BALDWIN, the Hon. Robert (Bob) Charles</name>
<current.mp>Yes</current.mp>
<mp.type>Member</mp.type>
<description>Biography for BALDWIN, the Hon. Robert (Bob) Charles</description>
<doc.date>05/01/2015</doc.date>
<electorate.name>Paterson</electorate.name>
<source>Parliamentary Library</source>
<state>NSW</state>
<party>LP</party>
<title>Biography for BALDWIN, the Hon. Robert (Bob) Charles</title>
<image>LL6.JPG</image>
<electorate.state.name>Member for Paterson (NSW)</electorate.state.name>
<party.name>Liberal Party of Australia</party.name>
<parliamentary.service>
<title>Parliamentary Service</title>
<para>Elected to the House of Representatives for Paterson, New South Wales, 1996. Defeated at general elections 1998. Re-elected 2001, 2004, 2007, 2010 and 2013.</para>
</parliamentary.service>
<parliamentary.positions>
<title>Parliamentary Positions</title>
<para>Member, Speaker's Panel from 16.11.04 to 7.2.06.</para>
</parliamentary.positions>
<ministerial.appointments>
<title>Ministerial Appointments</title>
<para>Parliamentary Secretary to the Minister for Industry, Tourism and Resources from 27.1.06 to 3.12.07.</para>
<para>Parliamentary Secretary to the Minister for Industry from 18.9.13 to 23.12.14.</para>
<para>Parliamentary Secretary to the Minister for the Environment from 23.12.14.</para>
</ministerial.appointments>
<committee.service>
<title>Committee Service</title>
<para>House of Representatives Standing: Communications, Transport and Microeconomic Reform from 29.5.96 to 9.10.96; Communications, Information Technology and the Arts from 20.3.02 to 31.8.04; Industry, Science and Technology from 29.5.96 to 24.9.97; Primary Industries, Resources and Rural and Regional Affairs from 29.5.96 to 29.9.97; House from 1.12.04 to 9.2.06; Members' Interests from 1.12.04 to 9.2.06; Privileges from 1.12.04 to 9.2.06; Publications from 1.12.04 to 28.2.06.</para>
<para>Joint Statutory: Broadcasting of Parliamentary Proceedings from 1.12.04 to 28.2.06; Public Accounts and Audit from 1.12.04 (Chair from 6.12.04) to 7.2.06 and from 11.3.08 to 25.9.08.</para>
<para>Joint Standing: Foreign Affairs, Defence and Trade from 18.6.96 to 31.8.98, from 20.3.02 to 26.5.05 and from 11.3.08 to 19.7.10; Treaties from 20.3.02 to 5.6.02.</para>
</committee.service>
<parliamentary.party.positions>
<title>Parliamentary Party Positions</title>
<para>Member, Opposition Shadow Ministry from 6.12.07 to 18.9.13. Shadow Minister for Defence, Science and Personnel from 6.12.07 to 14.9.10; Shadow  Minister Assisting the Shadow Minister for Defence from 6.12.07 to 22.9.08 and from 10.11.08 to 14.9.10; Shadow Minister for Regional Development from 14.9.10 to 18.9.13; Shadow Minister for Tourism from 14.9.10 to 18.9.13.</para>
</parliamentary.party.positions>
<party.positions>
<title>Party Positions</title>
<para>Member, Liberal Party Karuah Branch.</para>
</party.positions>
<personal>
<title>Personal</title>
<para>Born 9.3.1955, Gloucester, UK.</para>
<para>Married.</para>
</personal>
<quals.work.pre.parliament>
<title>Qualifications and Occupation before entering Federal Parliament</title>
<para>Company director.</para>
<para>Building investigations officer.</para>
<para>Lecturer.</para>
<para>Scuba diving instructor.</para>
<para>Marketing manager.</para>
<para>Management consultant.</para>
</quals.work.pre.parliament>
<electorate>
<title>Electorate</title>
<para>Description: rural.
</para>
<para>Location: mid-north coast of New South Wales; it includes the towns include Anna Bay, Bulahdelah, Clarence Town, Dungog, Forster, Hawks Nest, Lemon Tree Passage, Medowie, Morpeth, Nelson Bay, Paterson, Raymond Terrace, Stroud, Tuncurry and parts of Nabiac, Thornton and East Maitland.
</para>
<para>Area: 6652 sq km (approx.).
</para>
<para>Electors enrolled: 97 107 (at 7.9.13).</para>
<para>Industries: timber, beef and dairy cattle, mixed farming, maize, sawmilling, fishing and oyster farming, tourism and general engineering.
</para>
<para>State electorates: Paterson includes parts of the New South Wales Legislative Assembly electorates of Maitland, Myall Lakes, Port Stephens and Upper Hunter.</para>
</electorate>
</biog.entry>