<biog.entry>
<name.id>M3C</name.id>
<name>BANDT, Adam</name>
<current.mp>Yes</current.mp>
<mp.type>Member</mp.type>
<description>Biography for BANDT, Adam</description>
<doc.date>06/05/2015</doc.date>
<electorate.name>Melbourne</electorate.name>
<source>Parliamentary Library</source>
<state>VIC</state>
<party>TG</party>
<title>Biography for BANDT, Adam</title>
<image>m3c.jpg</image>
<electorate.state.name>Member for Melbourne (Vic)</electorate.state.name>
<party.name>The Greens</party.name>
<parliamentary.service>
<title>Parliamentary Service</title>
<para>Elected to the House of Representatives for Melbourne, Victoria, 2010 and 2013.</para>
</parliamentary.service>
<committee.service>
<title>Committee Service</title>
<para>House of Representatives Standing: Selection from 20.10.10 to 5.8.13.</para>
<para>Joint Select: Australia's Immigration Detention Network from 23.6.11 to 30.3.12; Australia's Clean Energy Future Legislation from 14.9.11 to 7.10.11.</para>
</committee.service>
<parliamentary.party.positions>
<title>Parliamentary Party Positions</title>
<para>Deputy Leader of the Australian Greens from 13.4.12 to 6.5.15.</para>
<para>Australian Greens portfolios: Employment and Workplace Relations, Emergency Services, Banking; Innovation and Industry, including High Speed Rail, Science and Research, Assisting on Climate and Energy, House of Representatives Reform from 1.7.11 to 1.7.12; Employment and Workplace Relations, Emergency Services, Banking, Innovation and Industry, including High Speed Rail, Science and Research, Assisting on Climate and Energy, House of Representatives Reform from 1.7.12 to 1.7.14; Employment and Workplace Relations, Finance, Innovation, Industry and Science from 1.7.14 to 25.5.15; Treasury, Employment and Workplace Relations, Innovation, Industry and Science, Arts from 25.5.15.</para>
</parliamentary.party.positions>
<party.positions>
<title>Party Positions</title>
<para>National Convener, Australian Greens 2009.</para>
</party.positions>
<personal>
<title>Personal</title>
<para>Born 11.3.1972, Adelaide, SA.</para>
<para>Married.</para>
</personal>
<quals.work.pre.parliament>
<title>Qualifications and Occupation before entering Federal Parliament</title>
<para>BA(Hons)(Murdoch), PhD (Monash).</para>
<para>Research officer, Swinburne Student Union 1996.</para>
<para>Research officer, Royal Melbourne Institute of Technology Student Union 1997.</para>
<para>Solicitor and Partner, Slater and Gordon 1997-2008.</para>
<para>Barrister 2008-10.</para>
</quals.work.pre.parliament>
<electorate>
<title>Electorate</title>
<para>Description: inner metropolitan.</para>
<para>Location: inner Melbourne; it includes the central business district and the suburbs of Abbotsford, Ascot Vale, Carlton, Carlton North, Collingwood, East Melbourne, Fitzroy, Flemington, Kensington, North Melbourne, Parkville, Richmond and West Melbourne, and parts of Docklands and Fitzroy North.</para>
<para>Area: 46 sq km (approx.).</para>
<para>Electors enrolled: 99 130 (at 7.9.13).</para>
<para>Industries: heavy and light engineering, extensive manufacturing, commercial and retail activities (including Melbourne markets and central business district), dockyards, clothing and footwear industries, warehousing and distribution of whitegoods.</para>
<para>State electorates: Melbourne includes the Victorian Legislative Assembly electorates of Melbourne, and parts of Brunswick, Essendon and Richmond.</para>
</electorate>
</biog.entry>