<biog.entry>
<name.id>M3E</name.id>
<name>MITCHELL, Rob</name>
<current.mp>Yes</current.mp>
<mp.type>Member</mp.type>
<description>Biography for MITCHELL, Rob</description>
<doc.date>23/07/2014</doc.date>
<electorate.name>McEwen</electorate.name>
<source>Parliamentary Library</source>
<state>VIC</state>
<party>ALP</party>
<title>Biography for MITCHELL, Rob</title>
<image>m3e.jpg</image>
<electorate.state.name>Member for McEwen (Vic)</electorate.state.name>
<party.name>Australian Labor Party</party.name>
<parliamentary.service>
<title>Parliamentary Service</title>
<para>State: elected to the Victorian Legislative Council for Central Highlands from 30.11.2002. Resigned 2006.  
</para>
<para>Federal: elected to the House of Representatives for McEwen, Victoria, 2010 and 2013.</para>
</parliamentary.service>
<parliamentary.positions>
<title>Parliamentary Positions</title>
<para>Member, Speaker's Panel from 27.2.12 to 12.11.13.</para>
<para>Second Deputy Speaker from 12.11.13.</para>
</parliamentary.positions>
<committee.service>
<title>Committee Service</title>
<para>State: Rural and Regional Services and Development 2003-06; Legislative Council Privileges Committee 2004-06.</para>
<para>Federal: House of Representatives Standing: Agriculture, Resources, Fisheries and Forestry from 25.10.10 to 5.8.13; Regional Australia from 25.10.10 to 5.8.13; Publications from 25.10.10 to 5.8.13; Selection from 14.5.13 to 5.8.13.</para>
<para>Joint Standing: National Broadband Network from 14.3.12 to 5.8.13.</para>
</committee.service>
<parliamentary.party.positions>
<title>Parliamentary Party Positions</title>
<para>Government Whip from 13.5.13 to 5.8.13.</para>
</parliamentary.party.positions>
<party.positions>
<title>Party Positions</title>
<para>Various ALP branch executive positions, 1996-2004.
</para>
<para>Delegate, ALP State Conference (Vic.) 1998-2008 and from 2011.
</para>
<para>Member, ALP Transport Policy Committee 2000-2002.
</para>
<para>Member, Country Labor 2002-2006.
</para>
<para>Delegate, ALP National Conference 2007.

</para>
<para>Member, McEwen FEA Executive from 2007.</para>
</party.positions>
<personal>
<title>Personal</title>
<para>Born 9.9.1967, Melbourne, Vic.</para>
</personal>
<quals.work.pre.parliament>
<title>Qualifications and Occupation before entering Federal Parliament</title>
<para>Diploma of Automotive Business Management.</para>
<para>Member, Institute of Automotive Mechanical Engineers.</para>
<para>Apprentice bootmaker and finisher 1983-87.</para>
<para>Tow truck operator and roadside mechanic 1987-89.</para>
<para>Sales and marketing representative 1989-2000.</para>
<para>Sales manager, truck and bus parts 1998-2000.</para>
<para>State Manager, diesel engine parts 2000-02.</para>
<para>Member, Victorian Legislative Council (see Parliamentary service above) 2002-06.</para>
<para>Senior Adviser to the Victorian Government 2006-10.</para>
</quals.work.pre.parliament>
<electorate>
<title>Electorate</title>
<para>Description: rural.</para>
<para>Location: central Victoria; it includes the centres of Broadford, Craigieburn, Doreen, Gisborne, Kilmore, Lancefield, Mernda, New Gisborne, Riddells Creek, Romsey, St Andrews, Seymour, Sunbury, Wallan and Whittlesea.</para>
<para>Area: 4592 sq km (approx.).</para>
<para>Electors enrolled: 112 012 (at 7.9.13).</para>
<para>Industries: cattle grazing, wool growing, market gardening, wines, dairying, various small businesses and tourism.</para>
<para>State electorates: McEwen includes parts of the Victorian Legislative Assembly electorates of Eildon, Euroa, Macedon, Mill Park, Sunbury, Thomastown, Yan Yean and Yuroke.</para>
</electorate>
</biog.entry>