<biog.entry>
<name.id>M56</name.id>
<name>PAYNE, the Hon. Marise Ann</name>
<current.mp>Yes</current.mp>
<mp.type>Senator</mp.type>
<description>Biography for PAYNE, the Hon. Marise Ann</description>
<doc.date>05/01/2015</doc.date>
<electorate.name>
</electorate.name>
<source>Parliamentary Library</source>
<state>NSW</state>
<party>LP</party>
<title>Biography for PAYNE, the Hon. Marise Ann</title>
<image>M56.JPG</image>
<electorate.state.name>Senator for New South Wales</electorate.state.name>
<party.name>Liberal Party of Australia</party.name>
<parliamentary.service>
<title>Parliamentary Service</title>
<para>Chosen by the Parliament of New South Wales on 9.4.1997 under section 15 of the Constitution to represent that State in the Senate, vice the Hon. RL Woods (resigned) (term ended 30.6.2002). Elected 2001 (term began 1.7.2002), 2007 and 2013.</para>
</parliamentary.service>
<ministerial.appointments>
<title>Ministerial Appointments</title>
<para>Minister for Human Services from 18.9.13.</para>
</ministerial.appointments>
<committee.service>
<title>Committee Service</title>
<para>Senate Standing: Privileges from 30.9.97 to 11.11.13; Regulations and Ordinances from 7.5.97 to 8.6.00.</para>
<para>Senate Legislative and General Purpose Standing: Legal and Constitutional: Legislation Committee from 24.11.98 (Chair from 25.11.98) to 11.9.06 and References Committee from 24.11.98 (Deputy Chair from 25.11.98) to 6.9.05; Legal and Constitutional Affairs from 11.9.06 to 11.2.08; Foreign Affairs, Defence and Trade: Legislation Committee from 3.9.97 to 11.9.06; Foreign Affairs, Defence and Trade from 11.9.06 to 11.2.08; Environment, Communications, Information Technology and the Arts: Legislation Committee from 24.11.98 to 5.4.00 and References Committee from 26.11.98 to 30.6.99; Environment, Recreation, Communications and the Arts: References Committee from 1.9.97 to 9.11.98; Economics: References Committee from 7.5.97 to 4.9.97; Community Affairs: References Committee from 4.9.97 to 3.12.98.</para>
<para>Senate Select: Housing Affordability in Australia from 14.2.08 to 16.6.08.</para>
<para>Joint Standing: Foreign Affairs, Defence and Trade from 30.6.99 to 17.10.07 and from 19.3.08 to 5.8.13.</para>
<para>Joint Select: Republic Referendum from 21.6.99 to 9.8.99.</para>
</committee.service>
<parliamentary.party.positions>
<title>Parliamentary Party Positions</title>
<para>Shadow Parliamentary Secretary for Foreign Affairs from 6.12.07 to 22.9.08; Shadow Parliamentary Secretary for International Development Assistance and Shadow Parliamentary Secretary for Indigenous Affairs from 22.9.08 to 8.12.09.</para>
<para>Member, Opposition Shadow Ministry from 8.12.09 to 18.9.13. Shadow Minister for COAG from 8.12.09 to 18.9.13; and Modernising the Federation from 8.12.09 to 14.9.10; Shadow Minister for Indigenous Development and Employment from 14.9.10 to 18.9.13; Shadow Minister for Housing from 14.9.10 to 18.9.13.</para>
</parliamentary.party.positions>
<party.positions>
<title>Party Positions</title>
<para>President, Young Liberal Movement of Australia (NSW Division) 1987-88; Federal President 1989-91.</para>
<para>Member, Liberal Party Constitution Standing Committee (NSW) 1989-96 (Chair 1990).</para>
<para>Member, Liberal Party of Australia State Executive (NSW) 1991-97.</para>
<para>Chair, Liberal Party Convention Committee (NSW) 1995.</para>
</party.positions>
<personal>
<title>Personal</title>
<para>Born 29.7.1964, Sydney, NSW.</para>
<para>Single.</para>
</personal>
<quals.work.pre.parliament>
<title>Qualifications and Occupation before entering Federal Parliament</title>
<para>BA, LLB (UNSW).</para>
<para>Political adviser 1987-95.</para>
<para>Public affairs adviser 1995-97.</para>
<para>
</para>
</quals.work.pre.parliament>
</biog.entry>