<biog.entry>
<name.id>MT4</name.id>
<name>BROADBENT, Russell Evan</name>
<current.mp>Yes</current.mp>
<mp.type>Member</mp.type>
<description>Biography for BROADBENT, Russell Evan</description>
<doc.date>25/02/2015</doc.date>
<electorate.name>McMillan</electorate.name>
<source>Parliamentary Library</source>
<state>VIC</state>
<party>LP</party>
<title>Biography for BROADBENT, Russell Evan</title>
<image>MT4.jpg</image>
<electorate.state.name>Member for McMillan (Vic)</electorate.state.name>
<party.name>Liberal Party of Australia</party.name>
<parliamentary.service>
<title>Parliamentary Service</title>
<para>Elected to the House of Representatives for Corinella, Victoria, 1990. Defeated at general elections 1993.</para>
<para>Re-elected to the House of Representatives for McMillan, Victoria, 1996. Defeated at general elections 1998. Re-elected 2004, 2007, 2010 and 2013.</para>
</parliamentary.service>
<parliamentary.positions>
<title>Parliamentary Positions</title>
<para>Member, Speaker's Panel from 18.11.13.</para>
</parliamentary.positions>
<committee.service>
<title>Committee Service</title>
<para>House of Representatives Standing: Long Term Strategies from 1.6.90 to 8.2.93; Community Affairs from 7.3.91 to 8.2.93; Industry, Science and Technology from 29.5.96 to 9.10.96; Primary Industries, Resources and Rural and Regional Affairs from 29.5.96 to 2.9.97; Legal and Constitutional Affairs from 30.5.96 to 9.10.96; Environment and Heritage from 1.12.04 to 17.10.07; House from 1.12.04 to 19.7.10 and from 4.12.13; Library from 1.12.04 to 7.12.05; Petitions from 11.3.08; Procedure from 25.10.10; Appropriations and Administration from 4.12.13; Privileges and Members' Interests from 4.12.13 (Chair from 4.12.13).</para>
<para>Joint Statutory: Public Accounts from 29.5.96 to 1.1.98; Public Accounts and Audit from 1.1.98 to 31.8.98 and from 1.12.04 to 17.10.07.</para>
<para>Joint Standing: Parliamentary Library from 28.2.06.
</para>
</committee.service>
<party.positions>
<title>Party Positions</title>
<para>Member, Liberal Party from 1980.</para>
</party.positions>
<personal>
<title>Personal</title>
<para>Born 25.12.1950 at Kooweerup, Vic.</para>
<para>Married.</para>
</personal>
<quals.work.pre.parliament>
<title>Qualifications and Occupation before entering Federal Parliament</title>
<para>Retailer in family business.</para>
<para>Company director.</para>
<para>Member, Local Government Board 1993-94.</para>
</quals.work.pre.parliament>
<local.gov.service>
<title>Local Government Service</title>
<para>Councillor, Shire of Pakenham 1981-87; Shire President 1984-85.</para>
<para>Inaugural Member, Mornington Peninsula &amp;amp; District Water Board 1983-87.</para>
<para>Member, Pakenham Water Board 1981-87.</para>
<para>Commissioner, Dandenong Valley Authority 1984-87.</para>
<para>Chairman, Westernport Development Council 1985-90.</para>
</local.gov.service>
<electorate>
<title>Electorate</title>
<para>Description: rural.</para>
<para>Location: south-eastern Victoria; it includes the towns of Drouin, Erica, Foster, Inverloch, Korumburra, Leongatha, Mirboo North, Moe, Neerim South, Newboroigh, Nyora, Pakenham, Trafalgar, Walhalla, Warragul, Wonthaggi, Yallourn North and Yarragon.</para>
<para>Area: 8358 sq km (approx.).</para>
<para>Electors enrolled: 105 739 (at 7.9.13).</para>
<para>Industries: dairy farming, fruit, forestry, potato growing, sawmilling, tourism and fishing.</para>
<para>State electorates: McMillan includes parts of the Victorian Legislative Assembly electorates of Bass, Gembrook, Gippsland South, Morwell and Narracan.</para>
</electorate>
</biog.entry>