<biog.entry>
<name.id>N26</name.id>
<name>ABETZ, the Hon. Eric</name>
<current.mp>Yes</current.mp>
<mp.type>Senator</mp.type>
<description>Biography for ABETZ, the Hon. Eric</description>
<doc.date>05/01/2015</doc.date>
<electorate.name>
</electorate.name>
<source>Parliamentary Library</source>
<state>TAS</state>
<party>LP</party>
<title>Biography for ABETZ, the Hon. Eric</title>
<image>N26.jpg</image>
<electorate.state.name>Senator for Tasmania</electorate.state.name>
<party.name>Liberal Party of Australia</party.name>
<parliamentary.service>
<title>Parliamentary Service</title>
<para>Chosen by the Parliament of Tasmania on 22.2.1994 under section 15 of the Constitution to represent that State in the Senate, vice BR Archer (resigned) (term ended 30.6.1999). Elected 1998 (term began 1.7.1999), 2004 and 2010.</para>
</parliamentary.service>
<ministerial.appointments>
<title>Ministerial Appointments</title>
<para>Parliamentary Secretary to the Minister for Defence from 21.10.98 to 30.1.01.</para>
<para>Special Minister of State from 30.1.01 to 27.1.06.</para>
<para>Minister for Fisheries, Forestry and Conservation from 27.1.06 to 3.12.07.</para>
<para>Minister for Employment from 18.9.13.</para>
<para>Minister Assisting the Prime Minister for the Public Service from 18.9.13.</para>
</ministerial.appointments>
<committee.service>
<title>Committee Service</title>
<para>Senate Standing: Regulations and Ordinances from 24.2.94 to 29.4.96; Senators' Interests from 24.3.94 to 8.2.01; Selection of Bills from 20.3.07 to 11.2.08; Procedure from 20.6.07 to 11.2.08 and from 3.2.09.</para>
<para>Senate Legislative and General Purpose Standing: Environment, Recreation and the Arts from 1.3.94 to 10.10.94; Environment, Recreation, Communications and the Arts: References Committee from 10.10.94 to 29.4.96; Legal and Constitutional: References Committee from 10.10.94 to 9.11.98 and Legislation Committee from 10.10.94 to 17.10.94 and from 8.5.96 (Chair from 3.3.97) to 9.11.98.</para>
<para>Senate Select: Unresolved Whistleblower Cases from 1.12.94 to 26.10.95; Victorian Casino Inquiry from 20.5.96 to 5.12.96.</para>
<para>Senate Estimates: D from 28.2.94 to 12.5.94; F from 12.5.94 to 10.10.94.</para>
<para>Joint Statutory: Native Title and the Aboriginal and Torres Strait Islander Land Fund from 31.5.96 to 8.2.01 (Chair from 19.6.96 to 4.6.97).</para>
<para>Joint Standing: Electoral Matters from 28.3.95 to 3.9.97; Treaties from 31.5.96 to 31.8.98.</para>
<para>Joint Select: Republic Referendum from 21.6.99 to 9.8.99.</para>
</committee.service>
<parliamentary.party.positions>
<title>Parliamentary Party Positions</title>
<para>Manager, Government Business in the Senate from 9.3.07 to 17.10.07.  
</para>
<para>Member, Opposition Shadow Ministry from 6.12.07 to 18.9.13. Shadow Minister for Innovation, Industry, Science and Research from 6.12.07 to 8.12.09; Shadow Minister for Employment and Workplace Relations from 8.12.09 to 18.9.13. 
</para>
<para>Deputy Leader of the Opposition in the Senate from 6.12.07 to 3.5.10.  
</para>
<para>Leader of the Opposition in the Senate from 3.5.10 to 18.9.13.</para>
<para>Leader of the Government in the Senate from 18.9.13.</para>
</parliamentary.party.positions>
<party.positions>
<title>Party Positions</title>
<para>President, Australian Liberal Students' Federation 1978.</para>
<para>State President, Liberal Party (Tas) 1990-94.</para>
</party.positions>
<personal>
<title>Personal</title>
<para>Born 25.1.1958, Stuttgart, Germany.</para>
<para>Married.</para>
</personal>
<quals.work.pre.parliament>
<title>Qualifications and Occupation before entering Federal Parliament</title>
<para>BA, LLB (Tas).</para>
<para>Barrister and solicitor.</para>
<para>
</para>
</quals.work.pre.parliament>
</biog.entry>