<biog.entry>
<name.id>PG6</name.id>
<name>MACKLIN, the Hon. Jennifer (Jenny) Louise</name>
<current.mp>Yes</current.mp>
<mp.type>Member</mp.type>
<description>Biography for MACKLIN, the Hon. Jennifer (Jenny) Louise</description>
<doc.date>19/03/2014</doc.date>
<electorate.name>Member for Jagajaga (Vic)</electorate.name>
<source>Parliamentary Library</source>
<state>VIC</state>
<party>ALP</party>
<title>Biography for MACKLIN, the Hon. Jennifer (Jenny) Louise</title>
<image>PG6.jpg</image>
<electorate.state.name>Member for Jagajaga (Vic)</electorate.state.name>
<party.name>Australian Labor Party</party.name>
<parliamentary.service>
<title>Parliamentary Service</title>
<para>Elected to the House of Representatives for Jagajaga, Victoria, 1996, 1998, 2001, 2004, 2007, 2010 and 2013.</para>
</parliamentary.service>
<ministerial.appointments>
<title>Ministerial Appointments</title>
<para>Minister for Families, Housing, Community Services and Indigenous Affairs from 3.12.07 to 14.12.11.</para>
<para>Minister for Families, Community Services and Indigenous Affairs from 14.12.11 to 18.9.13.</para>
<para>Minister for Disability Reform from 14.12.11 to 18.9.13.</para>
</ministerial.appointments>
<committee.service>
<title>Committee Service</title>
<para>House of Representatives Standing: Family and Community Affairs from 29.5.96 to 31.8.98; Social Policy and Legal Affairs from 4.12.13 to 18.3.14.</para>
<para>Joint Standing: National Disability Insurance Scheme from 4.12.13.</para>
</committee.service>
<parliamentary.party.positions>
<title>Parliamentary Party Positions</title>
<para>Deputy Leader of the Federal Parliamentary Labor Party from 22.11.01 to 4.12.06.</para>
<para>Member, Opposition Shadow Ministry from 19.3.96 to 3.12.07 and from 14.10.13. Shadow Minister for the Aged, Family and Community Services from 20.3.96 to 27.3.97; Shadow Minister for Social Security, the Aged and Family Services from 27.3.97 to 26.8.97; Shadow Minister for Social Security and the Aged and Assistant to the Leader of the Opposition on the Status of Women from 26.8.97 to 20.10.98; Shadow Minister for Health from 20.10.98 to 25.11.01; Shadow Minister for Status of Women from 20.10.98 to 5.9.00; Shadow Minister for Employment, Education, Training and Science from 25.11.01 to 2.7.03; Shadow Minister for Employment, Education and Training from 2.7.03 to 26.10.04; and Status of Women from 6.12.02 to 18.2.03; Shadow Minister for Education, Training, Science and Research from 26.10.04 to 10.12.06; Shadow Minister for Families and Community Services and Shadow Minister for Indigenous Affairs and Reconciliation from 10.12.06 to 3.12.07.</para>
<para>Shadow Minister for Families and Payments and Shadow Minister for Disability Reform from 18.10.13.</para>
</parliamentary.party.positions>
<party.positions>
<title>Party Positions</title>
<para>Member, ALP Manufacturing Industry Policy Committee (Vic) 1981-85.</para>
<para>Delegate, ALP State Conference (Vic) from 1995.</para>
<para>Delegate, ALP National Conference from 1998.</para>
<para>Member, ALP National Executive 1998-2001.</para>
<para>Senior Vice-President, ALP 2000-03.</para>
</party.positions>
<personal>
<title>Personal</title>
<para>Born 29.12.1953 at Brisbane, Qld.</para>
</personal>
<quals.work.pre.parliament>
<title>Qualifications and Occupation before entering Federal Parliament</title>
<para>BComm (Hons) (Melb).</para>
<para>Researcher, Australian National University 1976-78.</para>
<para>Economics Research Specialist, Legislative Research Service, Parliamentary Library, Canberra 1978-81.</para>
<para>Research Coordinator, Labor Resource Centre 1981-85.</para>
<para>Adviser to the Victorian Minister for Health, the Hon. DR White, MLC 1985-88.</para>
<para>Director, National Health Strategy 1990-93.</para>
<para>Director, Australian Urban and Regional Development Review 1993-95.</para>
</quals.work.pre.parliament>
<electorate>
<title>Electorate</title>
<para>Description: inner metropolitan.</para>
<para>Location: north-eastern Melbourne; it includes the suburbs of Bellfield, Briar Hill, Eaglemont, Eltham, Heidelberg, Heidelberg West, Ivanhoe, Kangaroo Ground, Montmorency, Research, Rosanna, St Helena, Viewbank, Warrandyte North, Watsonia and Yallambie, and parts of Bundoora, Greensborough and Macleod.</para>
<para>Area: 128 sq km (approx.).</para>
<para>Electors enrolled: 101 205 (at 7.9.13).</para>
<para>Industries: commercial and light industries, Simpson Army Barracks and Austin Hospital.</para>
<para>State electorates: Jagajaga includes the Victorian Legislative Assembly electorate of Ivanhoe, and parts of Bundoora, Eildon, Eltham and Warrandyte.</para>
</electorate>
</biog.entry>