<biog.entry>
<name.id>R36</name.id>
<name>ALBANESE, the Hon. Anthony Norman</name>
<current.mp>Yes</current.mp>
<mp.type>Member</mp.type>
<description>Biography for ALBANESE, the Hon. Anthony Norman</description>
<doc.date>16/02/2015</doc.date>
<electorate.name>Grayndler</electorate.name>
<source>Parliamentary Library</source>
<state>NSW</state>
<party>ALP</party>
<title>Biography for ALBANESE, the Hon. Anthony Norman</title>
<image>R36.jpg</image>
<electorate.state.name>Member for Grayndler (NSW)</electorate.state.name>
<party.name>Australian Labor Party</party.name>
<parliamentary.service>
<title>Parliamentary Service</title>
<para>Elected to the House of Representatives for Grayndler, New South Wales, 1996, 1998, 2001, 2004, 2007, 2010 and 2013.</para>
</parliamentary.service>
<ministerial.appointments>
<title>Ministerial Appointments</title>
<para>Minister for Infrastructure, Transport, Regional Development and Local Government from 3.12.07 to 14.9.10. 
</para>
<para>Minister for Infrastructure and Transport from 14.9.10 to 18.9.13. 
</para>
<para>Minister for Regional Development and Local Government from 25.3.13 to 1.7.13.
</para>
<para>Deputy Prime Minister from 27.6.13 to 18.9.13.  
</para>
<para>Minister for Broadband, Communications and the Digital Economy from 1.7.13 to 18.9.13.</para>
</ministerial.appointments>
<committee.service>
<title>Committee Service</title>
<para>House of Representatives Standing: Aboriginal and Torres Strait Islander Affairs from 29.5.96 to 31.8.98; Communications, Transport and Microeconomic Reform from 29.5.96 to 17.11.97; Financial Institutions and Public Administration from 29.5.96 to 31.8.98; Economics, Finance and Public Administration from 8.12.98 to 31.8.04; Ageing from 20.3.02 to 27.8.02; Education and Training from 27.8.02 to 31.8.04.</para>
<para>Joint Statutory: Public Accounts and Audit from 12.2.15.</para>
</committee.service>
<parliamentary.party.positions>
<title>Parliamentary Party Positions</title>
<para>Deputy Manager of Opposition Business in the House from 26.10.04 to 10.12.06.</para>
<para>Manager of Opposition Business in the House from 10.12.06 to 3.12.07.</para>
<para>Leader of the House from 12.2.08 to 5.8.13.</para>
<para>Deputy Leader of the Federal Parliamentary Labor Party from 26.6.13 to 14.10.13.</para>
<para>Deputy Leader of the Opposition from 18.9.13 to 14.10.13.</para>
<para>Parliamentary Secretary to the Shadow Minister for Family and Community Services and Parliamentary Secretary to the Shadow Minister for Aboriginal and Torres Strait Islander Affairs, Reconciliation and the Arts from 20.10.98 to 25.11.01.</para>
<para>Member, Opposition Shadow Ministry from 22.11.01 to 3.12.07 and from 14.10.13. Shadow Minister for Ageing and Seniors from 25.11.01 to 23.8.02; Shadow Minister for Employment Services and Training from 23.8.02 to 26.10.04; Shadow Minister for Environment and Heritage from 26.10.04 to 10.12.06; Water from 24.6.05 to 10.12.06; Water and Infrastructure from 10.12.06 to 3.12.07.
</para>
<para>Shadow Minister for Infrastructure and Transport and Shadow Minister for Tourism from 18.10.13; Shadow Minister for Cities from 24.9.14.</para>
</parliamentary.party.positions>
<party.positions>
<title>Party Positions</title>
<para>Member, ALP from 1979.</para>
<para>ALP Assistant General Secretary (NSW) 1989-95.</para>
<para>Delegate, ALP State Conference (NSW) 1983-2008.</para>
<para>President, NSW Young Labor 1985-87.</para>
<para>Delegate, ALP National Conference 1986, 1990, 1991, 1994, 1998, 2000, 2002, 2004 and 2007.</para>
<para>Member, National Organisational Review Committee 1990-94.</para>
<para>Secretary, Warren Branch 1991-99.</para>
<para>President, Grayndler Federal Electorate Council 1992-96.</para>
<para>Member, ALP National Executive from 2004.</para>
<para>Member, ALP National Executive Committee from 2004.</para>
</party.positions>
<personal>
<title>Personal</title>
<para>Born 2.3.1963, Sydney, NSW.</para>
</personal>
<quals.work.pre.parliament>
<title>Qualifications and Occupation before entering Federal Parliament</title>
<para>BEc (Syd).</para>
<para>Bank officer 1980-81.</para>
<para>Research officer to the Minister for Local Government and Administrative Services, the Hon. T Uren, MP 1985-89.</para>
<para>Party official 1989-95 (see Party Positions above).</para>
<para>Senior Policy Adviser to the Premier (NSW), the Hon. RJ Carr 1995-96. </para>
</quals.work.pre.parliament>
<electorate>
<title>Electorate</title>
<para>Description: inner metropolitan.
</para>
<para>Location: south western Sydney; it includes the suburbs of Ashfield, Dulwich Hill, Enmore, Haberfield, Hurlstone Park, Leichhardt, Lewisham, Lilyfield, Marrickville, Petersham, Stanmore, Summer Hill, Sydenham, Tempe and parts of Annandale, Ashbury, Camperdown, Canterbury, Newtown and St Peters.
</para>
<para>Area: 32 sq km (approx.).
</para>
<para>Electors enrolled: 104 808 (at 7.9.13).</para>
<para>Industries: Manufacturing and service industries, engineering works.
</para>
<para>State electorates: Grayndler includes the New South Wales Legislative Assembly electorate of Summer Hill, and parts of Balmain, Canterbury, Heffron, Newtown and Strathfield.</para>
</electorate>
</biog.entry>