<biog.entry>
<name.id>SE4</name.id>
<name>BISHOP, the Hon. Bronwyn Kathleen</name>
<current.mp>Yes</current.mp>
<mp.type>Member</mp.type>
<description>Biography for BISHOP, the Hon. Bronwyn Kathleen</description>
<doc.date>25/02/2015</doc.date>
<electorate.name>Mackellar</electorate.name>
<source>Parliamentary Library</source>
<state>NSW</state>
<party>LP</party>
<title>Biography for BISHOP, the Hon. Bronwyn Kathleen</title>
<image>SE4.JPG</image>
<electorate.state.name>Member for Mackellar (NSW)</electorate.state.name>
<party.name>Liberal Party of Australia</party.name>
<parliamentary.service>
<title>Parliamentary Service</title>
<para>Elected to the Senate for New South Wales 1987 (term deemed to have begun 1.7.1987) and 1990. Resigned 24.2.1994.</para>
<para>Elected to the House of Representatives for Mackellar, New South Wales, at by-election 26.3.94 vice the Hon. JJ Carlton (resigned). Re-elected 1996, 1998, 2001, 2004, 2007, 2010 and 2013.</para>
</parliamentary.service>
<parliamentary.positions>
<title>Parliamentary Positions</title>
<para>Member, Speaker's Panel from 16.11.04 to 17.10.07.</para>
<para>Speaker of the House of Representatives from 12.11.13.
</para>
</parliamentary.positions>
<ministerial.appointments>
<title>Ministerial Appointments</title>
<para>Minister for Defence Industry, Science and Personnel from 11.3.96 to 21.10.98.</para>
<para>Minister for Aged Care from 21.10.98 to 26.11.01. </para>
</ministerial.appointments>
<committee.service>
<title>Committee Service</title>
<para>Senate Standing: Regulations and Ordinances from 24.9.87 to 18.8.93. 
Senate Legislative and General Purpose Standing: Foreign Affairs, Defence and Trade from 11.5.90 to 18.8.93.
</para>
<para>Senate Select: Functions, Powers and Operation of the Australian Loan Council from 5.11.92 to 24.2.94.</para>
<para>Senate Estimates: A from 24.9.87 to 6.5.93; F on 10.9.91; D from 6.5.93 to 24.2.94.</para>
<para>House of Representatives Standing: Legal and Constitutional Affairs (Chair) from 20.3.02 to 31.8.04; Privileges from 20.3.02 to 31.8.04; Procedure from 20.3.02 to 17.10.07; Communications, Information Technology and the Arts from 1.12.04 to 17.10.07; Family and Human Services (Chair) from 1.12.04 to 17.10.07; Industry and Resources from 1.12.04 to 17.10.07; Health and Ageing from 3.2.10 to 19.7.10; Appropriations and Administration from 4.12.13; House (Chair) from 4.12.13; Selection (Chair) from 4.12.13.</para>
<para>Joint Statutory: Public Accounts from 7.10.87 to 24.2.94; Public Accounts and Audit from 16.8.05 to 17.10.07 and from 25.9.08 to 19.7.10; Corporations and Securities from 27.2.95 to 29.1.96; Broadcasting of Parliamentary Proceedings (Chair) from 4.12.13.</para>
<para>Joint Standing: Electoral Matters from 25.10.10 to 5.8.13.</para>
</committee.service>
<parliamentary.party.positions>
<title>Parliamentary Party Positions</title>
<para>Member, Opposition Shadow Ministry from 12.5.89 to 11.4.90, from 17.1.94 to 11.3.96, from 6.12.07 to 22.9.08 and from 8.12.09 to 18.9.13. Shadow Minister for Public Administration, Federal Affairs and Local Government from 12.5.89 to 11.4.90; Shadow Minister for Urban and Regional Strategy from 17.1.94 to 26.5.94; Shadow Minister for Health from 26.5.94 to 31.1.95; Shadow Minister for Privatisation and Commonwealth/State Relations from 31.1.95 to 11.3.96; Shadow Minister for Veterans' Affairs from 6.12.07 to 22.9.08; Shadow Minister for Seniors from 8.12.09 to 18.9.13; Shadow Special Minister of State from 14.9.10 to 18.9.13.</para>
</parliamentary.party.positions>
<party.positions>
<title>Party Positions</title>
<para>President, Liberal Party Balmoral Branch 1973-79. </para>
<para>Vice-President, Warringah Federal Electorate Conference 1978-80.</para>
<para>President, Mosman State Electorate Conference 1978-81.</para>
<para>Vice-President, Liberal Party Women's Group (NSW) 1978-81. </para>
<para>Member, Liberal Party State Executive (NSW) from 1980. </para>
<para>Delegate to Liberal Party Federal Council 1982, 1984 and 1985. </para>
<para>Chair, Liberal Party Annual State Convention (NSW) 1981-85.</para>
<para>Metropolitan Vice-President, Liberal Party (NSW) 1982-85. </para>
<para>President, Liberal Party (NSW) 1985-87.</para>
</party.positions>
<personal>
<title>Personal</title>
<para>Born 19.10.1942, Sydney, NSW.</para>
</personal>
<quals.work.pre.parliament>
<title>Qualifications and Occupation before entering Federal Parliament</title>
<para>Solicitor.</para>
<para>Company director.</para>
</quals.work.pre.parliament>
<electorate>
<title>Electorate</title>
<para>Description: outer metropolitan.
</para>
<para>Location: northern Sydney; it includes the suburbs of Avalon, Bayview, Belrose, Bilgola, Church Point, Collaroy, Cromer, Davidson, Elanora, Mona Vale, Narrabeen, Newport, Palm Beach, Scotland Island, Terrey Hills, Warriewood and parts of Beacon Hill, Dee Why, Narraweena and Frenchs Forest and Forestville.
</para>
<para>Area: 233 sq km (approx.).
</para>
<para>Electors enrolled: 102 861 (at 7.9.13).</para>
<para>Industries: light manufacturing, service industries, commercial wholesale and retail trades and tourism.
</para>
<para>State electorates: Mackellar includes the New South Wales Legislative Assembly electorate of Pittwater, and parts of Davidson and Wakehurst.
</para>
</electorate>
</biog.entry>