<biog.entry>
<name.id>VU5</name.id>
<name>GRIFFIN, the Hon. Alan Peter</name>
<current.mp>Yes</current.mp>
<mp.type>Member</mp.type>
<description>Biography for GRIFFIN, the Hon. Alan Peter</description>
<doc.date>11/02/2015</doc.date>
<electorate.name>Bruce (Vic)</electorate.name>
<source>Parliamentary Library</source>
<state>VIC</state>
<party>ALP</party>
<title>Biography for GRIFFIN, the Hon. Alan Peter</title>
<image>VU5.jpg</image>
<electorate.state.name>Member for Bruce (Vic)</electorate.state.name>
<party.name>Australian Labor Party</party.name>
<parliamentary.service>
<title>Parliamentary Service</title>
<para>Elected to the House of Representatives for Corinella, Victoria, 1993.</para>
<para>Re-elected following the 1994 electoral redistribution for Bruce, Victoria, 1996, 1998, 2001, 2004, 2007, 2010 and 2013.</para>
</parliamentary.service>
<ministerial.appointments>
<title>Ministerial Appointments</title>
<para>Minister for Veteran's Affairs from 3.12.07 to 14.9.10.</para>
<para>Cabinet Secretary from 1.7.13 to 18.9.13.</para>
<para>Parliamentary Secretary to the Prime Minister from 1.7.13 to 18.9.13.</para>
<para>Minister for Defence Personnel from 1.4.10 to 14.9.10.</para>
</ministerial.appointments>
<committee.service>
<title>Committee Service</title>
<para>House of Representatives Standing: Publications from 26.5.93 to 31.8.98; Employment, Education and Training from 27.6.94 to 13.2.97; Legal and Constitutional Affairs from 31.8.00 to 8.10.01; Economics, Finance and Public Administration from 20.3.02 to 31.8.04; Communications, Information Technology and the Arts from 2.12.04 to 25.5.06.</para>
<para>Joint Statutory: Public Accounts from 12.5.93 to 1.1.98; Public Accounts and Audit from 1.1.98 to 9.8.99 and from 20.3.02 to 31.8.04; Corporations and Financial Services from 20.3.02 to 31.8.04 and from 25.10.10 to 5.8.13; Broadcasting of Parliamentary Proceedings from 4.12.13.</para>
<para>Joint Standing: Electoral Matters from 26.5.93 to 15.5.97, from 30.10.97 to 31.8.98, from 6.9.05 to 17.10.07 and from 25.10.10; Foreign Affairs, Defence and Trade from 25.10.10 to 3.9.14, and from 10.2.15.</para>
</committee.service>
<parliamentary.party.positions>
<title>Parliamentary Party Positions</title>
<para>Parliamentary Secretary to the Shadow Minister for Health from 20.10.98 to 25.11.01; Parliamentary Secretary to the Leader of the Opposition from 25.11.01; Parliamentary Secretary to the Shadow Minister for Treasury, Finance and Small Business (Consumer Affairs and Banking Services) from 25.11.01 to 18.2.03.</para>
<para>Member, Opposition Shadow Ministry from 18.2.03 to 3.12.07. Shadow Minister for Consumer Protection and Consumer Health from 18.2.03 to 8.12.03; Shadow Minister for Consumer Affairs and Shadow Minister Assisting the Shadow Minister for Health from 8.12.03 to 26.10.04; Shadow Minister for Sport and Recreation from 26.10.04 to 24.6.05; Shadow Minister for Veterans Affairs from 24.6.05 to 3.12.07; Shadow Special Minister of State from 24.6.05 to 3.12.07; and Shadow Minister for Defence Science and Personnel from 10.12.06 to 3.12.07.</para>
</parliamentary.party.positions>
<party.positions>
<title>Party Positions</title>
<para>Member, ALP from 1979.</para>
<para>Member, ALP State Administrative Committee (Vic) 1989-91 and 1993.</para>
<para>Delegate, ALP State Conference (Vic) from 1984.</para>
<para>Secretary, ALP Springvale South Branch 1990-93.</para>
</party.positions>
<personal>
<title>Personal</title>
<para>Born 23.2.1960, Melbourne, Vic.</para>
<para>Married.</para>
</personal>
<quals.work.pre.parliament>
<title>Qualifications and Occupation before entering Federal Parliament</title>
<para>BA (ANU).</para>
<para>Public servant 1984-85.</para>
<para>Union organiser 1986 and 1988-89.</para>
<para>Electorate secretary 1987-88 and 1989-90.</para>
<para>Ministerial adviser to the Victorian State Minister for Community Services, the Hon. K Setches, MLA 1990-91.</para>
<para>Ministerial adviser to the Hon. S Crean, MP 1991-93.</para>
</quals.work.pre.parliament>
<local.gov.service>
<title>Local Government Service</title>
<para>Councillor, Springvale City Council 1991-93.</para>
</local.gov.service>
<electorate>
<title>Electorate</title>
<para>Description: outer metropolitan.</para>
<para>Location: eastern Melbourne; it includes the suburbs of Dandenong North, Glen Waverley, Mulgrave, Noble Park North, Wheelers Hill and parts of Clayton, Dandenong, Noble Park, Notting Hill and Springvale.</para>
<para>Area: 73 sq km (approx.).</para>
<para>Electors enrolled: 94 772 (at 7.9.13).</para>
<para>Industries: commercial activities including warehouse and light engineering.</para>
<para>State electorates: Bruce includes the Victorian Legislative Assembly electorate of Mulgrave, and parts of Clarinda, Dandenong, Forest Hill, Mt Waverley and Oakleigh.</para>
</electorate>
</biog.entry>