<biog.entry>
<name.id>WF6</name.id>
<name>DANBY, the Hon. Michael David</name>
<current.mp>Yes</current.mp>
<mp.type>Member</mp.type>
<description>Biography for DANBY, the Hon. Michael David</description>
<doc.date>12/12/2013</doc.date>
<electorate.name>Member for Melbourne Ports (Vic)</electorate.name>
<source>Parliamentary Library</source>
<state>VIC</state>
<party>ALP</party>
<title>Biography for DANBY, the Hon. Michael David</title>
<image>WF6.jpg</image>
<electorate.state.name>Member for Melbourne Ports (Vic)</electorate.state.name>
<party.name>Australian Labor Party</party.name>
<parliamentary.service>
<title>Parliamentary Service</title>
<para>Elected to the House of Representatives for Melbourne Ports, Victoria, 1998, 2001, 2004, 2007, 2010 and 2013. </para>
</parliamentary.service>
<ministerial.appointments>
<title>Ministerial Appointments</title>
<para>Parliamentary Secretary for the Arts from 25.3.13 to 18.9.13.</para>
</ministerial.appointments>
<committee.service>
<title>Committee Service</title>
<para>House of Representatives Standing: Privileges from 8.12.98 to 8.10.01; Selection from 18.2.02 to 17.10.07; Aboriginal and Torres Strait Islander Affairs from 20.3.02 to 20.3.03; Procedure from 4.12.13.</para>
<para>Joint Statutory: Intelligence and Security from 18.11.10 to 17.6.13.</para>
<para>Joint Standing: Electoral Matters from 8.12.98 to 4.12.00 and from 26.6.01 (Deputy Chair) to 19.7.10; Foreign Affairs, Defence and Trade from 2.12.04 to 14.5.13 and from 4.12.13; Migration from 18.2.08 to 19.7.10; Parliamentary Library from 2.12.13.</para>
<para>Joint Select: Republic Referendum from 9.6.99 to 9.8.99; Cyber-Safety from 18.3.10 to 19.7.10 and from 12.10.11 to 14.5.13.</para>
</committee.service>
<parliamentary.party.positions>
<title>Parliamentary Party Positions</title>
<para>Shadow Parliamentary Secretary to the Leader of the Opposition and Shadow Parliamentary Secretary for the Arts from 18.10.13.</para>
<para>Opposition Whip from 22.11.01 to 17.10.07. </para>
</parliamentary.party.positions>
<party.positions>
<title>Party Positions</title>
<para>Member, ALP Caucus Social Policy Committee.</para>
<para>Secretary, ALP Caucus National Security and Trade Committee. </para>
</party.positions>
<other.positions>
<title>Other Positions</title>
<para>Deputy Chair, Australia/US Parliamentary Friendship Committee.</para>
<para>Secretary, Australia/Israel Friendship Group. </para>
</other.positions>
<personal>
<title>Personal</title>
<para>Born 16.2.1955, Melbourne, Vic.</para>
<para>Married. </para>
</personal>
<quals.work.pre.parliament>
<title>Qualifications and Occupation before entering Federal Parliament</title>
<para>President, Student Council 1975-76.</para>
<para>Assistant to Mr S Lipski 1977-80.</para>
<para>Manager, HalMaag Art Gallery.</para>
<para>Assistant Private Secretary to the Hon. B Cohen, MP 1983-84.</para>
<para>Senior Vice-President, International Youth Conference, Kingston, Jamaica 1985.</para>
<para>Editor, Australia/Israel Review 1986-93.</para>
<para>Adviser to the Minister for Tourism, the Hon. AG Griffiths, MP 1993-94.</para>
<para>Industrial Officer, Shop, Distributive and Allied Employees' Association 1994-96. </para>
</quals.work.pre.parliament>
<military.service>
<title>Military Service</title>
<para>Officer Cadet Training 1980-82. </para>
</military.service>
<electorate>
<title>Electorate</title>
<para>Description: inner metropolitan.</para>
<para>Location: inner Melbourne; it includes the suburbs of Albert Park, Balaclava, Caulfield, Caulfield East, Elwood, Middle Park, Port Melbourne, Ripponlea, St Kilda, St Kilda East, St Kilda West, Southbank and South Melbourne, and parts of Docklands, Elsternwick and South Yarra.</para>
<para>Area: 40 sq km (approx.).</para>
<para>Electors enrolled: 93 616 (at 7.9.13).</para>
<para>Industries: car assembly plants, aircraft parts production, stevedoring and various manufacturing, commercial and retail industries.</para>
<para>State electorates: Melbourne Ports includes the Victorian Legislative Assembly electorate of Albert Park, and parts of Brighton, Caulfield and Prahran.</para>
</electorate>
</biog.entry>