<biog.entry>
<name.id>WN6</name.id>
<name>MACFARLANE, the Hon. Ian Elgin</name>
<current.mp>Yes</current.mp>
<mp.type>Member</mp.type>
<description>Biography for MACFARLANE, the Hon. Ian Elgin</description>
<doc.date>05/01/2015</doc.date>
<electorate.name>Groom</electorate.name>
<source>Parliamentary Library</source>
<state>QLD</state>
<party>LP</party>
<title>Biography for MACFARLANE, the Hon. Ian Elgin</title>
<image>WN6.JPG</image>
<electorate.state.name>Member for Groom (Qld)</electorate.state.name>
<party.name>Liberal Party of Australia</party.name>
<parliamentary.service>
<title>Parliamentary Service</title>
<para>Elected to the House of Representatives for Groom, Queensland, 1998, 2001, 2004, 2007, 2010 and 2013. </para>
</parliamentary.service>
<ministerial.appointments>
<title>Ministerial Appointments</title>
<para>Minister for Small Business from 30.1.01 to 26.11.01.</para>
<para>Minister for Industry, Tourism and Resources from 26.11.01 to 3.12.07. </para>
<para>Minister for Industry from 18.9.13 to 23.12.14.</para>
<para>Minister for Industry and Science from 23.12.14.</para>
</ministerial.appointments>
<committee.service>
<title>Committee Service</title>
<para>House of Representatives Standing: Primary Industries and Regional Services from 8.12.98 to 8.3.01; Library from 8.12.98 to 8.3.01; Industry, Science and Resources from 22.6.00 to 8.3.01; Infrastructure, Transport, Regional Development and Local Government from 3.2.10 to 19.7.10; Climate Change, Water, Environment and the Arts from 10.2.10 to 19.7.10.</para>
<para>Joint Standing: Foreign Affairs, Defence and Trade from 11.3.08 to 3.2.10. </para>
</committee.service>
<parliamentary.party.positions>
<title>Parliamentary Party Positions</title>
<para>Member, Opposition Shadow Ministry from 6.12.07 to 18.9.13. Shadow Minister for Trade from 6.12.07 to 22.9.08; Shadow Minister for Energy and Resources from 22.9.08 to 8.12.09 and from 25.3.10 to 18.9.13; Shadow Minister for Infrastructure and Water from 8.12.09 to 25.3.10. </para>
</parliamentary.party.positions>
<other.positions>
<title>Other Positions</title>
<para>Deputy Chair, Presiding Officers' Information Technology Advisory Group.</para>
</other.positions>
<personal>
<title>Personal</title>
<para>Born 5.4.1955 at Kingaroy, Qld.</para>
<para>Married. </para>
</personal>
<quals.work.pre.parliament>
<title>Qualifications and Occupation before entering Federal Parliament</title>
<para>Farmer.</para>
<para>President, Queensland Graingrowers Association.</para>
<para>President, Grains Council of Australia. </para>
</quals.work.pre.parliament>
<electorate>
<title>Electorate</title>
<para>Description: provincial.</para>
<para>Location: south-east Queensland, west of Brisbane; it includes the city of Toowoomba and the towns of Oakey and Pittsworth.
</para>
<para>Area: 5594 sq km (approx.).
</para>
<para>Electors enrolled: 96 926 (at 7.9.13).</para>
<para>Industries: agriculture, retailing, food processing, education, health and community services. Groom also includes the Army Aviation Centre in Oakey and the Army Signals Base at Cabarlah.</para>
<para>State electorates: Groom includes the Queensland Legislative Assembly electorates of Toowoomba North and Toowoomba South, and parts of Condamine, Lockyer, Nanango and Warrego.</para>
</electorate>
</biog.entry>