<biog.entry>
<name.id>XT4</name.id>
<name>RONALDSON, the Hon. Michael John Clyde</name>
<current.mp>Yes</current.mp>
<mp.type>Senator</mp.type>
<description>Biography for RONALDSON, the Hon. Michael John Clyde</description>
<doc.date>05/01/2015</doc.date>
<electorate.name>
</electorate.name>
<source>Parliamentary Library</source>
<state>VIC</state>
<party>LP</party>
<title>Biography for RONALDSON, the Hon. Michael John Clyde</title>
<image>XT4.JPG</image>
<electorate.state.name>Senator for Victoria</electorate.state.name>
<party.name>Liberal Party of Australia</party.name>
<parliamentary.service>
<title>Parliamentary Service</title>
<para>Elected to the House of Representatives for Ballarat, Victoria, 1990, 1993, 1996 and 1998. Retired at general elections 2001.</para>
<para>Elected to the Senate for Victoria 2004 (term began 1.7.2005) and 2010.</para>
</parliamentary.service>
<ministerial.appointments>
<title>Ministerial Appointments</title>
<para>Parliamentary Secretary to the Minister for Transport and Regional Development from 14.10.96 to 21.10.98.</para>
<para>Minister for Veterans' Affairs from 18.9.13.
</para>
<para>Minister Assisting the Prime Minister for the Centenary of ANZAC from 18.9.13.
</para>
<para>Special Minister of State from 18.9.13.
</para>
</ministerial.appointments>
<committee.service>
<title>Committee Service</title>
<para>Senate Standing: Privileges from 1.7.05 to 11.2.08; Regulations and Ordinances from 13.2.08 to 16.3.12.</para>
<para>Senate Legislative and General Purpose Standing: Environment, Communications, Information Technology and the Arts: Legislation and References Committees from 1.7.05 to 11.9.06; Environment, Communications, Information Technology and the Arts from 11.9.06 to 9.5.07; Economics from 8.2.07 (Chair from 8.2.07) to 11.2.08.</para>
<para>House of Representatives Standing: Library from 16.5.90 to 29.1.96; Legal and Constitutional Affairs from 7.3.91 to 8.2.93 and from 9.12.98 to 17.2.00; Aboriginal and Torres Strait Islander Affairs from 14.9.92 to 8.2.93; Employment, Education and Training from 29.6.94 to 29.1.96; Primary Industries, Resources and Rural and Regional Affairs from 29.5.96 (Chair from 30.5.96) to 12.12.96; Members' Interests from 29.5.96 to 14.10.96; Selection from 23.11.98 to 8.10.01; Employment, Education and Workplace Relations from 7.2.01 to 29.3.01.</para>
<para>Joint Standing: Electoral Matters from 20.3.08 to 24.6.09.</para>
</committee.service>
<parliamentary.party.positions>
<title>Parliamentary Party Positions</title>
<para>Member, Opposition Shadow Ministry from 7.4.93 to 11.3.96 and from 6.12.07 to 18.9.13. Shadow Minister for Youth, Sport and Recreation from 7.4.93 to 26.5.94; Parliamentary Secretary to the Leader of the Opposition from 26.5.94 to 26.10.94; Shadow Minister for Schools, Vocational Education and Training from 26.10.94 to 11.3.96; Shadow Cabinet Secretary from 6.12.07 to 8.12.09; Shadow Special Minister of State from 6.12.07 to 14.9.10; and Scrutiny of Government Waste from 8.12.09 to 14.9.10; Shadow Minister for Veterans' Affairs from 14.9.10 to 18.9.13; Shadow Minister Assisting the Leader of the Opposition on the Centenary of ANZAC from 3.3.11 to 18.9.13.</para>
<para>Chief Government Whip in the House of Representatives from 18.10.98 to 8.10.01.  </para>
</parliamentary.party.positions>
<party.positions>
<title>Party Positions</title>
<para>Member, Liberal Party from 1981.</para>
<para>Member, Liberal Party Administrative Committee (Vic) 2001-2004.</para>
<para>Various branch positions including President and Vice-President, Liberal Party Newington Branch.</para>
</party.positions>
<personal>
<title>Personal</title>
<para>Born 13.2.1954 at Ballarat, Vic.</para>
<para>Married.</para>
</personal>
<quals.work.pre.parliament>
<title>Qualifications and Occupation before entering Federal Parliament</title>
<para>LLB (Melb).</para>
<para>Barrister and solicitor.</para>
</quals.work.pre.parliament>
<local.gov.service>
<title>Local Government Service</title>
<para>Councillor, Ballarat City Council 1981-87.</para>
</local.gov.service>
</biog.entry>