<biog.entry>
<name.id>YT4</name.id>
<name>SCOTT, the Hon. Bruce Craig</name>
<current.mp>Yes</current.mp>
<mp.type>Member</mp.type>
<description>Biography for SCOTT, the Hon. Bruce Craig</description>
<doc.date>08/12/2014</doc.date>
<electorate.name>Member for Maranoa (Qld)</electorate.name>
<source>Parliamentary Library</source>
<state>QLD</state>
<party>NP</party>
<title>Biography for SCOTT, the Hon. Bruce Craig</title>
<image>YT4.JPG</image>
<electorate.state.name>Member for Maranoa (Qld)</electorate.state.name>
<party.name>Nationals</party.name>
<parliamentary.service>
<title>Parliamentary Service</title>
<para>Elected to the House of Representatives for Maranoa, Queensland, 1990, 1993, 1996, 1998, 2001, 2004, 2007, 2010 and 2013.</para>
</parliamentary.service>
<parliamentary.positions>
<title>Parliamentary Positions</title>
<para>Member, Speaker's Panel from 19.2.02 to 12.2.08.</para>
<para>Second Deputy Speaker from 12.2.08 to 9.10.12.</para>
<para>Deputy Speaker from 9.10.12.</para>
</parliamentary.positions>
<ministerial.appointments>
<title>Ministerial Appointments</title>
<para>Minister for Veterans' Affairs from 11.3.96 to 26.11.01.</para>
<para>Minister Assisting the Minister for Defence from 21.10.98 to 26.11.01.</para>
</ministerial.appointments>
<committee.service>
<title>Committee Service</title>
<para>House of Representatives Standing: Employment, Education and Training from 16.5.90 to 6.5.92; Community Affairs from 12.5.93 to 29.1.96; Privileges from 20.3.02 to 31.8.04; Climate Change, Water, Environment and the Arts from 11.3.08 to 19.7.10; Appropriations and Administration from 25.10.10 to 5.8.13.</para>
<para>Joint Statutory: Public Works from 10.5.90 to 8.2.93; Australian Security Intelligence Organization from 26.5.93 to 29.1.96; Intelligence and Security from 12.12.13 to 26.12.14.</para>
<para>Joint Standing: Treaties from 20.3.02 to 17.10.07; Foreign Affairs, Defence and Trade from 20.3.02; Electoral Matters from 11.3.08 to 19.7.10; National Capital and External Territories from 4.12.13.</para>
</committee.service>
<parliamentary.party.positions>
<title>Parliamentary Party Positions</title>
<para>Member, Opposition Shadow Ministry from 28.4.92 to 11.3.96. Shadow Minister for Rural and Regional Development from 28.4.92 to 26.5.94; Local Government from 26.5.94 to 11.3.96.</para>
<para>Assistant Shadow Minister for Primary Industry from 28.4.92 to 11.3.96; and Rural Matters from 25.9.94 to 11.3.96.</para>
</parliamentary.party.positions>
<party.positions>
<title>Party Positions</title>
<para>Member, Young Country Party Roma Branch.</para>
<para>Member, National Party of Australia; The Nationals and Liberal National Party (Qld) Roma Branch.</para>
<para>President, The Nationals (Qld) 2005-06.</para>
<para>Member, Coalition Policy Committees on Communications and Information Technology; Small Business, Sport and the Arts; Trade and Foreign Affairs; and Agriculture, Fisheries, Forestry and Conservation.</para>
</party.positions>
<personal>
<title>Personal</title>
<para>Born 20.10.1943, Roma, Qld.</para>
<para>Married.</para>
</personal>
<quals.work.pre.parliament>
<title>Qualifications and Occupation before entering Federal Parliament</title>
<para>Producer of stud merino sheep, wool and lambs.</para>
<para>Grain grower.</para>
<para>Australian Nuffield Farming Scholar 1983.</para>
<para>President, Queensland Merino Stud Sheep Breeders Association 1983-86.</para>
<para>President, Maranoa Graziers' Association 1987-90.</para>
<para>President, Australian Association of Stud Merino Breeders 1989-91.</para>
</quals.work.pre.parliament>
<electorate>
<title>Electorate</title>
<para>Description: rural.</para>
<para>Location: central and south-western Queensland; it includes the towns of Alpha, Aramac, Barcaldine, Bedourie, Birdsville, Blackall, Charleville, Chinchilla, Cunnamulla, Dalby, Goondiwindi, Isisford, Jericho, Jundah, Kingaroy, Longreach, Miles, Quilpie, Roma, St George, Stanthorpe, Tambo, Tara, Thargomindah, Warwick, Windorah and Winton.</para>
<para>Area: 731 297 sq km (approx.).</para>
<para>Electors enrolled: 99 608 (at 7.9.13).</para>
<para>Industries: coal, oil, gas, orchards, cotton, grain, cattle and sheep.</para>
<para>State electorates: Maranoa includes the Queensland Legislative Assembly electorate of Southern Downs, and parts of Callide, Condamine, Gregory, Mount Isa, Nanango and Warrego.</para>
</electorate>
</biog.entry>